Scope: all 34 workspace projects
✓ Lockfile passes supply-chain policies (verified 3h ago)
Lockfile is up to date, resolution step is skipped
Already up to date
.../node_modules/onnxruntime-node postinstall$ node ./script/install
.../node_modules/onnxruntime-node postinstall: Done
Ignored build scripts: @google/genai@1.52.0, protobufjs@7.6.6.
Run "pnpm approve-builds" to pick which dependencies should be allowed to run scripts.
Done in 852ms using pnpm v12.4.2
$ pnpm run verify && pnpm run test:e2e
$ pnpm run invariants && pnpm run typecheck && pnpm run lint && pnpm run test
$ node tools/check-invariants.mjs
PASS  docs-manifest-integrity
      · 32 manifest entries verified
PASS  workspace-phase-traceability
      · 33 workspace packages carry phase + status metadata
PASS  stub-marks-owning-phase
      · 7 stub files carry an owning-phase marker
PASS  node-type-stripping-syntax
      · 910 TypeScript files checked for transform-only syntax
PASS  no-committed-secrets
      · 1166 files scanned for credential patterns
PASS  pinned-dependency-specifiers
      · 125 dependency specifiers checked for pinning
PASS  scope-and-acceptance-traceability
      · 151 cited test titles checked against 450 spec files; rows that cite a path rather than a quoted title are not matched to a case
PASS  browser-entries-avoid-node-builtins
      · 220 module(s) reachable from 3 browser entry/entries
PASS  single-execution-policy-reader
      · 1 canonical policy read(s) across 467 module(s), 2 allowed to open the key
PASS  implementation-status-registry
      · 34 entries (16 implemented, 14 partial, 4 blocked, 0 not-implemented) verified against 33 workspace packages
      · 15 @status-ref reference(s) across 1001 source files
      · 18 V row(s) agree with the registry; gates #2/#3/#4/#5 represented
      · V02, runtime.local-transport cite a test a platform condition skips on some runners, so their evidence is thinner there than on this one
      · evidence is checked for existence and for a platform-conditional skip: a runtime condition that is not derived from process.platform or process.arch (an opt-in live provider, for instance) is not this check's subject
PASS  tsx-files-are-typechecked
      · 64 .tsx file(s) checked against 2 typecheck config(s) — tsconfig.json, tsconfig.web.json
PASS  pr-bodies-close-nothing
      · 10 checked-in PR body file(s) checked for a closing keyword beside an issue reference; 0 such pair(s) found

all 12 invariant checks passed
$ tsc -p tsconfig.json && tsc -p tsconfig.web.json
$ eslint .
$ vitest run

 RUN  v5.0.0 D:/wt302

HEAD is now at e405275 initial
 ✓ apps/runtime/test/run-command.spec.ts (17 tests) 3644ms
   ✓ running a real command (5)
     ✓ kills a command that overruns its deadline instead of holding the turn open 1723ms
     ✓ stops one running command by its work id and reports it as stopped, not timed out 1507ms
 ✓ packs/browser-playwright/test/injection.spec.ts (6 tests) 3670ms
   ✓ instruction text on a page is data, not authority (6)
     ✓ does not grant a capability the page asks for 412ms
     ✓ does not talk the driver out of requiring approval 303ms
     ✓ still applies approval when it was granted, so the refusal above was about approval 611ms
     ✓ does not widen the secret-entry suspension the page asks it to ignore 708ms
     ✓ does not act on a link the page supplies, because the driver acts on references it issued 969ms
     ✓ carries the injected text as page content rather than as an instruction 528ms
widget action: could not settle eff_muo86bss7208ab39 in the effect ledger (the disk is full)
 ✓ tools/test/scan-secret-history.spec.ts (5 tests) 6150ms
   ✓ secret scanning across reachable Git history (5)
     ✓ accepts clean history and scans repeated blobs only once 765ms
     ✓ finds a deleted credential in docs and never prints its value 1381ms
     ✓ includes other refs, merge results, binary bytes and every credential category 1702ms
     ✓ fails closed for a shallow clone or a non-repository 2291ms
 ✓ packages/mcp-adapters/test/stdio.spec.ts (19 tests) 7076ms
   ✓ failure modes each settle (6)
     ✓ times out a server that stops answering, instead of hanging 2576ms
   ✓ liveness (4)
     ✓ fails a ping to a server that stopped answering, within the ceiling 2638ms
 ✓ apps/runtime/test/session-preview-real.spec.ts (3 tests) 2981ms
   ✓ a frame captured from a real browser (3)
     ✓ is served back from the route under its own digest, with the size it was captured at 531ms
     ✓ changes digest when the page changes, and keeps both frames addressable 1504ms
     ✓ is not served to a caller without this node's token, and a digest it does not hold is not found 811ms
 ✓ packs/browser-playwright/test/driver.spec.ts (12 tests) 6998ms
   ✓ a managed profile is a separate identity (2)
     ✓ refuses to navigate outside the declared origins 404ms
   ✓ observation and action correlation (T53) (5)
     ✓ refuses an observation it no longer retains 319ms
     ✓ applies a click on a real element and reports it as observed 762ms
     ✓ invalidates the plan when the target version moves 778ms
   ✓ secret entry suspends capture and input (T56) (1)
     ✓ reports sensitive input once a password field has focus, and refuses input 954ms
   ✓ local stop and human takeover outrank a plan (T59) (2)
     ✓ refuses every action after a stop, including navigation 460ms
     ✓ refuses input while a human has takeover 731ms
   ✓ consequential operations and unsupported operations (2)
     ✓ refuses an unapproved submit 795ms
     ✓ refuses an operation it does not implement rather than substituting one 903ms
 ✓ packages/pi-adapter/test/scoped-fs.spec.ts (30 tests) 7786ms
   ✓ the scoped tools (15)
     ✓ returns no match from a search that has to stop its matching thread 5082ms
     ✓ refuses a find glob that cannot finish matching, instead of holding the event loop 1118ms
     ✓ matches a glob, and a pattern with no wildcard as a substring 397ms
     ✓ does not follow a symlink out of the root while searching 367ms
 ✓ apps/runtime/test/worker-process.spec.ts (7 tests) 3264ms
   ✓ the runtime starts a worker of its own (7)
     ✓ runs it in a separate process and returns the record it produced 521ms
     ✓ reports the capability it withheld when the brief does not grant it 587ms
     ✓ registers the granted capability instead of withholding it 579ms
     ✓ reports a run that demonstrated nothing as a result rather than as an error 446ms
     ✓ refuses a brief the worker cannot run, naming it as the worker's failure 513ms
     ✓ refuses to run a real model it was given no model for, rather than letting one be picked 611ms
 ✓ apps/runtime/test/process-tree.spec.ts (14 tests | 4 skipped) 9705ms
   ✓ the lifetime a stop on Windows sweeps within (3)
     ✓ ends at the child's exit, not at a stop that comes later 319ms
   ✓ stopping a command a .cmd shim started, on Windows (3)
     ✓ ends the command a shim left running when the stop comes after the shim has gone 2792ms
     ✓ ends the command a shim left running when the shim goes while the stop is under way 3219ms
     ✓ leaves alone a process the shim did not start 3240ms
 ✓ apps/runtime/test/notice-action-surfaces.spec.ts (33 tests) 4616ms
   ✓ installing a notice's update is the person's own decision (6)
     ✓ installs from the person's press, dismisses the notice, and says what the update runs without 1485ms
     ✓ installs one update once: a second press while the first is installing is told so 1681ms
 ✓ apps/runtime/test/github-signals.spec.ts (11 tests) 2470ms
   ✓ what a delivery starts (5)
     ✓ refuses to start work in a checkout that is not a clone of the repository the signal is about 594ms
     ✓ starts work in a clone of that repository, whichever way its remote is written 761ms
     ✓ asks for a token only a task's git and gh, and the repository poller, can receive, when the automation will push 518ms
 ✓ apps/runtime/test/task-browser.spec.ts (20 tests) 7115ms
   ✓ a lost submit in a real browser (1)
     ✓ leaves one unknown row, an uncertain task and one notice, and sends the form once 6133ms
 ✓ apps/runtime/test/peer-skip.spec.ts (13 tests) 6047ms
   ✓ a message given up on, to a peer that takes skips (7)
     ✓ is skipped, so what follows is delivered, and each owner is told once, with the skip audited on both sides 738ms
     ✓ settles, as uncertain, the task whose result was lost on its way back 644ms
     ✓ gives up on a hand-over queued behind an unreachable peer on its own schedule, even while the one ahead waits out its backoff, and settles it as not run 419ms
     ✓ sends every skip a long run of given-up messages needs before what the gap refuses is sent again 367ms
     ✓ tells and audits a skip only once it has read the peer's answer, so a crash or a lost answer cannot lose either 750ms
   ✓ the receiving side of a skip (2)
     ✓ tells its owner about at most 30 skips a minute from one peer, and still takes and audits the rest 647ms
   ✓ a message given up on, to a peer too old to take a skip (2)
     ✓ keeps today's behaviour, sends no skip, and tells the owner once that the pairing is stuck until that device updates 842ms
     ✓ frees itself once that device is updated: its next refusal says it takes skips, and what was lost is skipped 1080ms
 ✓ apps/runtime/test/browser-effects.spec.ts (11 tests) 6499ms
   ✓ a submit that really timed out (1)
     ✓ writes an unknown row and one notice pointing at the task, and answers nothing twice 5956ms
 ✓ packages/mcp-adapters/test/streamable-http.spec.ts (10 tests) 2924ms
   ✓ failure modes (4)
     ✓ settles a request the server never answers 1184ms
 ✓ tools/test/ci-test-scope.spec.ts (18 tests) 6594ms
   ✓ conservative documentation scope (18)
     ✓ skips runtime tests for a real prose-only commit and appends output 1811ms
     ✓ retains both sides of a source-to-documentation rename 1528ms
     ✓ keeps mixed documentation and code commits full 1499ms
     ✓ keeps empty diffs and missing or invalid bases full 1751ms
 ✓ apps/runtime/test/action-widget.spec.ts (59 tests) 8126ms
   ✓ an invoke button (15)
     ✓ promises no inbox question when the ledger could not record the call as unknown 1087ms
     ✓ ends a call past the binding's deadline as uncertain: into the ledger, recorded, and never sent again 1057ms
     ✓ reports a read that ran out of time plainly and frees the press, because nothing changed 1079ms
   ✓ a workflow button (6)
     ✓ ends a step past the total deadline as uncertain, into the ledger 1064ms
     ✓ says a read step that ran out of time changed nothing, and opens no ledger entry for it 1059ms
 ✓ apps/runtime/test/inbox.spec.ts (40 tests) 2387ms
   ✓ what is waiting for the person (13)
     ✓ finds what is open at the end of a conversation longer than a timeline page, and can decide it 410ms
 ✓ apps/runtime/test/env-file-flag.spec.ts (2 tests) 2508ms
   ✓ the node's .env file (2)
     ✓ is read by default 1200ms
     ✓ is not read with --no-env-file 1306ms
 ✓ apps/runtime/test/pi-session-watch.spec.ts (6 tests) 2671ms
   ✓ watching a session (2)
     ✓ lists sessions by their first question, and follows appended messages 2643ms
 ✓ apps/runtime/test/stop-and-audit.spec.ts (5 tests) 1984ms
   ✓ stopping a command that is running (2)
     ✓ kills it, settles the promise, and does not report success 1809ms
Preparing worktree (new branch 'clarkcant/task-task_earlier')
 ✓ apps/runtime/test/peer-notices.spec.ts (12 tests) 4151ms
   ✓ a paired Clark's notice (5)
     ✓ is recorded once in the other node's inbox, under the sender's name, however often it is sent 651ms
     ✓ is taken only under a decision of the receiving node's owner, and is refused whole when it brings anything else 747ms
     ✓ holds one peer to its rate and to its own share of the inbox, and a refusal past the rate is final 721ms
   ✓ a paired node that cannot be reached (7)
     ✓ is told once per outage, after a while, and the notice goes when the node answers again 383ms
 ✓ apps/runtime/test/worker-command-broker.spec.ts (22 tests) 2534ms
   ✓ stopping a task stops what it started on the host (1)
     ✓ ends a real command the task's worker is still running 1670ms
created a form widget package in C:\Users\admin\AppData\Local\Temp\clark-widget-detach-YTNLae
next: clark widget test C:\Users\admin\AppData\Local\Temp\clark-widget-detach-YTNLae
 ✓ packages/pi-adapter/test/sdk-compatibility.spec.ts (7 tests) 1913ms
   ✓ the extension seam this feature depends on (6)
     ✓ exports the loader, the session factory and the extension runtime 1483ms
 ✓ apps/runtime/test/automations.spec.ts (12 tests) 1790ms
   ✓ a task set up in the conversation (7)
     ✓ says once, in the inbox and its conversation, when a run that came due was refused 329ms
   ✓ quieting an automation's notices (1)
     ✓ quiets that one automation, and never another automation or a reminder 763ms
 ✓ apps/runtime/test/voice-gateway.spec.ts (43 tests) 2403ms
   ✓ a lease whose peer cannot be reached (2)
     ✓ is kept while the peer keeps answering, so a live session is never ended for being quiet 688ms
 ✓ packages/widget-cli/test/detach-real-browser.e2e.spec.ts (1 test) 778ms
   ✓ detach against a real browser (1)
     ✓ moves the lease to a real detached window and back, with never more than one owner 776ms
 ✓ apps/runtime/test/api.spec.ts (39 tests) 2452ms
   ✓ a command runs only when the user approves the one that was displayed (5)
     ✓ runs it on approval, and appends the output with its evidence 335ms
 ✓ apps/runtime/test/artifact-broker.spec.ts (31 tests) 1997ms
 ✓ packages/pi-adapter/test/skills.spec.ts (5 tests) 1551ms
   ✓ the real adapter's skills (4)
     ✓ lists personal and project skills with a revision and no path 1473ms
 ✓ apps/runtime/test/node-tools.spec.ts (11 tests) 1505ms
   ✓ the command tool obeys the execution policy (5)
     ✓ runs even when the node has nowhere to write the trail, because a record is not a permission 470ms
 ✓ apps/runtime/test/peers.spec.ts (10 tests) 1639ms
   ✓ two live hosts delegate (4)
     ✓ carries a delegation between two live hosts, and answers a replay with what was recorded 363ms
 ✓ apps/runtime/test/project-finder.spec.ts (31 tests) 1912ms
 ✓ packages/storage/test/storage.spec.ts (32 tests) 1941ms
   ✓ failure injection around a backup (V18) (6)
     ✓ keeps verifying over many rounds, so a leak or a drift fails here rather than later 852ms
 ✓ apps/runtime/test/bind-failure.spec.ts (1 test) 1540ms
   ✓ a node that cannot bind its port (1)
     ✓ names the port and says what to do, instead of a stack trace 1538ms
 ✓ apps/runtime/test/theme-routes.spec.ts (19 tests) 1919ms
 ✓ apps/runtime/test/workflow-executor.spec.ts (21 tests) 1450ms
   ✓ a run (14)
     ✓ ends a step still running at the total deadline as uncertain, with the arguments it was sent 615ms
     ✓ promises no inbox question when the ledger could not hold the call 404ms
     ✓ says a read that did not finish changed nothing, and asks nobody about it 411ms
 ✓ apps/runtime/test/package-files-route.spec.ts (14 tests) 839ms
 ✓ apps/runtime/test/open-interfaces.spec.ts (23 tests) 1259ms
 ✓ apps/runtime/test/activity-timeline.spec.ts (31 tests) 1492ms
 ✓ apps/runtime/test/artifact-viewers.spec.ts (31 tests) 1311ms
 ✓ packages/storage/test/notifications.spec.ts (40 tests) 1873ms
 ✓ apps/runtime/test/task-dispatch.spec.ts (12 tests) 1259ms
   ✓ dispatching a task runs a worker (9)
     ✓ runs a real worker child process, which honestly reports not-verified and fails the task 711ms
 ✓ apps/runtime/test/task-dispatch-scoped.spec.ts (8 tests) 13093ms
   ✓ a repository is worked on in the task's own worktree (3)
     ✓ runs a real worker whose command commits on the task's branch, and leaves the person's tree alone 3595ms
     ✓ gives each repository of one task its own worktree, and takes them all away when it ends 5984ms
     ✓ refuses a repository task on a node that keeps no place for worktrees, rather than working in place 1231ms
   ✓ stopping a task stops the commands its worker started on the host (1)
     ✓ ends a long command when the task is stopped 1958ms
 ✓ packages/capability-host/test/quarantine.spec.ts (11 tests | 1 skipped) 971ms
   ✓ the isolated build (3)
     ✓ reports a build that fails, and one that does not finish 437ms
 ✓ apps/runtime/test/pack-load.spec.ts (9 tests) 992ms
   ✓ the node's own path to loading the pack (1)
     ✓ stops reporting the pack as one no worker has loaded 688ms
created a dashboard widget package in C:\Users\admin\AppData\Local\Temp\clark-widget-Tp8kEO
next: clark widget test C:\Users\admin\AppData\Local\Temp\clark-widget-Tp8kEO
created a form widget package in C:\Users\admin\AppData\Local\Temp\clark-devhost-sXA2HH
next: clark widget test C:\Users\admin\AppData\Local\Temp\clark-devhost-sXA2HH
created a form widget package in C:\Users\admin\AppData\Local\Temp\clark-widget-zxuL91
next: clark widget test C:\Users\admin\AppData\Local\Temp\clark-widget-zxuL91
created a form widget package in C:\Users\admin\AppData\Local\Temp\clark-devhost-KT8FgD
next: clark widget test C:\Users\admin\AppData\Local\Temp\clark-devhost-KT8FgD
created a blank widget package in C:\Users\admin\AppData\Local\Temp\clark-widget-YFXksE
next: clark widget test C:\Users\admin\AppData\Local\Temp\clark-widget-YFXksE
unknown template "nope"; expected one of blank, form, dashboard
created a blank widget package in C:\Users\admin\AppData\Local\Temp\clark-widget-hcCTGp
next: clark widget test C:\Users\admin\AppData\Local\Temp\clark-widget-hcCTGp
created a form widget package in C:\Users\admin\AppData\Local\Temp\clark-devhost-SLE8KD
next: clark widget test C:\Users\admin\AppData\Local\Temp\clark-devhost-SLE8KD
created a blank widget package in C:\Users\admin\AppData\Local\Temp\clark-widget-ivf8rY
next: clark widget test C:\Users\admin\AppData\Local\Temp\clark-widget-ivf8rY
created a form widget package in C:\Users\admin\AppData\Local\Temp\clark-widget-S917Vx
next: clark widget test C:\Users\admin\AppData\Local\Temp\clark-widget-S917Vx
created a form widget package in C:\Users\admin\AppData\Local\Temp\clark-devhost-I3489J
next: clark widget test C:\Users\admin\AppData\Local\Temp\clark-devhost-I3489J
created a form widget package in C:\Users\admin\AppData\Local\Temp\clark-widget-lP2fXH
next: clark widget test C:\Users\admin\AppData\Local\Temp\clark-widget-lP2fXH
created a form widget package in C:\Users\admin\AppData\Local\Temp\clark-devhost-9kElMy
next: clark widget test C:\Users\admin\AppData\Local\Temp\clark-devhost-9kElMy
created a form widget package in C:\Users\admin\AppData\Local\Temp\clark-widget-NkqZeR
next: clark widget test C:\Users\admin\AppData\Local\Temp\clark-widget-NkqZeR
 ✓ apps/runtime/test/peer-signals.spec.ts (6 tests) 1416ms
   ✓ a paired Clark's news (6)
     ✓ is refused before it is queued when it is not a signal 323ms
created a form widget package in C:\Users\admin\AppData\Local\Temp\clark-widget-FqC3vo
next: clark widget test C:\Users\admin\AppData\Local\Temp\clark-widget-FqC3vo
created a form widget package in C:\Users\admin\AppData\Local\Temp\clark-devhost-hM2wGx
next: clark widget test C:\Users\admin\AppData\Local\Temp\clark-devhost-hM2wGx
created a blank widget package in C:\Users\admin\AppData\Local\Temp\clark-widget-RrqJXP
next: clark widget test C:\Users\admin\AppData\Local\Temp\clark-widget-RrqJXP
created a form widget package in C:\Users\admin\AppData\Local\Temp\clark-widget-LrFwXw
next: clark widget test C:\Users\admin\AppData\Local\Temp\clark-widget-LrFwXw
created a form widget package in C:\Users\admin\AppData\Local\Temp\clark-devhost-3hxCjb
next: clark widget test C:\Users\admin\AppData\Local\Temp\clark-devhost-3hxCjb
 ✓ apps/runtime/test/package-install-capability-approval.spec.ts (17 tests) 1476ms
 ✓ apps/runtime/test/mini-app-data.spec.ts (25 tests) 1268ms
created a form widget package in C:\Users\admin\AppData\Local\Temp\clark-widget-H2O6DC
next: clark widget test C:\Users\admin\AppData\Local\Temp\clark-widget-H2O6DC
created a form widget package in C:\Users\admin\AppData\Local\Temp\clark-widget-y3NTVK
next: clark widget test C:\Users\admin\AppData\Local\Temp\clark-widget-y3NTVK
created a form widget package in C:\Users\admin\AppData\Local\Temp\clark-widget-536Mud
next: clark widget test C:\Users\admin\AppData\Local\Temp\clark-widget-536Mud
created a form widget package in C:\Users\admin\AppData\Local\Temp\clark-devhost-FBJjiU
next: clark widget test C:\Users\admin\AppData\Local\Temp\clark-devhost-FBJjiU
created a form widget package in C:\Users\admin\AppData\Local\Temp\clark-widget-bke0mQ
next: clark widget test C:\Users\admin\AppData\Local\Temp\clark-widget-bke0mQ

schema
  ok   the default fixture matches the props schema — fixtures/default.json validates
  ok   malformed props are rejected — required property "title" is missing
  ok   additional props are rejected when the schema forbids them — unknown property "conformanceExtraKey"
  ok   the state version is declared — stateVersion is 0

security
  ok   a forged nonce is rejected — NONCE_MISMATCH
  ok   a message from another window is rejected — SOURCE_MISMATCH
  ok   no secret, shell or approval surface is reachable — none of readAllSecrets, shell, queryCoreDb, disableCSP, approve, installAnything, registerSidebar, grant, fs, readFile, writeFile is on the author API
  ok   the entry reaches no origin the manifest does not declare — the entry names no origin
  ok   a host-owned card cannot be minted by a widget — question-card is recognised as host-owned

lifecycle
  ok   the widget mounts on init — status after init: ready, mount handlers fired: 1
--frames C:\Users\admin\AppData\Local\Temp\clark-widget-bke0mQ\not-there.json could not be read as frame facts
  ok   a props update reaches the widget — subscribers notified: 1
  ok   suspend and resume are delivered — suspended: conformance, resumed: 1
  ok   dispose stops listening — disposed: 1, listener present: false
  ok   the declared state migration carries the previous version's fixture to a valid current state — stateVersion is 0, so there is nothing to migrate

interaction
  ok   a repeated invocation runs the action once — times run: 1
  ok   a stale state write is refused — STALE_REVISION
  ok   an action the host never accepted is refused — ACTION_UNKNOWN
  ok   the definition declares its sizing, which is what pin and detach depend on — compact: true, expanded: true
  ok   keyboard reachability — 1 reachable element(s), each with a visible focus ring
  ok   touch target size — 1 interactive element(s), all at or above the minimum
  n/a  detach keeps one live owner — needs a window that can be detached and re-attached; run the dev host's real detach/reattach and pass its facts with --frames
  n/a  a spoken action and the same click agree — needs a rendered frame and a voice session, and a voice session needs a provider account

rendering
  ok   the required fixtures are present — present: default, empty, error, compact
  ok   a text fallback is declared — textFallback: 60 characters
  ok   the narrow layout — 320px: rendered=true, overflows=false
  ok   the compact layout — 480px: rendered=true, overflows=false
  ok   the expanded layout — 1024px: rendered=true, overflows=false
  ok   the loading state — rendered=true
  ok   the read-only state — rendered=true
  ok   reduced motion — rendered with reduced motion: nothing animates, and no text sits over motion

28 passed, 0 failed, 2 need the dev host
The checks marked n/a are not verified by this command: they need a rendered frame.
created a blank widget package in C:\Users\admin\AppData\Local\Temp\clark-widget-6ZchUI
next: clark widget test C:\Users\admin\AppData\Local\Temp\clark-widget-6ZchUI
created a blank widget package in C:\Users\admin\AppData\Local\Temp\clark-widget-A3oucN
next: clark widget test C:\Users\admin\AppData\Local\Temp\clark-widget-A3oucN
created a form widget package in C:\Users\admin\AppData\Local\Temp\clark-devhost-yesBNP
next: clark widget test C:\Users\admin\AppData\Local\Temp\clark-devhost-yesBNP
created a blank widget package in C:\Users\admin\AppData\Local\Temp\clark-widget-22ejdM
next: clark widget test C:\Users\admin\AppData\Local\Temp\clark-widget-22ejdM
created a blank widget package in C:\Users\admin\AppData\Local\Temp\clark-widget-EN6iNm
next: clark widget test C:\Users\admin\AppData\Local\Temp\clark-widget-EN6iNm
created a blank widget package in C:\Users\admin\AppData\Local\Temp\clark-widget-4Dp9Rr
next: clark widget test C:\Users\admin\AppData\Local\Temp\clark-widget-4Dp9Rr
created a blank widget package in C:\Users\admin\AppData\Local\Temp\clark-widget-fODf5Z
next: clark widget test C:\Users\admin\AppData\Local\Temp\clark-widget-fODf5Z
created a blank widget package in C:\Users\admin\AppData\Local\Temp\clark-widget-YPVxwy
next: clark widget test C:\Users\admin\AppData\Local\Temp\clark-widget-YPVxwy
stderr | packages/widget-cli/test/dev-host.spec.ts > the dev host serving a catalog widget > serves the same shell, naming a catalog widget instead of a package
WebSocket server error: Port 24678 is already in use

 ✓ packages/core/test/core.spec.ts (49 tests) 1273ms
created a blank widget package in C:\Users\admin\AppData\Local\Temp\clark-widget-M4eB1e
next: clark widget test C:\Users\admin\AppData\Local\Temp\clark-widget-M4eB1e
 ✓ packs/project-work/test/worktree.spec.ts (12 tests) 18563ms
   ✓ a lock records the repository, not just the path (T15) (5)
     ✓ reads the identity of a real repository 573ms
     ✓ accepts a lock while nothing has moved 672ms
     ✓ catches HEAD moving under a running task 1212ms
     ✓ catches the same path belonging to a different repository 864ms
     ✓ does not treat a detached HEAD as a branch named HEAD 1233ms
   ✓ a dirty working tree is refused, never cleaned (T16) (7)
     ✓ refuses an uncommitted edit and names the file 2027ms
     ✓ refuses an untracked file too, because it is also work that exists nowhere else 1552ms
     ✓ leaves the user's edit exactly as it was 1870ms
     ✓ does not commit, checkout or reset anything while refusing 2168ms
     ✓ allows a clean tree 2067ms
     ✓ refuses on the lock before it even looks at the tree 3192ms
     ✓ reports a clean tree as clean 1130ms
stderr | packages/widget-cli/test/dev-host.spec.ts > the dev host serving a catalog widget > offers the entry's own fixtures, so the fixture control is not decorative
WebSocket server error: Port 24678 is already in use

 ✓ apps/runtime/test/composer-references.spec.ts (20 tests) 1109ms
created a blank widget package in C:\Users\admin\AppData\Local\Temp\clark-widget-8Jwvdx
next: clark widget test C:\Users\admin\AppData\Local\Temp\clark-widget-8Jwvdx
stderr | packages/widget-cli/test/dev-host.spec.ts > the dev host serving a catalog widget > hands the frame the fixture the shell is showing
WebSocket server error: Port 24678 is already in use

 ✓ apps/runtime/test/package-lifecycle-route.spec.ts (13 tests) 1187ms
created a blank widget package in C:\Users\admin\AppData\Local\Temp\clark-widget-SJ6Wpb
next: clark widget test C:\Users\admin\AppData\Local\Temp\clark-widget-SJ6Wpb
stderr | packages/widget-cli/test/dev-host.spec.ts > the dev host serving a catalog widget > serves the runtime module Vite builds from the workspace source
WebSocket server error: Port 24678 is already in use

created a blank widget package in C:\Users\admin\AppData\Local\Temp\clark-widget-BSxmxo
next: clark widget test C:\Users\admin\AppData\Local\Temp\clark-widget-BSxmxo
 ✓ apps/runtime/test/update-checks.spec.ts (26 tests) 1304ms

schema
  ok   the default fixture matches the props schema — fixtures/default.json validates
  ok   malformed props are rejected — required property "title" is missing
  ok   additional props are rejected when the schema forbids them — unknown property "conformanceExtraKey"
  ok   the state version is declared — stateVersion is 0

security
  ok   a forged nonce is rejected — NONCE_MISMATCH
  ok   a message from another window is rejected — SOURCE_MISMATCH
  ok   no secret, shell or approval surface is reachable — none of readAllSecrets, shell, queryCoreDb, disableCSP, approve, installAnything, registerSidebar, grant, fs, readFile, writeFile is on the author API
  ok   the entry reaches no origin the manifest does not declare — the entry names no origin
  ok   a host-owned card cannot be minted by a widget — question-card is recognised as host-owned

lifecycle
  ok   the widget mounts on init — status after init: ready, mount handlers fired: 1
  ok   a props update reaches the widget — subscribers notified: 1
  ok   suspend and resume are delivered — suspended: conformance, resumed: 1
  ok   dispose stops listening — disposed: 1, listener present: false
  ok   the declared state migration carries the previous version's fixture to a valid current state — stateVersion is 0, so there is nothing to migrate

interaction
  ok   a repeated invocation runs the action once — times run: 1
  ok   a stale state write is refused — STALE_REVISION
  ok   an action the host never accepted is refused — ACTION_UNKNOWN
  ok   the definition declares its sizing, which is what pin and detach depend on — compact: true, expanded: true
  n/a  keyboard reachability — needs a rendered frame
  n/a  touch target size — needs a rendered frame
  n/a  detach keeps one live owner — needs a window that can be detached and re-attached; run the dev host's real detach/reattach and pass its facts with --frames
  n/a  a spoken action and the same click agree — needs a rendered frame and a voice session, and a voice session needs a provider account

rendering
  ok   the required fixtures are present — present: default, empty, error, compact
  ok   a text fallback is declared — textFallback: 61 characters
  n/a  the narrow layout — needs a rendered frame at a known viewport
  n/a  the compact layout — needs a rendered frame at a known viewport
  n/a  the expanded layout — needs a rendered frame at a known viewport
  n/a  the loading state — needs a rendered frame at a known viewport
  n/a  the read-only state — needs a rendered frame at a known viewport
  n/a  reduced motion — needs a rendered frame at a known viewport

20 passed, 0 failed, 10 need the dev host
The checks marked n/a are not verified by this command: they need a rendered frame.

packed com.example.clark-widget-bsxmxo@0.1.0
  sha256:60c37da36cfa9b47b841687917e9d278c7d4bb14f543d3b5554fad7b4852ee6b
  C:\Users\admin\AppData\Local\Temp\clark-widget-BSxmxo\dist\artifact.json
created a blank widget package in C:\Users\admin\AppData\Local\Temp\clark-widget-Y4XEDC
next: clark widget test C:\Users\admin\AppData\Local\Temp\clark-widget-Y4XEDC

schema
  ok   the default fixture matches the props schema — fixtures/default.json validates
  ok   malformed props are rejected — required property "title" is missing
  ok   additional props are rejected when the schema forbids them — unknown property "conformanceExtraKey"
  ok   the state version is declared — stateVersion is 0

security
  ok   a forged nonce is rejected — NONCE_MISMATCH
  ok   a message from another window is rejected — SOURCE_MISMATCH
  ok   no secret, shell or approval surface is reachable — none of readAllSecrets, shell, queryCoreDb, disableCSP, approve, installAnything, registerSidebar, grant, fs, readFile, writeFile is on the author API
  ok   the entry reaches no origin the manifest does not declare — the entry names no origin
  ok   a host-owned card cannot be minted by a widget — question-card is recognised as host-owned

lifecycle
  ok   the widget mounts on init — status after init: ready, mount handlers fired: 1
  ok   a props update reaches the widget — subscribers notified: 1
  ok   suspend and resume are delivered — suspended: conformance, resumed: 1
  ok   dispose stops listening — disposed: 1, listener present: false
  ok   the declared state migration carries the previous version's fixture to a valid current state — stateVersion is 0, so there is nothing to migrate

interaction
  ok   a repeated invocation runs the action once — times run: 1
  ok   a stale state write is refused — STALE_REVISION
  ok   an action the host never accepted is refused — ACTION_UNKNOWN
  ok   the definition declares its sizing, which is what pin and detach depend on — compact: true, expanded: true
  n/a  keyboard reachability — needs a rendered frame
  n/a  touch target size — needs a rendered frame
  n/a  detach keeps one live owner — needs a window that can be detached and re-attached; run the dev host's real detach/reattach and pass its facts with --frames
  n/a  a spoken action and the same click agree — needs a rendered frame and a voice session, and a voice session needs a provider account

rendering
  ok   the required fixtures are present — present: default, empty, error, compact
  ok   a text fallback is declared — textFallback: 61 characters
  n/a  the narrow layout — needs a rendered frame at a known viewport
  n/a  the compact layout — needs a rendered frame at a known viewport
  n/a  the expanded layout — needs a rendered frame at a known viewport
  n/a  the loading state — needs a rendered frame at a known viewport
  n/a  the read-only state — needs a rendered frame at a known viewport
  n/a  reduced motion — needs a rendered frame at a known viewport

20 passed, 0 failed, 10 need the dev host
The checks marked n/a are not verified by this command: they need a rendered frame.

packed com.example.clark-widget-y4xedc@0.1.0
  sha256:614b9d2a055ab7027e968d292dfdf3859fe1bddc9727e9fea8c192a603c1a35a
  C:\Users\admin\AppData\Local\Temp\clark-widget-Y4XEDC\dist\artifact.json
version 0.1.0 was already packed with a different digest.
A version whose bytes changed is a different package wearing the same number; bump the version.
created a blank widget package in C:\Users\admin\AppData\Local\Temp\clark-widget-MOG1nq
next: clark widget test C:\Users\admin\AppData\Local\Temp\clark-widget-MOG1nq

schema
  ok   the default fixture matches the props schema — fixtures/default.json validates
  ok   malformed props are rejected — required property "title" is missing
  ok   additional props are rejected when the schema forbids them — unknown property "conformanceExtraKey"
  ok   the state version is declared — stateVersion is 0

security
  ok   a forged nonce is rejected — NONCE_MISMATCH
  ok   a message from another window is rejected — SOURCE_MISMATCH
  ok   no secret, shell or approval surface is reachable — none of readAllSecrets, shell, queryCoreDb, disableCSP, approve, installAnything, registerSidebar, grant, fs, readFile, writeFile is on the author API
  ok   the entry reaches no origin the manifest does not declare — the entry names no origin
  ok   a host-owned card cannot be minted by a widget — question-card is recognised as host-owned

lifecycle
  ok   the widget mounts on init — status after init: ready, mount handlers fired: 1
  ok   a props update reaches the widget — subscribers notified: 1
  ok   suspend and resume are delivered — suspended: conformance, resumed: 1
  ok   dispose stops listening — disposed: 1, listener present: false
  ok   the declared state migration carries the previous version's fixture to a valid current state — stateVersion is 0, so there is nothing to migrate

interaction
  ok   a repeated invocation runs the action once — times run: 1
  ok   a stale state write is refused — STALE_REVISION
  ok   an action the host never accepted is refused — ACTION_UNKNOWN
  ok   the definition declares its sizing, which is what pin and detach depend on — compact: true, expanded: true
  n/a  keyboard reachability — needs a rendered frame
  n/a  touch target size — needs a rendered frame
  n/a  detach keeps one live owner — needs a window that can be detached and re-attached; run the dev host's real detach/reattach and pass its facts with --frames
  n/a  a spoken action and the same click agree — needs a rendered frame and a voice session, and a voice session needs a provider account

rendering
  FAIL the required fixtures are present — missing: empty
  ok   a text fallback is declared — textFallback: 61 characters
  n/a  the narrow layout — needs a rendered frame at a known viewport
  n/a  the compact layout — needs a rendered frame at a known viewport
  n/a  the expanded layout — needs a rendered frame at a known viewport
  n/a  the loading state — needs a rendered frame at a known viewport
  n/a  the read-only state — needs a rendered frame at a known viewport
  n/a  reduced motion — needs a rendered frame at a known viewport

19 passed, 1 failed, 10 need the dev host
The checks marked n/a are not verified by this command: they need a rendered frame.

Refusing to pack a package that fails conformance.
clark widget <command> [dir]

  clark widget init <dir> [--template blank|form|dashboard]   scaffold a package
  clark widget test [dir]                                     run the conformance suite
  clark widget pack [dir]                                     build the artifact and its digest
  clark widget dev [dir] [--port N] [--builtin <id>]          run the dev host and its browser shell
  clark widget publish [dir]                                  prepare the directory submission
  clark theme init <dir>                              scaffold a data-only theme package
  clark theme dev [dir] [--port N]                     preview production components with live reload
  clark theme test [dir]                              audit documents, assets and both schemes
  clark theme pack [dir]                              pack through the shared immutable artifact path

A local path needs no account. init, test, pack and dev all work without a directory or a login.
clark widget <command> [dir]

  clark widget init <dir> [--template blank|form|dashboard]   scaffold a package
  clark widget test [dir]                                     run the conformance suite
  clark widget pack [dir]                                     build the artifact and its digest
  clark widget dev [dir] [--port N] [--builtin <id>]          run the dev host and its browser shell
  clark widget publish [dir]                                  prepare the directory submission
  clark theme init <dir>                              scaffold a data-only theme package
  clark theme dev [dir] [--port N]                     preview production components with live reload
  clark theme test [dir]                              audit documents, assets and both schemes
  clark theme pack [dir]                              pack through the shared immutable artifact path

A local path needs no account. init, test, pack and dev all work without a directory or a login.
created a blank widget package in C:\Users\admin\AppData\Local\Temp\clark-widget-OZn4JR
next: clark widget test C:\Users\admin\AppData\Local\Temp\clark-widget-OZn4JR
 ✓ apps/runtime/test/status-cards.spec.ts (22 tests) 1084ms

schema
  ok   the default fixture matches the props schema — fixtures/default.json validates
  ok   malformed props are rejected — required property "title" is missing
  ok   additional props are rejected when the schema forbids them — unknown property "conformanceExtraKey"
  ok   the state version is declared — stateVersion is 0

security
  ok   a forged nonce is rejected — NONCE_MISMATCH
  ok   a message from another window is rejected — SOURCE_MISMATCH
  ok   no secret, shell or approval surface is reachable — none of readAllSecrets, shell, queryCoreDb, disableCSP, approve, installAnything, registerSidebar, grant, fs, readFile, writeFile is on the author API
  ok   the entry reaches no origin the manifest does not declare — the entry names no origin
  ok   a host-owned card cannot be minted by a widget — question-card is recognised as host-owned

lifecycle
  ok   the widget mounts on init — status after init: ready, mount handlers fired: 1
  ok   a props update reaches the widget — subscribers notified: 1
  ok   suspend and resume are delivered — suspended: conformance, resumed: 1
  ok   dispose stops listening — disposed: 1, listener present: false
  ok   the declared state migration carries the previous version's fixture to a valid current state — stateVersion is 0, so there is nothing to migrate

interaction
  ok   a repeated invocation runs the action once — times run: 1
  ok   a stale state write is refused — STALE_REVISION
  ok   an action the host never accepted is refused — ACTION_UNKNOWN
  ok   the definition declares its sizing, which is what pin and detach depend on — compact: true, expanded: true
  n/a  keyboard reachability — needs a rendered frame
  n/a  touch target size — needs a rendered frame
  n/a  detach keeps one live owner — needs a window that can be detached and re-attached; run the dev host's real detach/reattach and pass its facts with --frames
  n/a  a spoken action and the same click agree — needs a rendered frame and a voice session, and a voice session needs a provider account

rendering
  ok   the required fixtures are present — present: default, empty, error, compact
  ok   a text fallback is declared — textFallback: 61 characters
  n/a  the narrow layout — needs a rendered frame at a known viewport
  n/a  the compact layout — needs a rendered frame at a known viewport
  n/a  the expanded layout — needs a rendered frame at a known viewport
  n/a  the loading state — needs a rendered frame at a known viewport
  n/a  the read-only state — needs a rendered frame at a known viewport
  n/a  reduced motion — needs a rendered frame at a known viewport

20 passed, 0 failed, 10 need the dev host
The checks marked n/a are not verified by this command: they need a rendered frame.

packed com.example.clark-widget-ozn4jr@0.1.0
  sha256:7163592132f06293c8de15a56323fbfe4760270a0b80ac304b6bca5254793278
  C:\Users\admin\AppData\Local\Temp\clark-widget-OZn4JR\dist\artifact.json
created a form widget package in C:\Users\admin\AppData\Local\Temp\clark-devhost-7Z8457
next: clark widget test C:\Users\admin\AppData\Local\Temp\clark-devhost-7Z8457
prepared the directory entry for com.example.clark-widget-ozn4jr@0.1.0  risk lane: isolated-ui  digest: sha256:7163592132f06293c8de15a56323fbfe4760270a0b80ac304b6bca5254793278  C:\Users\admin\AppData\Local\Temp\clark-widget-OZn4JR\dist\directory-entry.jsonSubmitting needs a directory account; a local path needs none.created a dashboard widget package in C:\Users\admin\AppData\Local\Temp\clark-widget-nkVNL1
next: clark widget test C:\Users\admin\AppData\Local\Temp\clark-widget-nkVNL1
created a form widget package in C:\Users\admin\AppData\Local\Temp\clark-devhost-j3h1BK
next: clark widget test C:\Users\admin\AppData\Local\Temp\clark-devhost-j3h1BK
 ✓ apps/runtime/test/calendar-views.spec.ts (23 tests) 1143ms

schema
  ok   the default fixture matches the props schema — fixtures/default.json validates
  ok   malformed props are rejected — required property "title" is missing
  ok   additional props are rejected when the schema forbids them — unknown property "conformanceExtraKey"
  ok   the state version is declared — stateVersion is 0

security
  ok   a forged nonce is rejected — NONCE_MISMATCH
  ok   a message from another window is rejected — SOURCE_MISMATCH
  ok   no secret, shell or approval surface is reachable — none of readAllSecrets, shell, queryCoreDb, disableCSP, approve, installAnything, registerSidebar, grant, fs, readFile, writeFile is on the author API
  ok   the entry reaches no origin the manifest does not declare — the entry names no origin
  ok   a host-owned card cannot be minted by a widget — question-card is recognised as host-owned

lifecycle
  ok   the widget mounts on init — status after init: ready, mount handlers fired: 1
  ok   a props update reaches the widget — subscribers notified: 1
  ok   suspend and resume are delivered — suspended: conformance, resumed: 1
  ok   dispose stops listening — disposed: 1, listener present: false
  ok   the declared state migration carries the previous version's fixture to a valid current state — stateVersion is 0, so there is nothing to migrate

interaction
  ok   a repeated invocation runs the action once — times run: 1
  ok   a stale state write is refused — STALE_REVISION
  ok   an action the host never accepted is refused — ACTION_UNKNOWN
  ok   the definition declares its sizing, which is what pin and detach depend on — compact: true, expanded: true
  n/a  keyboard reachability — needs a rendered frame
  n/a  touch target size — needs a rendered frame
  n/a  detach keeps one live owner — needs a window that can be detached and re-attached; run the dev host's real detach/reattach and pass its facts with --frames
  n/a  a spoken action and the same click agree — needs a rendered frame and a voice session, and a voice session needs a provider account

rendering
  ok   the required fixtures are present — present: default, empty, error, compact
  ok   a text fallback is declared — textFallback: 65 characters
  n/a  the narrow layout — needs a rendered frame at a known viewport
  n/a  the compact layout — needs a rendered frame at a known viewport
  n/a  the expanded layout — needs a rendered frame at a known viewport
  n/a  the loading state — needs a rendered frame at a known viewport
  n/a  the read-only state — needs a rendered frame at a known viewport
  n/a  reduced motion — needs a rendered frame at a known viewport

20 passed, 0 failed, 10 need the dev host
The checks marked n/a are not verified by this command: they need a rendered frame.

packed com.example.clark-widget-nkvnl1@0.1.0
  sha256:44d276dc55a9dbe06e67731162ba9983f2b003d8b795558de70c7ef6869eb7a5
  C:\Users\admin\AppData\Local\Temp\clark-widget-nkVNL1\dist\artifact.json
 ✓ apps/runtime/test/effect-reconciliation.spec.ts (13 tests) 659ms
prepared the directory entry for com.example.clark-widget-nkvnl1@0.1.0  risk lane: isolated-ui  digest: sha256:44d276dc55a9dbe06e67731162ba9983f2b003d8b795558de70c7ef6869eb7a5  C:\Users\admin\AppData\Local\Temp\clark-widget-nkVNL1\dist\directory-entry.jsonSubmitting needs a directory account; a local path needs none.created a blank widget package in C:\Users\admin\AppData\Local\Temp\clark-widget-0rE5Ze
next: clark widget test C:\Users\admin\AppData\Local\Temp\clark-widget-0rE5Ze
 ✓ packages/pi-adapter/test/pi-adapter.spec.ts (30 tests) 2332ms
   ✓ real SDK adapter availability (P0.1) (1)
     ✓ loads the installed Pi SDK and reports the required exports as present 1591ms
   ✓ a brief confined to its approved project roots (8)
     ✓ does not let a caller's own tool under a scoped name decide what the roots are 486ms

schema
  ok   the default fixture matches the props schema — fixtures/default.json validates
  ok   malformed props are rejected — required property "title" is missing
  ok   additional props are rejected when the schema forbids them — unknown property "conformanceExtraKey"
  ok   the state version is declared — stateVersion is 0

security
  ok   a forged nonce is rejected — NONCE_MISMATCH
  ok   a message from another window is rejected — SOURCE_MISMATCH
  ok   no secret, shell or approval surface is reachable — none of readAllSecrets, shell, queryCoreDb, disableCSP, approve, installAnything, registerSidebar, grant, fs, readFile, writeFile is on the author API
  ok   the entry reaches no origin the manifest does not declare — the entry names no origin
  ok   a host-owned card cannot be minted by a widget — question-card is recognised as host-owned

lifecycle
  ok   the widget mounts on init — status after init: ready, mount handlers fired: 1
  ok   a props update reaches the widget — subscribers notified: 1
  ok   suspend and resume are delivered — suspended: conformance, resumed: 1
  ok   dispose stops listening — disposed: 1, listener present: false
  ok   the declared state migration carries the previous version's fixture to a valid current state — stateVersion is 0, so there is nothing to migrate

interaction
  ok   a repeated invocation runs the action once — times run: 1
  ok   a stale state write is refused — STALE_REVISION
  ok   an action the host never accepted is refused — ACTION_UNKNOWN
  ok   the definition declares its sizing, which is what pin and detach depend on — compact: true, expanded: true
  n/a  keyboard reachability — needs a rendered frame
  n/a  touch target size — needs a rendered frame
  n/a  detach keeps one live owner — needs a window that can be detached and re-attached; run the dev host's real detach/reattach and pass its facts with --frames
  n/a  a spoken action and the same click agree — needs a rendered frame and a voice session, and a voice session needs a provider account

rendering
  ok   the required fixtures are present — present: default, empty, error, compact
  ok   a text fallback is declared — textFallback: 61 characters
  n/a  the narrow layout — needs a rendered frame at a known viewport
  n/a  the compact layout — needs a rendered frame at a known viewport
  n/a  the expanded layout — needs a rendered frame at a known viewport
  n/a  the loading state — needs a rendered frame at a known viewport
  n/a  the read-only state — needs a rendered frame at a known viewport
  n/a  reduced motion — needs a rendered frame at a known viewport

20 passed, 0 failed, 10 need the dev host
The checks marked n/a are not verified by this command: they need a rendered frame.

packed com.example.clark-widget-0re5ze@0.1.0
  sha256:45920f69148c268a8e5fbe7bf06d22afb21848e51f97ee9fccf77bf747ec77ad
  C:\Users\admin\AppData\Local\Temp\clark-widget-0rE5Ze\dist\artifact.json
 ✓ packages/widget-cli/test/dev-host.spec.ts (40 tests) 1540ms
prepared the directory entry for com.example.clark-widget-0re5ze@0.1.0  risk lane: service  digest: sha256:45920f69148c268a8e5fbe7bf06d22afb21848e51f97ee9fccf77bf747ec77ad  C:\Users\admin\AppData\Local\Temp\clark-widget-0rE5Ze\dist\directory-entry.jsonSubmitting needs a directory account; a local path needs none.created a blank widget package in C:\Users\admin\AppData\Local\Temp\clark-widget-bFS0my
next: clark widget test C:\Users\admin\AppData\Local\Temp\clark-widget-bFS0my

schema
  ok   the default fixture matches the props schema — fixtures/default.json validates
  ok   malformed props are rejected — required property "title" is missing
  ok   additional props are rejected when the schema forbids them — unknown property "conformanceExtraKey"
  ok   the state version is declared — stateVersion is 0

security
  ok   a forged nonce is rejected — NONCE_MISMATCH
  ok   a message from another window is rejected — SOURCE_MISMATCH
  ok   no secret, shell or approval surface is reachable — none of readAllSecrets, shell, queryCoreDb, disableCSP, approve, installAnything, registerSidebar, grant, fs, readFile, writeFile is on the author API
  ok   the entry reaches no origin the manifest does not declare — the entry names no origin
  ok   a host-owned card cannot be minted by a widget — question-card is recognised as host-owned

lifecycle
  ok   the widget mounts on init — status after init: ready, mount handlers fired: 1
  ok   a props update reaches the widget — subscribers notified: 1
  ok   suspend and resume are delivered — suspended: conformance, resumed: 1
  ok   dispose stops listening — disposed: 1, listener present: false
  ok   the declared state migration carries the previous version's fixture to a valid current state — stateVersion is 0, so there is nothing to migrate

interaction
  ok   a repeated invocation runs the action once — times run: 1
  ok   a stale state write is refused — STALE_REVISION
  ok   an action the host never accepted is refused — ACTION_UNKNOWN
  ok   the definition declares its sizing, which is what pin and detach depend on — compact: true, expanded: true
  n/a  keyboard reachability — needs a rendered frame
  n/a  touch target size — needs a rendered frame
  n/a  detach keeps one live owner — needs a window that can be detached and re-attached; run the dev host's real detach/reattach and pass its facts with --frames
  n/a  a spoken action and the same click agree — needs a rendered frame and a voice session, and a voice session needs a provider account

rendering
  FAIL the required fixtures are present — missing: error
  ok   a text fallback is declared — textFallback: 61 characters
  n/a  the narrow layout — needs a rendered frame at a known viewport
  n/a  the compact layout — needs a rendered frame at a known viewport
  n/a  the expanded layout — needs a rendered frame at a known viewport
  n/a  the loading state — needs a rendered frame at a known viewport
  n/a  the read-only state — needs a rendered frame at a known viewport
  n/a  reduced motion — needs a rendered frame at a known viewport

19 passed, 1 failed, 10 need the dev host
 ✓ apps/runtime/test/service-host.spec.ts (29 tests) 16210ms
   ✓ a capability another package held when this one started (1)
     ✓ is served by this package after the next reconcile once that package is gone, without restarting its service 461ms
   ✓ a tool whose input schema could stall the node (1)
     ✓ is registered as not loaded, says why, and cannot stall the node on an input made to backtrack 336ms
   ✓ a service that is not running (9)
     ✓ does not come back after a stop that landed while it was waiting to restart 1485ms
     ✓ marks the capabilities down when the service is killed, and brings it back with its data 1979ms
     ✓ reports a call whose service exits mid-call as sent, so the caller keeps it as one that may have run 472ms
     ✓ leaves a service that keeps dying stopped, and says so 801ms
   ✓ a call its caller bounds (5)
     ✓ ends a call past the caller's deadline as timed out, says it may have run, and tells the service to drop it 2826ms
     ✓ withdraws a call when the caller's signal aborts, as cancelled rather than as nothing having happened 2769ms
     ✓ never gives a call more time than the host's own ceiling, and answers a quick one as usual 1295ms
     ✓ reports a call withdrawn before it was written as not sent, so no caller treats it as one that may have run 413ms
created a blank widget package in C:\Users\admin\AppData\Local\Temp\clark-widget-2aZfZV
next: clark widget test C:\Users\admin\AppData\Local\Temp\clark-widget-2aZfZV

schema
  ok   the default fixture matches the props schema — fixtures/default.json validates
  ok   malformed props are rejected — required property "title" is missing
  ok   additional props are rejected when the schema forbids them — unknown property "conformanceExtraKey"
  ok   the state version is declared — stateVersion is 0

security
  ok   a forged nonce is rejected — NONCE_MISMATCH
  ok   a message from another window is rejected — SOURCE_MISMATCH
  ok   no secret, shell or approval surface is reachable — none of readAllSecrets, shell, queryCoreDb, disableCSP, approve, installAnything, registerSidebar, grant, fs, readFile, writeFile is on the author API
  ok   the entry reaches no origin the manifest does not declare — the entry names no origin
  ok   a host-owned card cannot be minted by a widget — question-card is recognised as host-owned

lifecycle
  ok   the widget mounts on init — status after init: ready, mount handlers fired: 1
  ok   a props update reaches the widget — subscribers notified: 1
  ok   suspend and resume are delivered — suspended: conformance, resumed: 1
  ok   dispose stops listening — disposed: 1, listener present: false
  ok   the declared state migration carries the previous version's fixture to a valid current state — stateVersion is 0, so there is nothing to migrate

interaction
  ok   a repeated invocation runs the action once — times run: 1
  ok   a stale state write is refused — STALE_REVISION
  ok   an action the host never accepted is refused — ACTION_UNKNOWN
  ok   the definition declares its sizing, which is what pin and detach depend on — compact: true, expanded: true
  n/a  keyboard reachability — needs a rendered frame
  n/a  touch target size — needs a rendered frame
  n/a  detach keeps one live owner — needs a window that can be detached and re-attached; run the dev host's real detach/reattach and pass its facts with --frames
  n/a  a spoken action and the same click agree — needs a rendered frame and a voice session, and a voice session needs a provider account

rendering
  ok   the required fixtures are present — present: default, empty, error, compact
  ok   a text fallback is declared — textFallback: 61 characters
  n/a  the narrow layout — needs a rendered frame at a known viewport
  n/a  the compact layout — needs a rendered frame at a known viewport
  n/a  the expanded layout — needs a rendered frame at a known viewport
  n/a  the loading state — needs a rendered frame at a known viewport
  n/a  the read-only state — needs a rendered frame at a known viewport
  n/a  reduced motion — needs a rendered frame at a known viewport

20 passed, 0 failed, 10 need the dev host
The checks marked n/a are not verified by this command: they need a rendered frame.

packed com.example.clark-widget-2azfzv@0.1.0
  sha256:c217e87f5cca601c5e321321342a4dbe501041fc0f8d967cd27a3bbf20c2c333
  C:\Users\admin\AppData\Local\Temp\clark-widget-2aZfZV\dist\artifact.json
The checks marked n/a are not verified by this command: they need a rendered frame.Refusing to publish a package that fails conformance.version 0.1.0 was already packed with a different digest.
A version whose bytes changed is a different package wearing the same number; bump the version.
prepared the directory entry for com.example.clark-widget-2azfzv@0.1.0  risk lane: isolated-ui  digest: sha256:c217e87f5cca601c5e321321342a4dbe501041fc0f8d967cd27a3bbf20c2c333  C:\Users\admin\AppData\Local\Temp\clark-widget-2aZfZV\dist\directory-entry.jsonSubmitting needs a directory account; a local path needs none. ✓ packages/widget-cli/test/conformance.spec.ts (35 tests) 1699ms
 ✓ apps/desktop/test/file-bridge.spec.ts (19 tests | 2 skipped) 844ms
   ✓ writing a file whole (6)
     ✓ leaves the original as it was and removes its temporary file when the write cannot finish 701ms
 ✓ packages/core/test/preference-registry.spec.ts (35 tests) 956ms
 ✓ packages/contracts/test/activity-timeline.spec.ts (25 tests) 855ms
   ✓ grouping by day (7)
     ✓ groups by the same days whatever timezone the reading process is in 827ms
 ✓ apps/runtime/test/task-dispatch-browser.spec.ts (15 tests) 16182ms
   ✓ a task dispatched to the browser (8)
     ✓ runs a worker whose lost submit becomes an unknown effect, an uncertain task and one notice 710ms
   ✓ a task dispatched to the browser, on the node's model (7)
     ✓ works the task on the node's model, offered use_browser and nothing else, with the key over stdin only 2498ms
     ✓ stops the worker at its token budget after the turn that crossed it, before asking the model again 2384ms
     ✓ ends the provider call when the person stops the task 4137ms
     ✓ keeps the key out of what comes back even when the provider's error quotes it and the quote is cut short 2820ms
     ✓ says the model answered without using the browser when it replied in words and called nothing 2770ms
 ✓ apps/runtime/test/widget-semantic.spec.ts (14 tests) 1205ms
 ✓ apps/runtime/test/input-primitives.spec.ts (20 tests) 1018ms
 ✓ packages/storage/test/artifact-refs.spec.ts (20 tests) 820ms
 ✓ packages/widget-cli/test/reference-theme-preview.spec.ts (8 tests) 17367ms
   ✓ pixel-arcade production components on this platform (4)
     ✓ pixel-arcade keeps keyboard, narrow layout and reduced motion usable at 1280 dark 2843ms
     ✓ pixel-arcade keeps keyboard, narrow layout and reduced motion usable at 1280 light 2483ms
     ✓ pixel-arcade keeps keyboard, narrow layout and reduced motion usable at 390 dark 1926ms
     ✓ pixel-arcade keeps keyboard, narrow layout and reduced motion usable at 390 light 1852ms
   ✓ neo-brutalism production components on this platform (4)
     ✓ neo-brutalism keeps keyboard, narrow layout and reduced motion usable at 1280 dark 2215ms
     ✓ neo-brutalism keeps keyboard, narrow layout and reduced motion usable at 1280 light 2216ms
     ✓ neo-brutalism keeps keyboard, narrow layout and reduced motion usable at 390 dark 1381ms
     ✓ neo-brutalism keeps keyboard, narrow layout and reduced motion usable at 390 light 1931ms
[fts-baseline] lexical 30/31 (96.8%); semantic-only 2/8 (25.0%) — the gap Phase 10 must close
lexical failures:
  phân tích cảm xúc khách hàng → expected (nothing), got msg_meeting
 ✓ apps/cli/test/cli.spec.ts (15 tests) 905ms
 ✓ apps/runtime/test/notice-operations.spec.ts (17 tests) 916ms
 ✓ apps/runtime/test/app-intents.spec.ts (21 tests) 1153ms
 ✓ apps/runtime/test/github-polling.spec.ts (10 tests) 686ms
 ✓ apps/runtime/test/artifact-server.spec.ts (8 tests) 722ms
 ✓ apps/runtime/test/session-search.spec.ts (22 tests) 1032ms
 ✓ apps/runtime/test/attachment-routes.spec.ts (15 tests) 808ms
 ✓ apps/runtime/test/mini-app-compose.spec.ts (16 tests) 818ms
 ✓ apps/runtime/test/xy-charts.spec.ts (20 tests) 995ms
 ✓ packages/design-tokens/test/identity-protected.spec.ts (16 tests) 995ms
   ✓ identity (3)
     ✓ writes only closed names and host-written values for every recipe and effect at every bound 945ms
 ✓ apps/runtime/test/control-app-tool.spec.ts (20 tests) 925ms
 ✓ packages/contracts/test/calendar-view.spec.ts (25 tests) 779ms
   ✓ times without an offset (3)
     ✓ places the same rows on the same days whatever timezone the reading process is in 757ms
 ✓ apps/runtime/test/embeddings-local.spec.ts (4 tests | 1 skipped) 587ms
   ✓ loading (2)
     ✓ returns a reason, not an exception, when the model cannot be used 583ms
 ✓ packages/core/test/hardening.spec.ts (22 tests) 574ms
 ✓ packages/core/test/automation.spec.ts (22 tests) 504ms
 ✓ packages/widget-host/test/session.spec.ts (44 tests) 753ms
   ✓ the artifacts@1 extension (14)
     ✓ keeps only the latest entries of what the frame said, so a frame that keeps asking cannot grow the record 608ms
 ✓ apps/runtime/test/jev-decider.spec.ts (19 tests) 813ms
 ✓ apps/runtime/test/task-dispatch-project-work-pack.spec.ts (2 tests) 709ms
   ✓ dispatching project.code.change@1 through the project-work pack (2)
     ✓ runs a real worker child that calls write_project_file, and settles the task succeeded with evidence 707ms
 ✓ apps/runtime/test/preference-routes.spec.ts (15 tests) 725ms
 ✓ apps/runtime/test/j1-journey.spec.ts (20 tests) 621ms
 ✓ apps/runtime/test/work-recovery.spec.ts (14 tests) 645ms
 ✓ apps/runtime/test/webhook-signals.spec.ts (7 tests) 433ms
 ✓ apps/runtime/test/activity-route.spec.ts (12 tests) 680ms
 ✓ apps/runtime/test/compose-layout.spec.ts (13 tests) 652ms
 ✓ apps/runtime/test/browser-task-tool.spec.ts (15 tests) 707ms
 ✓ apps/runtime/test/attachment-in-turn.spec.ts (12 tests) 737ms
 ✓ apps/runtime/test/artifact-transfer.spec.ts (13 tests) 456ms
 ✓ apps/runtime/test/task-approval-decide.spec.ts (7 tests) 464ms
 ✓ apps/runtime/test/install-approval.spec.ts (13 tests) 17809ms
   ✓ an install the policy asks about waits in the inbox (2)
     ✓ is listed under waiting with the package, the version, what it asks for and the artifact it is about 1241ms
     ✓ is not listed once the directory no longer lists the artifact it asked about 1191ms
   ✓ the person's answer (3)
     ✓ installs on Approve, through the same install, once 1756ms
     ✓ installs nothing on Deny 1028ms
     ✓ installs nothing once the approval has expired, decided late or swept 1089ms
   ✓ settling an expired install approval (1)
     ✓ leaves one the person decided between the sweep's read and its write as they decided it 804ms
   ✓ an approval stays bound to the artifact it was given for (4)
     ✓ does not install a listing republished after the ask, and leaves the question as it was 1492ms
     ✓ refuses a decision made on another digest than the one asked about 1108ms
     ✓ has the install itself refuse an approval given for another artifact 1770ms
     ✓ still honours a policy that now forbids installing, even after Approve 1056ms
   ✓ machine surfaces cannot install or decide an install (3)
     ✓ lists both routes as person-only, matching the raw segments 1287ms
     ✓ refuses a request the MCP endpoint or the relay forwarded, and installs nothing 2680ms
     ✓ gives the model no way to install: the package tool lists, uninstalls, restores and rolls back only 1305ms
 ✓ packages/conversation-client/test/attachments.spec.ts (11 tests) 559ms
   ✓ encoding the bytes (2)
     ✓ encodes a file larger than the argument limit without overflowing the stack 550ms
 ✓ apps/runtime/test/read-attachment-tool.spec.ts (11 tests) 552ms
 ✓ apps/runtime/test/peer-transport-answer.spec.ts (5 tests) 601ms
 ✓ apps/runtime/test/attachments.spec.ts (15 tests) 579ms
 ✓ apps/runtime/test/table-export-route.spec.ts (12 tests) 619ms
 ✓ packages/core/test/execution-policy-migration.spec.ts (20 tests) 493ms
 ✓ apps/runtime/test/vector-index.spec.ts (14 tests) 607ms
 ✓ apps/runtime/test/conversation-delete.spec.ts (15 tests) 577ms
 ✓ apps/runtime/test/stop-turn.spec.ts (8 tests) 603ms
 ✓ packages/core/test/consent.spec.ts (21 tests) 539ms
 ✓ apps/runtime/test/composition-graph.spec.ts (9 tests) 569ms
 ✓ apps/runtime/test/installed-widgets-route.spec.ts (7 tests) 457ms
 ✓ packages/widget-cli/test/theme-dev-host.spec.ts (2 tests) 715ms
   ✓ the production theme author dev host (2)
     ✓ serves checked theme data and the production module entry, refusing other origins and package file browsing 499ms
 ✓ apps/runtime/test/delegated-artifacts.spec.ts (18 tests) 547ms
 ✓ apps/runtime/test/widget-state-route.spec.ts (8 tests) 493ms
 ✓ apps/runtime/test/mini-app-actions.spec.ts (11 tests) 540ms
 ✓ apps/runtime/test/expiry-notices.spec.ts (8 tests) 540ms
 ✓ packs/google-calendar/test/connector.spec.ts (6 tests) 468ms
   ✓ writing through the connector (3)
     ✓ reports a write that timed out as unknown, not as failed 319ms
 ✓ apps/runtime/test/memory.spec.ts (11 tests) 406ms
 ✓ apps/runtime/test/hybrid-rank.spec.ts (13 tests) 501ms
 ✓ packages/core/test/install-from-source.spec.ts (20 tests) 490ms
 ✓ apps/runtime/test/suggestions.spec.ts (12 tests) 439ms
 ✓ packages/core/test/surface-snapshot.spec.ts (10 tests) 383ms
 ✓ packages/conversation-client/test/appearance.spec.ts (15 tests) 486ms
 ✓ packages/storage/test/secrets.spec.ts (11 tests) 410ms
 ✓ apps/runtime/test/secret-broker.spec.ts (11 tests) 410ms
 ✓ apps/runtime/test/effect-notices.spec.ts (9 tests) 552ms
 ✓ apps/runtime/test/frame-grant-lifetime.spec.ts (7 tests) 475ms
 ✓ packages/core/test/onboarding.spec.ts (18 tests) 463ms
 ✓ packages/widget-cli/test/theme-cli.spec.ts (11 tests) 579ms
 ✓ apps/worker/test/worker.spec.ts (29 tests) 160ms
 ✓ packages/core/test/widget-lifecycle.spec.ts (18 tests) 468ms
 ✓ apps/runtime/test/autonomy-settings.spec.ts (13 tests) 454ms
 ✓ apps/runtime/test/package-install-legacy-grant-resolution.spec.ts (8 tests) 406ms
 ✓ apps/runtime/test/model-bootstrap-routing.spec.ts (7 tests) 383ms
 ✓ apps/runtime/test/conductor-routing.spec.ts (7 tests) 434ms
 ✓ packages/storage/test/peer-delivery-state.spec.ts (13 tests) 338ms
 ✓ apps/runtime/test/attachment-server.spec.ts (4 tests) 318ms
 ✓ packages/storage/test/audit.spec.ts (7 tests) 275ms
 ✓ packages/core/test/effect-reconciliation.spec.ts (12 tests) 289ms
 ✓ apps/runtime/test/session-store.spec.ts (8 tests) 315ms
 ✓ packages/core/test/package-uninstall.spec.ts (11 tests) 254ms
 ✓ packages/core/test/widget-state-patch.spec.ts (14 tests) 321ms
 ✓ packages/core/test/mini-app-ownership.spec.ts (12 tests) 310ms
 ✓ packages/integration-sdk/test/token-exchange.spec.ts (8 tests) 176ms
 ✓ packages/node-link/test/node-link.spec.ts (12 tests) 276ms
 ✓ apps/runtime/test/app-intents-appearance.spec.ts (8 tests) 219ms
 ✓ packages/capability-host/test/dependency-lock.spec.ts (23 tests) 559ms
 ✓ packages/widget-cli/test/reference-themes.spec.ts (8 tests) 252ms
 ✓ packages/storage/test/outbox-backoff.spec.ts (10 tests) 238ms
 ✓ packages/integration-sdk/test/calendar-api.spec.ts (9 tests) 197ms
 ✓ apps/runtime/test/background-route.spec.ts (5 tests) 239ms
 ✓ apps/runtime/test/command-policy.spec.ts (27 tests) 263ms
created a blank widget package in C:\Users\admin\AppData\Local\Temp\clark-widget-XKkj9f
next: clark widget test C:\Users\admin\AppData\Local\Temp\clark-widget-XKkj9f
 ✓ apps/runtime/test/request-secret.spec.ts (5 tests) 245ms

schema
  ok   the default fixture matches the props schema — fixtures/default.json validates
  ok   malformed props are rejected — required property "title" is missing
  ok   additional props are rejected when the schema forbids them — unknown property "conformanceExtraKey"
  ok   the state version is declared — stateVersion is 0

security
  ok   a forged nonce is rejected — NONCE_MISMATCH
  ok   a message from another window is rejected — SOURCE_MISMATCH
  ok   no secret, shell or approval surface is reachable — none of readAllSecrets, shell, queryCoreDb, disableCSP, approve, installAnything, registerSidebar, grant, fs, readFile, writeFile is on the author API
  ok   the entry reaches no origin the manifest does not declare — the entry names no origin
  ok   a host-owned card cannot be minted by a widget — question-card is recognised as host-owned

lifecycle
  ok   the widget mounts on init — status after init: ready, mount handlers fired: 1
  ok   a props update reaches the widget — subscribers notified: 1
  ok   suspend and resume are delivered — suspended: conformance, resumed: 1
  ok   dispose stops listening — disposed: 1, listener present: false
  ok   the declared state migration carries the previous version's fixture to a valid current state — stateVersion is 0, so there is nothing to migrate

interaction
  ok   a repeated invocation runs the action once — times run: 1
  ok   a stale state write is refused — STALE_REVISION
  ok   an action the host never accepted is refused — ACTION_UNKNOWN
  ok   the definition declares its sizing, which is what pin and detach depend on — compact: true, expanded: true
  n/a  keyboard reachability — needs a rendered frame
  n/a  touch target size — needs a rendered frame
  n/a  detach keeps one live owner — needs a window that can be detached and re-attached; run the dev host's real detach/reattach and pass its facts with --frames
  n/a  a spoken action and the same click agree — needs a rendered frame and a voice session, and a voice session needs a provider account

rendering
  ok   the required fixtures are present — present: default, empty, error, compact
  ok   a text fallback is declared — textFallback: 61 characters
  n/a  the narrow layout — needs a rendered frame at a known viewport
  n/a  the compact layout — needs a rendered frame at a known viewport
  n/a  the expanded layout — needs a rendered frame at a known viewport
  n/a  the loading state — needs a rendered frame at a known viewport
  n/a  the read-only state — needs a rendered frame at a known viewport
  n/a  reduced motion — needs a rendered frame at a known viewport

20 passed, 0 failed, 10 need the dev host
The checks marked n/a are not verified by this command: they need a rendered frame.

packed com.example.clark-widget-xkkj9f@0.1.0
  sha256:5dbf06bf66c77961e588d02a7bfb18ef58452612fafd42c2abaee0a78bfd9e61
  C:\Users\admin\AppData\Local\Temp\clark-widget-XKkj9f\dist\artifact.json
prepared the directory entry for com.example.clark-widget-xkkj9f@0.1.0  risk lane: isolated-ui  digest: sha256:5dbf06bf66c77961e588d02a7bfb18ef58452612fafd42c2abaee0a78bfd9e61  C:\Users\admin\AppData\Local\Temp\clark-widget-XKkj9f\dist\directory-entry.jsonSubmitting needs a directory account; a local path needs none.
schema
  ok   the default fixture matches the props schema — fixtures/default.json validates
  ok   malformed props are rejected — required property "title" is missing
  ok   additional props are rejected when the schema forbids them — unknown property "conformanceExtraKey"
  ok   the state version is declared — stateVersion is 0

security
  ok   a forged nonce is rejected — NONCE_MISMATCH
  ok   a message from another window is rejected — SOURCE_MISMATCH
  ok   no secret, shell or approval surface is reachable — none of readAllSecrets, shell, queryCoreDb, disableCSP, approve, installAnything, registerSidebar, grant, fs, readFile, writeFile is on the author API
  ok   the entry reaches no origin the manifest does not declare — the entry names no origin
  ok   a host-owned card cannot be minted by a widget — question-card is recognised as host-owned

lifecycle
  ok   the widget mounts on init — status after init: ready, mount handlers fired: 1
  ok   a props update reaches the widget — subscribers notified: 1
  ok   suspend and resume are delivered — suspended: conformance, resumed: 1
  ok   dispose stops listening — disposed: 1, listener present: false
  ok   the declared state migration carries the previous version's fixture to a valid current state — stateVersion is 0, so there is nothing to migrate

interaction
  ok   a repeated invocation runs the action once — times run: 1
  ok   a stale state write is refused — STALE_REVISION
  ok   an action the host never accepted is refused — ACTION_UNKNOWN
  ok   the definition declares its sizing, which is what pin and detach depend on — compact: true, expanded: true
  n/a  keyboard reachability — needs a rendered frame
  n/a  touch target size — needs a rendered frame
  n/a  detach keeps one live owner — needs a window that can be detached and re-attached; run the dev host's real detach/reattach and pass its facts with --frames
  n/a  a spoken action and the same click agree — needs a rendered frame and a voice session, and a voice session needs a provider account

rendering
  ok   the required fixtures are present — present: default, empty, error, compact
  ok   a text fallback is declared — textFallback: 61 characters
  n/a  the narrow layout — needs a rendered frame at a known viewport
  n/a  the compact layout — needs a rendered frame at a known viewport
  n/a  the expanded layout — needs a rendered frame at a known viewport
  n/a  the loading state — needs a rendered frame at a known viewport
  n/a  the read-only state — needs a rendered frame at a known viewport
  n/a  reduced motion — needs a rendered frame at a known viewport

20 passed, 0 failed, 10 need the dev host
The checks marked n/a are not verified by this command: they need a rendered frame.

packed com.example.clark-widget-xkkj9f@0.2.0
  sha256:d375851641eae0070b727fde9b4cbaeffe5bf655d8469771a9810d65ff80a8bc
  C:\Users\admin\AppData\Local\Temp\clark-widget-XKkj9f\dist\artifact.json
Refusing to publish com.example.clark-widget-xkkj9f@0.2.0:
  com.example.clark-widget-xkkj9f.main@1: stateSchema changed but stateVersion is still 0; raise it and add a migration step
 ✓ packages/core/test/installed-widgets.spec.ts (11 tests) 177ms

schema
  ok   the default fixture matches the props schema — fixtures/default.json validates
  ok   malformed props are rejected — required property "title" is missing
  ok   additional props are rejected when the schema forbids them — unknown property "conformanceExtraKey"
  ok   the state version is declared — stateVersion is 1

security
  ok   a forged nonce is rejected — NONCE_MISMATCH
  ok   a message from another window is rejected — SOURCE_MISMATCH
  ok   no secret, shell or approval surface is reachable — none of readAllSecrets, shell, queryCoreDb, disableCSP, approve, installAnything, registerSidebar, grant, fs, readFile, writeFile is on the author API
  ok   the entry reaches no origin the manifest does not declare — the entry names no origin
  ok   a host-owned card cannot be minted by a widget — question-card is recognised as host-owned

lifecycle
  ok   the widget mounts on init — status after init: ready, mount handlers fired: 1
  ok   a props update reaches the widget — subscribers notified: 1
  ok   suspend and resume are delivered — suspended: conformance, resumed: 1
  ok   dispose stops listening — disposed: 1, listener present: false
  ok   the declared state migration carries the previous version's fixture to a valid current state — fixtures/state-v0.json migrates to a state stateSchema accepts (1 operation)

interaction
  ok   a repeated invocation runs the action once — times run: 1
  ok   a stale state write is refused — STALE_REVISION
  ok   an action the host never accepted is refused — ACTION_UNKNOWN
  ok   the definition declares its sizing, which is what pin and detach depend on — compact: true, expanded: true
  n/a  keyboard reachability — needs a rendered frame
  n/a  touch target size — needs a rendered frame
  n/a  detach keeps one live owner — needs a window that can be detached and re-attached; run the dev host's real detach/reattach and pass its facts with --frames
  n/a  a spoken action and the same click agree — needs a rendered frame and a voice session, and a voice session needs a provider account

rendering
  ok   the required fixtures are present — present: default, empty, error, compact
  ok   a text fallback is declared — textFallback: 61 characters
  n/a  the narrow layout — needs a rendered frame at a known viewport
  n/a  the compact layout — needs a rendered frame at a known viewport
  n/a  the expanded layout — needs a rendered frame at a known viewport
  n/a  the loading state — needs a rendered frame at a known viewport
  n/a  the read-only state — needs a rendered frame at a known viewport
  n/a  reduced motion — needs a rendered frame at a known viewport

20 passed, 0 failed, 10 need the dev host
The checks marked n/a are not verified by this command: they need a rendered frame.

packed com.example.clark-widget-xkkj9f@0.3.0
  sha256:2adb429f522ee887659a022956458b403a8df1bbf06457ea9c27b16d4647a468
  C:\Users\admin\AppData\Local\Temp\clark-widget-XKkj9f\dist\artifact.json
prepared the directory entry for com.example.clark-widget-xkkj9f@0.3.0  risk lane: isolated-ui  digest: sha256:2adb429f522ee887659a022956458b403a8df1bbf06457ea9c27b16d4647a468  C:\Users\admin\AppData\Local\Temp\clark-widget-XKkj9f\dist\directory-entry.jsonSubmitting needs a directory account; a local path needs none. ✓ examples/media-widget-contract/test/fixture.spec.ts (9 tests) 197ms
 ✓ packages/widget-cli/test/version-rules.spec.ts (12 tests) 256ms
 ✓ packages/storage/test/notice-operations-storage.spec.ts (3 tests) 119ms
stdout | packages/core/test/execution-policy-parity.spec.ts > no tuple is looser than the legacy policy it replaced > holds for every surface, category, intent and boundary
legacy-vs-canonical tuples evaluated: 1120 over 10 legacy configurations

 ✓ packages/core/test/execution-policy-parity.spec.ts (9 tests) 143ms
 ✓ apps/runtime/test/identity.spec.ts (3 tests) 166ms
 ✓ packages/core/test/installed-themes.spec.ts (9 tests) 193ms
 ✓ packages/storage/test/widget-semantic.spec.ts (3 tests) 145ms
 ✓ packages/storage/test/migration-split-theme-preference.spec.ts (7 tests) 182ms
 ✓ packages/core/test/package-fetch.spec.ts (46 tests) 26677ms
   ✓ fetchGitArtifact (9)
     ✓ refuses a ref that is not a full commit id, before any fetch 428ms
     ✓ refuses a bare local path unless the caller explicitly opts in (C1: scheme allowlist) 363ms
     ✓ refuses a url crafted to be read as a git option, and spawns no git process at all (C1) 392ms
     ✓ refuses a non-https, non-local scheme outright, even one that names a real transport (C1) 486ms
     ✓ fetches a commit-pinned ref from a local repository and computes a stable digest over it 1008ms
     ✓ keys the cache by url as well as ref, so two remotes sharing a commit id do not collide (M3) 2554ms
     ✓ refuses a commit that does not exist at the remote 1454ms
     ✓ times out rather than hanging forever on an unreachable remote (H4) 2449ms
     ✓ changes digest when the tree changes, so a mutated commit is never mistaken for the pinned one 2990ms
   ✓ N2: expectedDigest is checked before a fetch becomes servable (4)
     ✓ refuses a git fetch whose bytes do not match expectedDigest, and leaves no servable cache directory (staged, before rename) 1810ms
     ✓ refuses a git cache hit whose already-cached bytes do not match a newly expected digest, without deleting the cache 2717ms
     ✓ succeeds when expectedDigest matches what was actually fetched 3980ms
     ✓ [fails on the old behaviour] a digest mismatch used to be caught only by the caller, after the rename already made the bytes servable 2444ms
   ✓ H1: a fetched git artifact actually serves a file end to end (1)
     ✓ resolves the entry's source to the cache path and reads a file out of it, once fetched 2691ms
   ✓ fetchNpmArtifact (19)
     ✓ N3: tar hardening (9)
       ✓ aborts a download that exceeds the size cap while streaming, even when the server sends no content-length at all 405ms
 ✓ packages/pi-adapter/test/session-persistence.spec.ts (8 tests) 90ms
 ✓ examples/note-widget/test/editor.spec.ts (9 tests) 245ms
 ✓ apps/runtime/test/selector-budget-wiring.spec.ts (2 tests) 123ms
 ✓ apps/runtime/test/package-install-local-chain.spec.ts (2 tests) 206ms
 ✓ apps/runtime/test/credential-vault.spec.ts (4 tests) 152ms
 ✓ apps/runtime/test/capability-waiters.spec.ts (3 tests) 173ms
 ✓ packages/core/test/task-cancel.spec.ts (6 tests) 126ms
 ✓ packages/widget-sdk/test/runtime.spec.ts (35 tests) 161ms
 ✓ apps/runtime/test/identifier-uniqueness.spec.ts (4 tests) 165ms
 ✓ packages/host-adapters/test/vault.spec.ts (3 tests) 77ms
 ✓ apps/runtime/test/project-session.confinement.spec.ts (4 tests) 181ms
 ✓ packages/widget-host/test/seams.spec.ts (42 tests) 150ms
 ✓ packages/conversation-client/test/chart-layout.spec.ts (40 tests) 90ms
 ✓ apps/runtime/test/peer-transport-backoff.spec.ts (5 tests) 152ms
 ✓ packages/core/test/task-cancel-peer.spec.ts (4 tests) 92ms
 ✓ apps/runtime/test/tool-catalogue.spec.ts (2 tests) 115ms
 ✓ apps/runtime/test/peer-transport-skip.spec.ts (3 tests) 104ms
 ✓ packages/core/test/package-manifest.spec.ts (15 tests) 98ms
 ✓ packages/core/test/widget-frame.spec.ts (10 tests) 133ms
 ✓ apps/runtime/test/lease-sweeper.spec.ts (5 tests) 126ms
 ✓ packages/widget-cli/test/dev-lease.spec.ts (4 tests) 111ms
 ✓ packages/core/test/lease-sweep.spec.ts (4 tests) 125ms
 ✓ apps/runtime/test/jev-selector.spec.ts (23 tests) 88ms
 ✓ packages/signal-sources/test/github.spec.ts (18 tests) 69ms
 ✓ packages/storage/test/migration-backfill-granted-capabilities.spec.ts (3 tests) 67ms
 ✓ apps/runtime/test/fs-search.spec.ts (12 tests) 65ms
 ✓ apps/runtime/test/terminal-gateway.spec.ts (3 tests | 1 skipped) 70ms
 ✓ apps/runtime/test/session-preview.spec.ts (8 tests) 27ms
 ✓ packages/conversation-client/test/markdown.spec.tsx (17 tests) 50ms
 ✓ apps/runtime/test/work-supervisor.spec.ts (15 tests) 62ms
 ✓ packages/core/test/execution-policy.spec.ts (34 tests) 88ms
 ✓ packages/contracts/test/table-view.spec.ts (29 tests) 80ms
 ✓ apps/runtime/test/turn-control.spec.ts (2 tests) 86ms
 ✓ packages/widget-catalog/test/fixtures.spec.ts (7 tests) 59ms
 ✓ apps/desktop/test/detached-window.spec.ts (19 tests) 44ms
 ✓ packages/widget-catalog/test/timeline-schemas.spec.ts (4 tests) 55ms
[calibration] BLOCKED: jev-vs-rank calibration was not produced. Set CLARKCANT_JEV_LIVE=1 and TYPESAFE_API_KEY to run it. The default is "rank" until it is measured.
 ✓ packages/conversation-client/test/styles.spec.ts (16 tests) 55ms
 ✓ apps/runtime/test/jev-calibration-live.spec.ts (3 tests | 2 skipped) 52ms
 ✓ packages/design-tokens/test/appearance.spec.ts (21 tests) 39ms
 ✓ packages/pi-adapter/test/scoped-fs-canonicalisation.spec.ts (2 tests) 33ms
 ✓ packages/contracts/test/xy-charts.spec.ts (31 tests) 31ms
 ✓ packages/pi-adapter/test/personal-instructions-wiring.spec.ts (9 tests) 10ms
 ✓ packages/contracts/test/app-intents-agent-control.spec.ts (11 tests) 12ms
 ✓ packages/core/test/package-files.spec.ts (6 tests) 43ms
 ✓ packages/core/test/app-intents.spec.ts (31 tests) 72ms
 ✓ packs/data-canvas/test/definitions.spec.ts (6 tests) 12ms
 ✓ apps/runtime/test/terminal-tools.spec.ts (16 tests) 48ms
 ✓ packages/core/test/directory-index.spec.ts (10 tests) 44ms
 ✓ packages/conversation-client/test/locale.spec.ts (15 tests) 37ms
 ✓ packages/contracts/test/artifact-viewers.spec.ts (35 tests) 36ms
 ✓ packages/conversation-client/test/api-stream.spec.ts (13 tests) 35ms
 ✓ apps/runtime/test/preflight.spec.ts (25 tests) 39ms
 ✓ packages/contracts/test/composition-graph.spec.ts (16 tests) 24ms
 ✓ packages/conversation-client/test/table-model.spec.ts (19 tests) 47ms
 ✓ apps/runtime/test/terminal-sessions.spec.ts (15 tests | 13 skipped) 8ms
 ✓ packages/contracts/test/contracts.spec.ts (78 tests) 39ms
 ✓ packages/widget-catalog/test/xy-chart-schemas.spec.ts (5 tests) 29ms
 ✓ packages/conversation-client/test/widget-artifacts.spec.ts (21 tests) 44ms
 ✓ packages/conversation-client/test/theme-contrast-lines.spec.ts (6 tests) 31ms
 ✓ packages/conversation-client/test/mini-app-helpers.spec.ts (13 tests) 30ms
 ✓ packages/contracts/test/widget-props.spec.ts (13 tests) 27ms
 ✓ packages/contracts/test/notice-actions.spec.ts (12 tests) 16ms
 ✓ packages/conversation-client/test/package-change-listeners.spec.ts (3 tests) 29ms
 ✓ apps/runtime/test/schema-patterns.spec.ts (70 tests) 26ms
 ✓ packages/widget-catalog/test/status-card-schemas.spec.ts (7 tests) 25ms
 ✓ apps/runtime/test/directory-appearance.spec.ts (1 test) 31ms
 ✓ packages/conversation-client/test/artifact-viewers.spec.ts (12 tests) 30ms
 ✓ packages/contracts/test/surface-composition.spec.ts (14 tests) 22ms
 ✓ packages/contracts/test/themes.spec.ts (15 tests) 23ms
 ✓ packages/contracts/test/models.spec.ts (16 tests) 17ms
 ✓ packages/contracts/test/status-cards.spec.ts (17 tests) 24ms
 ✓ packages/conversation-client/test/frame-grant-renewal.spec.ts (7 tests) 28ms
 ✓ packs/browser-playwright/test/click-answer.spec.ts (13 tests) 27966ms
   ✓ a click is judged by the answer to what it sent (13)
     ✓ calls a form POST the server never answers unknown, and blocks sending it again until the page is observed 5751ms
     ✓ calls a script's fetch the server never answers unknown 2988ms
     ✓ calls an answered submission applied, and the page it landed on a new document 858ms
     ✓ calls a client error refused by the site, and a server error unknown 2844ms
     ✓ says a click nobody marked as submitting sent something, when it did 848ms
     ✓ stops a link to an undeclared origin before anything is sent there 3124ms
     ✓ stops a script taking the page to an undeclared origin, and says so 925ms
     ✓ opens no pop-up a script asks for, on any site 1478ms
     ✓ loads no frame from an undeclared origin 1242ms
     ✓ refuses an address the server redirects to an undeclared origin, and sends nothing there 4521ms
     ✓ reports a click that sent nothing as applied without waiting out the deadline 1248ms
     ✓ names what each reference is and which of them submit 1800ms
 ✓ apps/runtime/test/e2e-fixture-digests.spec.ts (7 tests) 21ms
 ✓ apps/runtime/test/peer-delegation.spec.ts (27 tests) 24374ms
   ✓ a task one Clark hands to another (17)
     ✓ runs on the other node within what its owner allowed, and settles the sender's own task 890ms
     ✓ waits for the other node's owner on an effect only one side allowed, and a stop from the sender ends it 329ms
     ✓ stops a worker already running on the other node when the sender stops the task 1889ms
     ✓ stops a worker running here when this node's owner stops the task 1691ms
     ✓ settles the sender's task when a hand-over or a stop could not be delivered 3301ms
     ✓ counts a hand-over and its answer once, however often they arrive 1260ms
     ✓ takes an answer only from the node the task was handed to, and a grant only from its own sender 442ms
     ✓ tells the sender while its task waits for the other node's owner, and settles it on their decision 1074ms
     ✓ settles the sender's task when the other node's owner lets the approval expire 311ms
     ✓ withdraws an automation's own grant on both nodes when it is paused or removed, and writes a new one to resume 1036ms
     ✓ runs an automation only under its own grant, not another that covers the same folders 320ms
     ✓ holds a run on the other node to the sender's time limit and run count 3044ms
   ✓ what the other node can run, asked before a task is handed to it (4)
     ✓ shows the sender a node that cannot run the task yet, warns at setup, and says at once that a hand-over waits there 947ms
     ✓ stops a hand-over waiting there for a capability when the sender stops it 341ms
   ✓ the files a task handed to another Clark brings back (6)
     ✓ brings a file the task wrote back to the sender within its owner's byte budget, and shows it with the result 906ms
     ✓ fetches, when it starts again, a file it accepted and had not received, and says it arrived 1018ms
     ✓ leaves on the running node a file larger than the sender's byte budget, stores no copy, and says why 956ms
     ✓ is offered no file when the sender's owner allowed no bytes, and the running node copies none 861ms
     ✓ keeps the files on the running node when its owner let none go back, though the sender asked, and says so 953ms
     ✓ offers nothing to a sender that has not said it takes files, and answers it as before 1033ms
 ✓ packages/contracts/test/composition-layout.spec.ts (10 tests) 17ms
 ✓ packages/widget-sdk/test/dom-appearance.spec.ts (1 test) 19ms
 ✓ packages/contracts/test/widget-semantic.spec.ts (14 tests) 18ms
 ✓ packages/conversation-client/test/widget-lab.spec.ts (14 tests) 19ms
 ✓ packages/widget-catalog/test/calendar-schemas.spec.ts (4 tests) 21ms
 ✓ packages/conversation-client/test/orb-profile.spec.ts (32 tests) 19ms
 ✓ packages/conversation-client/test/activity-timeline.spec.ts (10 tests) 21ms
 ✓ packages/contracts/test/preferences.spec.ts (17 tests) 16ms
 ✓ apps/runtime/test/view-tool.spec.ts (12 tests) 19ms
 ✓ packages/contracts/test/execution.spec.ts (14 tests) 10ms
 ✓ packages/contracts/test/artifacts.spec.ts (24 tests) 19ms
 ✓ packages/widget-cli/test/cli-usage.spec.ts (9 tests) 18ms
 ✓ apps/desktop/test/security.spec.ts (30 tests) 11ms
 ✓ tools/test/platform-skipped-tests.spec.ts (19 tests) 15ms
 ✓ packages/conversation-client/test/calendar-layout.spec.ts (6 tests) 15ms
 ✓ apps/desktop/test/appearance-tokens.spec.ts (4 tests) 17ms
 ✓ packages/conversation-client/test/widget-appearance-disclosure.spec.ts (3 tests) 35ms
 ✓ packages/voice-adapters/test/gemini-live.spec.ts (30 tests) 18ms
 ✓ packages/conversation-client/test/orb.spec.ts (17 tests) 17ms
 ✓ packages/contracts/test/form-fields.spec.ts (25 tests) 13ms
 ✓ packages/contracts/test/composer-references.spec.ts (18 tests) 12ms
 ✓ packages/conversation-client/test/inbox-model.spec.ts (42 tests) 13ms
 ✓ packages/conversation-client/test/host-cards.spec.ts (16 tests) 14ms
 ✓ apps/runtime/test/interactions.spec.ts (13 tests) 13ms
 ✓ packages/signal-sources/test/webhook.spec.ts (7 tests) 15ms
 ✓ packages/conversation-client/test/card-state-matrix.spec.ts (7 tests) 10ms
 ✓ packages/conversation-client/test/task-cards.spec.ts (17 tests) 13ms
 ✓ packages/conversation-client/test/inbox-notify-decide.spec.ts (22 tests) 10ms
 ✓ packages/voice-adapters/test/voice-capabilities.spec.ts (9 tests) 11ms
 ✓ packages/conversation-client/test/surfaces.spec.ts (5 tests) 8ms
 ✓ apps/runtime/test/service-container.spec.ts (15 tests) 11ms
 ✓ apps/runtime/test/background-sessions.spec.ts (8 tests) 9ms
 ✓ packages/core/test/widget-state-migration.spec.ts (10 tests) 12ms
 ✓ packages/core/test/package-sources.spec.ts (22 tests) 15ms
 ✓ packages/conversation-client/test/input-primitives.spec.ts (7 tests) 12ms
 ✓ packages/conversation-client/test/action-messages.spec.ts (11 tests) 9ms
 ✓ packages/conversation-client/test/theme.spec.ts (20 tests) 10ms
 ✓ packages/core/test/widget-document.spec.ts (10 tests) 11ms
 ✓ packages/widget-catalog/test/fixture-schema.spec.ts (4 tests) 12ms
 ✓ packages/contracts/test/text-rules.spec.ts (36 tests) 12ms
 ✓ packages/contracts/test/redaction.spec.ts (5 tests) 6ms
 ✓ examples/mcp-app-fixture/test/bridge.spec.ts (9 tests) 11ms
 ✓ apps/runtime/test/model-router.spec.ts (23 tests) 9ms
 ✓ apps/runtime/test/model-generation.spec.ts (3 tests) 8ms
 ✓ packages/contracts/test/attachments.spec.ts (12 tests) 11ms
 ✓ packages/capability-host/test/secrets.spec.ts (12 tests) 7ms
 ✓ packages/conversation-client/test/appearance-actions.spec.ts (10 tests) 14ms
 ✓ packages/conversation-client/test/question-card.spec.ts (13 tests) 19ms
 ✓ packages/voice-adapters/test/gemini-tts.spec.ts (11 tests) 9ms
 ✓ packages/conversation-client/test/status-cards.spec.ts (6 tests) 10ms
 ✓ packages/conversation-client/test/desktop-compact.spec.ts (21 tests) 10ms
 ✓ apps/runtime/test/work-tools.spec.ts (6 tests) 8ms
 ✓ packages/conversation-client/test/input-modality.spec.ts (21 tests) 9ms
 ✓ apps/runtime/test/session-search-hosts.spec.ts (6 tests) 5ms
 ✓ packages/contracts/test/app-intents-appearance.spec.ts (5 tests) 35ms
 ✓ packages/widget-catalog/test/registry.spec.ts (9 tests) 8ms
 ✓ packages/conversation-client/test/terminal-socket.spec.ts (8 tests) 8ms
 ✓ packages/core/test/install-consent.spec.ts (7 tests) 6ms
 ✓ packages/conversation-client/test/widget-library-state.spec.ts (13 tests) 8ms
 ✓ packages/core/test/app-intents-widgets.spec.ts (15 tests) 9ms
 ✓ apps/runtime/test/session-recap.spec.ts (4 tests) 8ms
 ✓ packages/widget-catalog/test/search.spec.ts (10 tests) 10ms
 ✓ packages/conversation-client/test/voice-overlay.spec.ts (12 tests) 9ms
 ✓ packages/design-tokens/test/contrast.spec.ts (14 tests) 8ms
 ✓ packages/pi-adapter/test/env-file.spec.ts (18 tests) 9ms
 ✓ apps/runtime/test/ask-user-question.spec.ts (3 tests) 10ms
 ✓ packages/design-tokens/test/motion.spec.ts (12 tests) 7ms
 ✓ packages/contracts/test/interactions.spec.ts (23 tests) 7ms
 ✓ tools/test/tsconfig-coverage.spec.ts (11 tests) 8ms
 ✓ apps/runtime/test/pdf-text.spec.ts (7 tests) 6ms
 ✓ packages/conversation-client/test/orb-theme-default.spec.ts (9 tests) 9ms
 ✓ apps/desktop/test/window-mode.spec.ts (14 tests) 7ms
 ✓ packs/browser-playwright/test/submit-once.spec.ts (4 tests) 30051ms
   ✓ a timed-out submit is not sent twice (4)
     ✓ reports the outcome as unknown, not as failed 5731ms
     ✓ refuses to resend the same action, so the submission count stays at one 5762ms
     ✓ allows the action again once the page has been observed 11658ms
     ✓ does not block a different action, because only the unknown one is suspect 6799ms
 ✓ tools/test/setup.spec.ts (12 tests) 8ms
 ✓ apps/desktop/test/preload-subscriptions.spec.ts (3 tests) 7ms
 ✓ packages/conversation-client/test/notice-action-surfaces.spec.ts (14 tests) 8ms
 ✓ packages/conversation-client/test/settings-rows.spec.ts (7 tests) 6ms
 ✓ packages/conversation-client/test/artifact-block.spec.ts (6 tests) 7ms
 ✓ packages/conversation-client/test/installed-entries.spec.ts (8 tests) 7ms
 ✓ packages/conversation-client/test/package-provenance.spec.ts (8 tests) 6ms
 ✓ packages/conversation-client/test/app-intents-appearance.spec.ts (6 tests) 7ms
 ✓ packages/conversation-client/test/action-button.spec.ts (5 tests) 8ms
 ✓ packages/conversation-client/test/memory-groups.spec.ts (6 tests) 7ms
 ✓ packages/contracts/test/app-intents-widgets.spec.ts (8 tests) 8ms
 ✓ packages/design-tokens/test/stylesheet.spec.ts (9 tests) 6ms
 ✓ packages/conversation-client/test/app-intents.spec.ts (15 tests) 8ms
 ✓ packages/conversation-client/test/statusline.spec.ts (8 tests) 5ms
 ✓ packages/conversation-client/test/live-reply.spec.ts (5 tests) 6ms
 ✓ packages/conversation-client/test/fill-message.spec.ts (6 tests) 6ms
 ✓ tools/test/issue-closing-keywords.spec.ts (10 tests) 6ms
 ✓ apps/runtime/test/terminal-output.spec.ts (7 tests) 5ms
 ✓ packages/pi-adapter/test/personal-instructions.spec.ts (12 tests) 6ms
 ✓ packages/conversation-client/test/orb-selection.spec.ts (5 tests) 7ms
 ✓ packages/core/test/control-sessions.spec.ts (11 tests) 7ms
 ✓ packages/conversation-client/test/app-intents-agent-control.spec.ts (15 tests) 38ms
 ✓ packages/core/test/continuation.spec.ts (8 tests) 6ms
 ✓ packages/widget-catalog/test/preview.spec.ts (9 tests) 6ms
 ✓ packages/core/test/frame-grant.spec.ts (5 tests) 6ms
 ✓ packages/core/test/browser-press.spec.ts (6 tests) 8ms
 ✓ apps/runtime/test/package-install-route.spec.ts (18 tests) 26965ms
   ✓ installing from the directory (6)
     ✓ installs a listed package and says what it verified 1987ms
     ✓ records the effect it performed without a card 1807ms
     ✓ leaves no executed-effect audit row when the fetch fails, unlike a fetch that succeeds 944ms
     ✓ does not let a forged grantedCapabilities in the request body become authority (issue #93, P1) 1808ms
     ✓ asks first when the policy says to, and installs nothing 902ms
     ✓ refuses on a node that refuses every effect, and installs nothing 1070ms
   ✓ what the route refuses, with the code the resolver already uses (6)
     ✓ refuses a package built for another platform, naming both sides 1034ms
     ✓ refuses an entry that publishes no digest 1547ms
     ✓ refuses a package needing a host API this node does not implement 1328ms
     ✓ refuses a package the directory does not list 1128ms
     ✓ says the directory is unconfigured rather than that the package is missing 1229ms
     ✓ refuses a request that does not say what to install 1638ms
   ✓ the frozen build input the route records (3)
     ✓ resolves the closure before installing, and reports what the lock covers 2582ms
     ✓ refuses a second install whose resolution is not the frozen one, naming the artifact 2522ms
     ✓ refuses an entry with no digest before it freezes anything 1080ms
   ✓ the frozen closure the install route consumes (3)
     ✓ hands back the artifact a build reads, and keeps its coverage claim honest 1047ms
     ✓ reports that a build would refuse the closure, and the runner really does 2181ms
     ✓ refuses a floating range before anything is frozen 1128ms
 ✓ packages/conversation-client/test/wake-word.spec.ts (10 tests) 6ms
 ✓ packages/design-tokens/test/contrast-themes.spec.ts (35 tests) 7ms
 ✓ packages/conversation-client/test/host-card-entries.spec.ts (3 tests) 4ms
 ✓ apps/runtime/test/widget-voice-action.spec.ts (10 tests) 8ms
 ✓ packages/conversation-client/test/voice-transport.spec.ts (3 tests) 5ms
 ✓ apps/runtime/test/model-catalogue.spec.ts (6 tests) 6ms
 ✓ packages/execution-supervisor/test/native-binding.spec.ts (8 tests) 4ms
 ✓ apps/desktop/test/launch-args.spec.ts (4 tests) 5ms
 ✓ packages/conversation-client/test/selection.spec.ts (7 tests) 5ms
 ✓ apps/runtime/test/action-speech.spec.ts (5 tests) 5ms
 ✓ packages/widget-cli/test/dev-shell-convergence.spec.ts (6 tests) 4ms
 ✓ packages/conversation-client/test/desktop-notify-status.spec.ts (3 tests) 4ms
 ✓ packages/conversation-client/test/suggestions.spec.ts (4 tests) 4ms
 ✓ apps/runtime/test/voice-live.spec.ts (5 tests) 4ms
 ✓ packages/conversation-client/test/search-select.spec.ts (4 tests) 5ms
 ✓ packages/conversation-client/test/media-embed.spec.ts (4 tests) 4ms
 ✓ apps/runtime/test/voice-answer.spec.ts (2 tests) 4ms
 ✓ apps/runtime/test/child-env.spec.ts (5 tests) 6ms
 ✓ packages/widget-cli/test/catalog-target.spec.ts (5 tests) 4ms
 ✓ apps/runtime/test/readiness.spec.ts (3 tests) 4ms
 ✓ apps/runtime/test/jev-stored-key.spec.ts (4 tests) 4ms
 ✓ packages/conversation-client/test/composer.spec.ts (11 tests) 6ms
 ✓ packages/conversation-client/test/follow-bottom.spec.ts (5 tests) 4ms
 ✓ apps/runtime/test/portable-runtime.spec.ts (9 tests | 5 skipped) 4ms
 ✓ packages/conversation-client/test/first-run.spec.ts (3 tests) 4ms
 ✓ packages/conversation-client/test/surface-graph.spec.ts (3 tests) 5ms
 ✓ tools/test/invariants-context.spec.ts (3 tests) 4ms
 ✓ packages/conversation-client/test/keep-mounted-frame.spec.ts (3 tests) 5ms
 ✓ packages/conversation-client/test/composer-trigger.spec.ts (11 tests) 7ms
[jev-live] BLOCKED: live provider evidence was not produced. Set CLARKCANT_JEV_LIVE=1 and TYPESAFE_API_KEY to run it.
 ✓ apps/runtime/test/jev-live.spec.ts (4 tests | 3 skipped) 3ms
 ✓ packages/conversation-client/test/catalog-coverage.spec.ts (5 tests) 4ms
 ✓ packages/conversation-client/test/model-switch-shortcut.spec.ts (2 tests) 4ms
 ✓ packages/conversation-client/test/frame-height.spec.ts (3 tests) 2ms
 ✓ packages/conversation-client/test/recent-effect-text.spec.ts (3 tests) 2ms
 ↓ apps/runtime/test/hybrid-calibration-live.spec.ts (1 test | 1 skipped)
 ✓ packages/conversation-client/test/pin-label.spec.ts (2 tests) 2ms
 ✓ apps/runtime/test/service-container-engine.spec.ts (3 tests | 1 skipped) 26529ms
   ✓ a service container on a real engine (2)
     ✓ refuses the network and every write outside the private folder, and runs unprivileged 23305ms
     ✓ runs the notes package's service: a note is added, listed, and kept in the private folder 2481ms
Preparing worktree (new branch 'clarkcant/task-task_earlier')
 ✓ packs/project-work/test/managed-worktree.spec.ts (12 tests) 34801ms
   ✓ a task works in its own worktree, never in the person's tree (6)
     ✓ makes a worktree of HEAD under the node's directory, on a branch named for the task 951ms
     ✓ leaves what the person has not committed exactly where it is 1057ms
     ✓ reuses the worktree a task already has, keeping what it did 1892ms
     ✓ gives each repository of one task its own worktree, even two that share a folder name 7976ms
     ✓ continues in the worktree a task made before tasks could name several repositories 2280ms
   ✓ taking a finished task's worktree away (2)
     ✓ removes a clean worktree and keeps the branch with what the task committed 3759ms
     ✓ keeps a worktree holding changes nobody committed 4546ms
   ✓ finding what a stopped node left behind (4)
     ✓ names each task's worktree with its repository, branch and whether it holds uncommitted changes 7235ms
     ✓ finds every repository's worktree of a task, and a task's worktree from before 4052ms
     ✓ takes a task's folder away only once nothing is left in it 637ms
 ✓ apps/runtime/test/worktree-sweep.spec.ts (6 tests) 30990ms
   ✓ the worktrees a stopped node left behind (6)
     ✓ removes a finished task's clean worktree and keeps its branch with what it committed 3957ms
     ✓ keeps a finished task's worktree holding uncommitted changes, and says where it is once 3949ms
     ✓ leaves the worktree of a task that is still open, and of one this node has never heard of 6235ms
     ✓ tidies each repository's worktree of a finished task, and says once where the kept ones are 14826ms
     ✓ takes a finished task's folder away once every worktree in it is gone 1751ms
 ✓ apps/runtime/test/coding-journey.spec.ts (4 tests) 30861ms
   ✓ a labelled issue becomes a draft pull request (4)
     ✓ fixes, tests, commits, pushes and opens the pull request in the task's own worktree, and says so 7871ms
     ✓ reports a failing test as not done, and pushes nothing 7737ms
     ✓ stops the command it is running when the task is stopped, and says it stopped 10206ms
     ✓ calls a pull request it was stopped in the middle of unknown, and tells the person once 5045ms

 Test Files  376 passed | 1 skipped (377)
      Tests  4973 passed | 34 skipped (5007)
   Start at  21:53:16
   Duration  36.50s (tests 72%, import 21%, transform 7%)

    Isolate  377 workers spawned · ~219ms startup each (spawn + environment, per file)
             at least ~2.84s faster with isolate: false — reuses workers across files instead of one per file

$ playwright test
[WebServer] (node:65032) Warning: The 'NO_COLOR' env is ignored due to the 'FORCE_COLOR' env being set.
[WebServer] (Use `node --trace-warnings ...` to show where the warning was created)
[WebServer] no model configured; the node will answer with scripts and capabilities only
[WebServer] frame grants: fixture lifetime seam loaded (CC_FRAME_GRANT_FIXTURE=1)
[WebServer] project sessions: FIXTURE starter loaded — a session is reported, and no worker is spawned
[WebServer] overview: FIXTURE composer loaded — overview requests are scripted, and no provider is called for them
[WebServer] filesystem search: read-only over C:\, D:\, E:\, G:\ — no index is built; matches are sent to the model provider
[WebServer] views: 25 definition(s) the model may show — canvas.line@1, canvas.bar@1, canvas.donut@1, canvas.table@1, canvas.metrics@1, canvas.filter@1, canvas.image@1, canvas.carousel@1, canvas.gallery@1, canvas.youtube@1, canvas.video@1, canvas.action@1, canvas.form@1, canvas.list@1, canvas.status@1, canvas.progress@1, canvas.details@1, canvas.code@1, canvas.diff@1, canvas.file@1, canvas.area@1, canvas.scatter@1, canvas.calendar@1, canvas.timeline@1, canvas.overview@1
[WebServer] catalog: every family a composed surface needs is drawable
[WebServer] session transcripts: .data\e2e\sessions
[WebServer] selector: disabled (no credential or local-only); composed surfaces use the deterministic path
[WebServer] update check: FIXTURE — no periodic job started, no registry is called
[WebServer] voice: FIXTURE provider loaded — audio and transcripts on /voice are scripted, not model output
[WebServer] clarkcant node "e2e-node" listening on http://127.0.0.1:9376
[WebServer] node id: node_34686a92a1cd411e8f2cd0f6
[WebServer] data dir: .data/e2e
[WebServer] container engine: docker 29.8.0 — the OCI image can be built on this machine
[WebServer] commands require the bearer token stored in the node's identity.json
[WebServer] project index: 1 scanned, 1 kept, 1 removed
[WebServer] (node:50000) Warning: The 'NO_COLOR' env is ignored due to the 'FORCE_COLOR' env being set.
[WebServer] (Use `node --trace-warnings ...` to show where the warning was created)
[WebServer] npm fixture registry listening on http://127.0.0.1:9378
[WebServer] (node:82052) Warning: The 'NO_COLOR' env is ignored due to the 'FORCE_COLOR' env being set.
[WebServer] (Use `node --trace-warnings ...` to show where the warning was created)
[WebServer] $ vite build --outDir dist
[WebServer] (node:77088) Warning: The 'NO_COLOR' env is ignored due to the 'FORCE_COLOR' env being set.
[WebServer] (Use `node --trace-warnings ...` to show where the warning was created)
[WebServer] vite v8.3.0 building client environment for production...
[WebServer] transforming...
[WebServer] ✓ 370 modules transformed.
[WebServer] rendering chunks...
[WebServer] computing gzip size...
[WebServer] dist/assets/plus-jakarta-sans-cyrillic-ext-wght-normal-lLTsRRxN.woff2      1.71 kB
[WebServer] dist/assets/voice-capture-worklet-DsmQparT.js                              1.99 kB
[WebServer] dist/index.html                                                            2.49 kB │ gzip:   1.19 kB
[WebServer] dist/assets/plus-jakarta-sans-vietnamese-wght-normal-qRpaaN48.woff2        8.35 kB
[WebServer] dist/assets/plus-jakarta-sans-latin-ext-wght-normal-DmpS2jIq.woff2        21.72 kB
[WebServer] dist/assets/plus-jakarta-sans-latin-wght-normal-eXO_dkmS.woff2            27.34 kB
[WebServer] dist/assets/main-DjYd3uYR.css                                              1.36 kB │ gzip:   0.51 kB
[WebServer] dist/widget-runtime.js                                                     0.51 kB │ gzip:   0.35 kB │ map:     2.08 kB
[WebServer] dist/assets/rolldown-runtime-hePW80VL.js                                   0.71 kB │ gzip:   0.42 kB
[WebServer] dist/assets/addon-fit-DIOBYJe3.js                                          1.25 kB │ gzip:   0.53 kB │ map:     3.37 kB
[WebServer] dist/assets/src-C3a-LLmH.js                                              314.42 kB │ gzip:  94.72 kB │ map: 1,728.85 kB
[WebServer] dist/assets/xterm-ScmBfeDI.js                                            331.22 kB │ gzip:  83.07 kB │ map:   675.33 kB
[WebServer] dist/assets/main-DYr4gyIW.js                                           1,443.85 kB │ gzip: 393.85 kB │ map: 4,174.92 kB
[WebServer] 
[WebServer] ✓ built in 461ms
[WebServer] [plugin builtin:vite-reporter] 
[WebServer] (!) Some chunks are larger than 500 kB after minification. Consider:
[WebServer] - Using dynamic import() to code-split the application
[WebServer] - Use build.rolldownOptions.output.codeSplitting to improve chunking: https://rolldown.rs/reference/OutputOptions.codeSplitting
[WebServer] - Adjust chunk size limit for this warning via build.chunkSizeWarningLimit.
[WebServer] (node:87480) Warning: The 'NO_COLOR' env is ignored due to the 'FORCE_COLOR' env being set.
[WebServer] (Use `node --trace-warnings ...` to show where the warning was created)
[WebServer] (node:79076) Warning: The 'NO_COLOR' env is ignored due to the 'FORCE_COLOR' env being set.
[WebServer] (Use `node --trace-warnings ...` to show where the warning was created)
[WebServer]   ➜  Local:   http://127.0.0.1:4773/

Running 348 tests using 1 worker

(node:9276) Warning: The 'NO_COLOR' env is ignored due to the 'FORCE_COLOR' env being set.
(Use `node --trace-warnings ...` to show where the warning was created)
  ok   1 [chromium] › apps\web\e2e\accessibility.spec.ts:52:1 › the main journey can be completed with the keyboard alone (677ms)
  ok   2 [chromium] › apps\web\e2e\accessibility.spec.ts:66:1 › every control is at least the size the tokens set (537ms)
  ok   3 [chromium] › apps\web\e2e\accessibility.spec.ts:84:1 › the live regions are bounded rather than re-reading the conversation (663ms)
  ok   4 [chromium] › apps\web\e2e\accessibility.spec.ts:112:1 › the controls a screen reader lands on have names (547ms)
  ok   5 [chromium] › apps\web\e2e\accessibility.spec.ts:129:1 › a host card offers a text alternative to its visual form (659ms)
[WebServer] services: docker 29.8.0 runs package services on this node
  ok   6 [chromium] › apps\web\e2e\action-widget.spec.ts:116:1 › an agent button starts a turn whose message is exactly its label (725ms)
  ok   7 [chromium] › apps\web\e2e\action-widget.spec.ts:136:1 › a view button pins itself to the conversation (700ms)
  ok   8 [chromium] › apps\web\e2e\action-widget.spec.ts:147:1 › an invoke button calls the package's service and shows what it answered (1.7s)
  ok   9 [chromium] › apps\web\e2e\action-widget.spec.ts:165:1 › a workflow button adds a note through the package's service and reads the list back (721ms)
  ok  10 [chromium] › apps\web\e2e\action-widget.spec.ts:187:1 › an agent button with a context reference gives the model what the host read, not what the frame said (1.1s)
  ok  11 [chromium] › apps\web\e2e\action-widget.spec.ts:210:1 › Stop cancels an invoke still waiting on the service, and says whether it took effect is unknown (1.6s)
[WebServer] services: com.example.notes@1.0.0:codegen_muo871l455c642m#com.example.notes.service stopped: mcp server com.example.notes@1.0.0:codegen_muo871l455c642m#com.example.notes.service exited with code 137
  ok  12 [chromium] › apps\web\e2e\action-widget.spec.ts:261:1 › a press the node refuses shows the reason, and an unknown or stale binding is refused (3.5s)
  ok  13 [chromium] › apps\web\e2e\action-widget.spec.ts:303:1 › the buttons read at phone width without horizontal scrolling (2.9s)
  ok  14 [chromium] › apps\web\e2e\activity-timeline.spec.ts:99:1 › the timeline groups entries by its own timezone, walks them from the keyboard, and keeps a selection across a reload (2.3s)
  ok  15 [chromium] › apps\web\e2e\activity-timeline.spec.ts:175:1 › a selection the node refuses is undrawn, the reason is said in the person's language, and the kept one stays (2.0s)
  ok  16 [chromium] › apps\web\e2e\activity-timeline.spec.ts:203:1 › a timeline with a repeated id or a hidden character is refused with the host's reason, and none is drawn (659ms)
  ok  17 [chromium] › apps\web\e2e\activity-timeline.spec.ts:214:1 › the oldest-first timeline pages five entries at a time, and the keyboard stays on the page shown (1.8s)
  ok  18 [chromium] › apps\web\e2e\activity-timeline.spec.ts:241:1 › the timeline adds no motion of its own when motion is reduced (584ms)
  ok  19 [chromium] › apps\web\e2e\activity-timeline.spec.ts:256:1 › the library previews the timeline fixtures through the production renderer, usable without a node (2.8s)
  ok  20 [chromium] › apps\web\e2e\activity-timeline.spec.ts:287:1 › the timeline is usable at phone width with touch, without scrolling sideways, in the light theme (4.4s)
  ok  21 [chromium] › apps\web\e2e\agent-app-control.spec.ts:71:1 › the agent opens Settings on a tab and is told it is done only because the page ran it (3.0s)
  ok  22 [chromium] › apps\web\e2e\agent-app-control.spec.ts:88:1 › a model switch the page could not make is reported to the agent as a failure, with the page's reason (2.6s)
  ok  23 [chromium] › apps\web\e2e\agent-app-control.spec.ts:106:1 › a model switch the page made is reported as done, and the label and note follow it (2.5s)
  ok  24 [chromium] › apps\web\e2e\agent-app-control.spec.ts:119:1 › a command the page cannot carry out says so in a readable notice, inside the page's gutter (2.5s)
  ok  25 [chromium] › apps\web\e2e\agent-app-control.spec.ts:140:1 › the agent opens voice mode and is told so only once the session is listening (2.6s)
  ok  26 [chromium] › apps\web\e2e\agent-app-control.spec.ts:149:1 › the agent returns to the conversation from Settings without leaving it, unlike going home (2.6s)
  ok  27 [chromium] › apps\web\e2e\agent-app-control.spec.ts:174:1 › the agent cycles the model the way the hotkey does, and the label says where it moved (2.6s)
  ok  28 [chromium] › apps\web\e2e\agent-app-control.spec.ts:192:1 › the agent changes the orb's style through the preference Settings writes, and the orb on screen follows (4.3s)
  ok  29 [chromium] › apps\web\e2e\agent-app-control.spec.ts:230:1 › an orb style the agent chooses while Settings is open becomes the selected style there (2.8s)
  ok  30 [chromium] › apps\web\e2e\agent-app-control.spec.ts:260:1 › the voice agent ends voice mode through the same contract, and the page confirms it (3.9s)
[overflow] 298-clark-default-1280-dark: scrollWidth 1280 - clientWidth 1280 = 0
[overflow] 298-clark-default-390-dark: scrollWidth 390 - clientWidth 390 = 0
[overflow] 298-clark-default-1280-light: scrollWidth 1280 - clientWidth 1280 = 0
[overflow] 298-clark-default-390-light: scrollWidth 390 - clientWidth 390 = 0
[overflow] 298-depth-1280-dark: scrollWidth 1280 - clientWidth 1280 = 0
[overflow] 298-depth-390-dark: scrollWidth 390 - clientWidth 390 = 0
[overflow] 298-depth-1280-light: scrollWidth 1280 - clientWidth 1280 = 0
[overflow] 298-depth-390-light: scrollWidth 390 - clientWidth 390 = 0
  ok  31 [chromium] › apps\web\e2e\appearance-depth.spec.ts:165:1 › a recipe-and-effect theme reaches the page, brings its Orb default, and loses the Orb to the person's choice (10.7s)
[overflow] 298-flatline-1280-dark: scrollWidth 1280 - clientWidth 1280 = 0
[overflow] 298-flatline-390-dark: scrollWidth 390 - clientWidth 390 = 0
[overflow] 298-flatline-1280-light: scrollWidth 1280 - clientWidth 1280 = 0
[overflow] 298-flatline-390-light: scrollWidth 390 - clientWidth 390 = 0
  ok  32 [chromium] › apps\web\e2e\appearance-depth.spec.ts:200:1 › a hostile theme cannot hide Stop, the approval card, or a focus ring, and a camouflaged one is refused (8.6s)
  ok  33 [chromium] › apps\web\e2e\appearance-depth.spec.ts:310:1 › a theme's button recipe never reaches the host's answers or Stop (9.4s)
  ok  34 [chromium] › apps\web\e2e\appearance-depth.spec.ts:369:1 › reduced motion stills the theme's motion, its backdrop light and its Orb (654ms)
  ok  35 [chromium] › apps\web\e2e\appearance-depth.spec.ts:393:1 › the person's own Reduced setting stills the theme's motion and backdrop light as the system's does (692ms)
[overflow] 298-typed-depth-390-dark: scrollWidth 390 - clientWidth 390 = 0
[overflow] 298-keyboard-gallery-390-dark: scrollWidth 390 - clientWidth 390 = 0
  ok  36 [chromium] › apps\web\e2e\appearance-depth.spec.ts:423:1 › a typed sentence and the keyboard alone choose a theme through the same write as a click (4.0s)
  ok  37 [chromium] › apps\web\e2e\appearance.spec.ts:46:1 › a theme choice changes the surface, follows the system, and survives a reload (2.2s)
  ok  38 [chromium] › apps\web\e2e\appearance.spec.ts:80:1 › settings is a modal whose tabs each show their own content, and Escape returns focus to the gear (1.4s)
  ok  39 [chromium] › apps\web\e2e\appearance.spec.ts:122:1 › the settings tabs are operable from the keyboard alone (832ms)
  ok  40 [chromium] › apps\web\e2e\appearance.spec.ts:163:1 › the orb is centred on the screen it is drawn over (1.4s)
  ok  41 [chromium] › apps\web\e2e\appearance.spec.ts:193:1 › the header is a gradient rather than a bar above the page (512ms)
  ok  42 [chromium] › apps\web\e2e\appearance.spec.ts:209:1 › the extensions tab tells the node's tools from the agent's (1.1s)
  ok  43 [chromium] › apps\web\e2e\appearance.spec.ts:230:1 › the settings panel lists what this node can run, or says plainly that it can run nothing (1.2s)
  ok  44 [chromium] › apps\web\e2e\appearance.spec.ts:265:1 › every key in settings can be taken back again, which is how a provider is logged out of (1.1s)
  ok  45 [chromium] › apps\web\e2e\appearance.spec.ts:287:1 › the model in use is what the fields show before anybody types (1.1s)
  ok  46 [chromium] › apps\web\e2e\appearance.spec.ts:320:1 › the extensions tab says which extensions pi loads on this machine (1.0s)
  ok  47 [chromium] › apps\web\e2e\appearance.spec.ts:335:1 › pi's own configuration is in the developer tab, behind a disclosure, as lines rather than as a file (2.0s)
  ok  48 [chromium] › apps\web\e2e\appearance.spec.ts:362:1 › personal instructions can be written, survive a reload, and are never sent as the user's message (3.0s)
  ok  49 [chromium] › apps\web\e2e\appearance.spec.ts:453:1 › the voice picker is drawn from what the provider says it can do (1.1s)
  ok  50 [chromium] › apps\web\e2e\approval.spec.ts:45:1 › a proposed command runs only after the user approves it (789ms)
  ok  51 [chromium] › apps\web\e2e\approval.spec.ts:76:1 › refusing runs nothing and says so (702ms)
  ok  52 [chromium] › apps\web\e2e\artifact-reopen.spec.ts:40:1 › reopening an artifact asks the node what it still holds (747ms)
  ok  53 [chromium] › apps\web\e2e\artifact-viewers.spec.ts:126:1 › code, a diff and a file show what the model wrote, as text, and nothing claims to be live (4.8s)
  ok  54 [chromium] › apps\web\e2e\artifact-viewers.spec.ts:259:1 › a diff whose hunk cannot be numbered is refused with the host's reason, and no card is drawn (604ms)
  ok  55 [chromium] › apps\web\e2e\artifact-viewers.spec.ts:268:1 › a line break inside one line of a diff is refused with the host's reason, and no card is drawn (618ms)
  ok  56 [chromium] › apps\web\e2e\artifact-viewers.spec.ts:294:1 › hidden characters in code and a diff are drawn as markers with a warning, and a line separator counts as a line (7.2s)
  ok  57 [chromium] › apps\web\e2e\artifact-viewers.spec.ts:367:1 › a copy the browser refuses says so in words, and a second try is announced again (1.6s)
  ok  58 [chromium] › apps\web\e2e\artifact-viewers.spec.ts:395:1 › the cards add no motion of their own when motion is reduced (567ms)
  ok  59 [chromium] › apps\web\e2e\artifact-viewers.spec.ts:413:1 › the cards read at phone width; a long line scrolls inside its card, not the page (2.3s)
  ok  60 [chromium] › apps\web\e2e\artifact-viewers.spec.ts:444:1 › the library previews each card through the production renderer (4.2s)
  ok  61 [chromium] › apps\web\e2e\attachments.spec.ts:106:1 › the attach button is enabled and offers a file input (533ms)
  ok  62 [chromium] › apps\web\e2e\attachments.spec.ts:122:1 › two attached files show chips with name, size and state (730ms)
  ok  63 [chromium] › apps\web\e2e\attachments.spec.ts:143:1 › sending stores one attachment block per file in the timeline (693ms)
  ok  64 [chromium] › apps\web\e2e\attachments.spec.ts:164:1 › the agent answers using the content of an attached file (914ms)
  ok  65 [chromium] › apps\web\e2e\attachments.spec.ts:188:1 › the agent answers using the content of an attached pdf (710ms)
  ok  66 [chromium] › apps\web\e2e\attachments.spec.ts:201:1 › an upload still checking keeps the draft and selected file until a later send (657ms)
  ok  67 [chromium] › apps\web\e2e\attachments.spec.ts:235:1 › the attachments are still in the timeline after a reload (952ms)
  ok  68 [chromium] › apps\web\e2e\attachments.spec.ts:249:1 › the image attachment renders as an image after reload (1.6s)
  ok  69 [chromium] › apps\web\e2e\attachments.spec.ts:270:1 › an oversized file is refused on the chip with a stated reason (2.1s)
  ok  70 [chromium] › apps\web\e2e\attachments.spec.ts:282:1 › a declined type is refused before any request is made (547ms)
  ok  71 [chromium] › apps\web\e2e\attachments.spec.ts:304:1 › a chip can be removed before sending (926ms)
  ok  72 [chromium] › apps\web\e2e\attachments.spec.ts:320:1 › a pasted image becomes a chip (549ms)
  ok  73 [chromium] › apps\web\e2e\attachments.spec.ts:342:1 › a chip whose upload failed is not sent with the message (2.4s)
  ok  74 [chromium] › apps\web\e2e\automation.spec.ts:30:1 › a reminder set up in the conversation is said there, and left in the inbox, when its signal arrives (5.7s)
  ok  75 [chromium] › apps\web\e2e\automation.spec.ts:76:1 › an address in what the node says on its own opens as a link, the way a task's pull request is reported (6.5s)
  ok  76 [chromium] › apps\web\e2e\autonomy.spec.ts:39:1 › a command runs without an approval card under the default policy (794ms)
  ok  77 [chromium] › apps\web\e2e\autonomy.spec.ts:55:1 › the Autonomy control lives in the Control tab, and saving it reaches the node (2.2s)
  ok  78 [chromium] › apps\web\e2e\background-work.spec.ts:44:1 › the background limit chosen in Settings is the one the node admits work under (1.2s)
  ok  79 [chromium] › apps\web\e2e\background-work.spec.ts:63:1 › a running background request is stopped from the process panel and reported as stopped (10.6s)
  ok  80 [chromium] › apps\web\e2e\browser-takeover.spec.ts:41:1 › a takeover changes who may act, and a stop ends the session (2.0s)
  ok  81 [chromium] › apps\web\e2e\browser-task-effect.spec.ts:57:1 › a submit the page never answers is held as unknown, heard in the inbox, and answered by the person once (6.5s)
  ok  82 [chromium] › apps\web\e2e\calendar-views.spec.ts:118:1 › the month view places events by the calendar's timezone, walks days from the keyboard, and keeps a selected event (2.1s)
  ok  83 [chromium] › apps\web\e2e\calendar-views.spec.ts:193:1 › the week view shows all-day and overnight events on each of their days, with now among today's events (2.1s)
  ok  84 [chromium] › apps\web\e2e\calendar-views.spec.ts:268:1 › the agenda lists the month's days with events, marks now, and switches views from the same calendar (2.3s)
  ok  85 [chromium] › apps\web\e2e\calendar-views.spec.ts:303:1 › a page that asks for an event the node no longer holds is told so in the person's language (1.6s)
  ok  86 [chromium] › apps\web\e2e\calendar-views.spec.ts:339:1 › an event written with no offset is at its time in the calendar's timezone, in the browser as on the node (2.1s)
  ok  87 [chromium] › apps\web\e2e\calendar-views.spec.ts:366:1 › a month that does not exist is refused with the host's reason, and no calendar is drawn (595ms)
  ok  88 [chromium] › apps\web\e2e\calendar-views.spec.ts:375:1 › the calendar adds no motion of its own when motion is reduced (578ms)
  ok  89 [chromium] › apps\web\e2e\calendar-views.spec.ts:391:1 › the library previews the week and agenda fixtures through the production renderer, usable without a node (2.5s)
  ok  90 [chromium] › apps\web\e2e\calendar-views.spec.ts:422:1 › the week view is usable at phone width without scrolling sideways, in the light theme (1.7s)
  ok  91 [chromium] › apps\web\e2e\capability-approvals.spec.ts:68:1 › nothing is shown when there is nothing to decide (915ms)
  ok  92 [chromium] › apps\web\e2e\capability-approvals.spec.ts:74:1 › a question is answered with the digest it was shown under, and the outcome takes focus (1.0s)
  ok  93 [chromium] › apps\web\e2e\capability-approvals.spec.ts:98:1 › a refused answer says nothing was granted and keeps the question (1.2s)
  ok  94 [chromium] › apps\web\e2e\composer-draft.spec.ts:37:1 › a sent message leaves the composer empty (644ms)
  ok  95 [chromium] › apps\web\e2e\composer-draft.spec.ts:53:1 › a refused send gives the typed text back (1.6s)
  ok  96 [chromium] › apps\web\e2e\composer-references.spec.ts:65:1 › a skill chosen after a slash with the keyboard is sent, shown and briefed to the turn (889ms)
  ok  97 [chromium] › apps\web\e2e\composer-references.spec.ts:105:1 › a file inside a project is reached by opening folders with Tab and sent with Enter (1.1s)
  ok  98 [chromium] › apps\web\e2e\composer-references.spec.ts:144:1 › Escape closes the picker and leaves the draft as it was (838ms)
  ok  99 [chromium] › apps\web\e2e\composer-references.spec.ts:162:1 › the pointer chooses a row and opens a folder, and removing a chip takes its token out (1.4s)
  ok 100 [chromium] › apps\web\e2e\composer-references.spec.ts:190:1 › a file deleted after it was chosen refuses the send by name and keeps the draft (1.8s)
  ok 101 [chromium] › apps\web\e2e\composer-references.spec.ts:217:1 › an input method's Enter finishes its word instead of choosing a row or sending, and Shift+Enter starts a line (765ms)
  ok 102 [chromium] › apps\web\e2e\composer-references.spec.ts:259:1 › background work is pointed at with an at sign and briefed by what the node holds of it (911ms)
  ok 103 [chromium] › apps\web\e2e\composer-references.spec.ts:301:1 › a package's service is pointed at by its name and offered with its state only (763ms)
  ok 104 [chromium] › apps\web\e2e\composition-graph.spec.ts:64:1 › a choice switches the chart's series and a search narrows the table, and the live surface keeps both (3.3s)
  ok 105 [chromium] › apps\web\e2e\composition-graph.spec.ts:157:1 › the transcript's copy can be explored on the page, and nothing is sent (1.8s)
  ok 106 [chromium] › apps\web\e2e\composition-graph.spec.ts:177:1 › a graph the node cannot check is refused in the conversation, with the reason, and nothing is drawn (619ms)
  ok 107 [chromium] › apps\web\e2e\computer-session.spec.ts:41:1 › a desktop session reports the permission it does not own, and still lets the user take it (1.6s)
  ok 108 [chromium] › apps\web\e2e\conversation-delete.spec.ts:43:3 › policy asks, keeps on decline and deletes once approved at 1280 light (1.3s)
  ok 109 [chromium] › apps\web\e2e\conversation-delete.spec.ts:43:3 › policy asks, keeps on decline and deletes once approved at 1280 dark (1.3s)
  ok 110 [chromium] › apps\web\e2e\conversation-delete.spec.ts:43:3 › policy asks, keeps on decline and deletes once approved at 390 light (1.3s)
  ok 111 [chromium] › apps\web\e2e\conversation-delete.spec.ts:43:3 › policy asks, keeps on decline and deletes once approved at 390 dark (1.3s)
  ok 112 [chromium] › apps\web\e2e\conversation-delete.spec.ts:81:1 › an explicit English request in autonomous mode deletes without adding a confirmation (1.0s)
  ok 113 [chromium] › apps\web\e2e\credentials.spec.ts:51:1 › lists every stored key by name, with connection status, and never shows the value that was typed (1.2s)
  ok 114 [chromium] › apps\web\e2e\credentials.spec.ts:91:1 › replace and remove both work, and removing drops the connected status (2.2s)
  ok 115 [chromium] › apps\web\e2e\credentials.spec.ts:117:1 › Devices & Voice no longer embeds a key form, and points at the Credentials section instead (1.1s)
  ok 116 [chromium] › apps\web\e2e\desktop-window-controls.spec.ts:98:1 › a plain browser draws no window chrome at all (551ms)
  ok 117 [chromium] › apps\web\e2e\desktop-window-controls.spec.ts:103:1 › an older shell keeps its chrome but gets no minimize or full screen button (527ms)
  ok 118 [chromium] › apps\web\e2e\desktop-window-controls.spec.ts:111:1 › full screen and back from the keyboard, showing what the window reported (647ms)
  ok 119 [chromium] › apps\web\e2e\desktop-window-controls.spec.ts:134:1 › a change the OS made on its own is reflected without anybody clicking (546ms)
  ok 120 [chromium] › apps\web\e2e\desktop-window-controls.spec.ts:147:1 › a shell that refuses full screen says so and the button does not pretend (585ms)
  ok 121 [chromium] › apps\web\e2e\desktop-window-controls.spec.ts:165:1 › saying “phóng to toàn màn hình” reaches the same verb as the button (4.4s)
  ok 122 [chromium] › apps\web\e2e\detach.spec.ts:72:1 › the detached composition draws the host revision and follows a checked appearance relay in place (335ms)
  ok 123 [chromium] › apps\web\e2e\detach.spec.ts:102:1 › the detached window draws the instance the host handed over, and asks it to hand back (329ms)
  ok 124 [chromium] › apps\web\e2e\detach.spec.ts:118:1 › a window that was handed nothing says so instead of showing an empty frame (296ms)
  ok 125 [chromium] › apps\web\e2e\detach.spec.ts:131:1 › a token in the address bar buys the detached window no conversation (279ms)
  ok 126 [chromium] › apps\web\e2e\diff-keyboard.spec.ts:57:1 › a diff is reachable and visibly focused using only the keyboard (1.6s)
  ok 127 [chromium] › apps\web\e2e\inbox-copy-details.spec.ts:122:1 › Copy details puts the notice's own fields on the clipboard, hidden characters as markers, and says so where focus stays (5.2s)
  ok 128 [chromium] › apps\web\e2e\inbox-copy-details.spec.ts:175:1 › a clipboard the browser refuses is said in words, the inbox stays open, and only the latest press is said (6.1s)
  ok 129 [chromium] › apps\web\e2e\inbox-notifications.spec.ts:137:1 › disabling a group silences its notification, the other group's still shows, and neither carries a secret (6.3s)
  ok 130 [chromium] › apps\web\e2e\inbox-notifications.spec.ts:201:1 › a notification for a waiting item never carries its command or a secret-shaped token (6.0s)
  ok 131 [chromium] › apps\web\e2e\inbox-notifications.spec.ts:274:1 › no notification appears while the window is focused, since the in-app mark already covers it (13.2s)
  ok 132 [chromium] › apps\web\e2e\inbox-notifications.spec.ts:312:1 › a desktop notification the OS refused is reported beside the OS toggle, and clears once the OS accepts one again (11.1s)
  ok 133 [chromium] › apps\web\e2e\inbox-notifications.spec.ts:392:1 › clicking a desktop notification opens the inbox on the item it was about, and says so once that item is gone (6.3s)
  ok 134 [chromium] › apps\web\e2e\inbox.spec.ts:81:1 › a pending approval raises the mark, and denying it from the inbox answers in its conversation (1.8s)
  ok 135 [chromium] › apps\web\e2e\inbox.spec.ts:122:1 › approving from the inbox runs the command in its conversation (1.8s)
  ok 136 [chromium] › apps\web\e2e\inbox.spec.ts:142:1 › a typed command opens the same inbox, and Escape hands focus back (834ms)
  ok 137 [chromium] › apps\web\e2e\inbox.spec.ts:174:1 › the inbox fits a narrow window and works with reduced motion (740ms)
  ok 138 [chromium] › apps\web\e2e\inbox.spec.ts:204:1 › background work that finishes leaves a notice, and the notice leads back to its conversation (6.5s)
  ok 139 [chromium] › apps\web\e2e\inbox.spec.ts:295:1 › a notice can be marked unread, dismissed and brought back, added to a message and asked about (4.0s)
  ok 140 [chromium] › apps\web\e2e\inbox.spec.ts:386:1 › a snoozed notice leaves the inbox and the count, and comes back unread when its time passes (18.3s)
  ok 141 [chromium] › apps\web\e2e\inbox.spec.ts:438:1 › quieting a kind of notice keeps later ones out of the count, and notifying again is one press away (7.4s)
  ok 142 [chromium] › apps\web\e2e\inbox.spec.ts:496:1 › asking Clark about the latest notice, typed, sends the newest notice as a reference (2.5s)
  ok 143 [chromium] › apps\web\e2e\inbox.spec.ts:512:1 › an approval from another conversation is decided from the inbox without leaving the one on screen (2.3s)
  ok 144 [chromium] › apps\web\e2e\inbox.spec.ts:578:1 › answering an unknown outcome from the inbox resolves its notice and tells the conversation (827ms)
  ok 145 [chromium] › apps\web\e2e\inbox.spec.ts:621:1 › saying it did not take effect, typed, opens the inbox on the answer instead of recording it unasked (1.2s)
  ok 146 [chromium] › apps\web\e2e\inbox.spec.ts:669:1 › dismissing the latest notification, typed, is done by the node on the notice it names, and says so (3.3s)
  ok 147 [chromium] › apps\web\e2e\inbox.spec.ts:744:1 › the Undo under a dismissal's reply says quietly when its five minutes have passed (2.4s)
  ok 148 [chromium] › apps\web\e2e\inbox.spec.ts:763:1 › undoing a dismissal, said in words, brings back the notice most recently dismissed (2.6s)
  ok 149 [chromium] › apps\web\e2e\inbox.spec.ts:782:1 › background work that failed is run again from its notice, and the new run reports for itself (4.5s)
  ok 150 [chromium] › apps\web\e2e\inbox.spec.ts:813:1 › a question nobody answered in time is asked again from its notice (1.3s)
  ok 151 [chromium] › apps\web\e2e\inbox.spec.ts:858:1 › an update notice updates through the install route, opens Settings to review, and skips a version undoably (2.2s)
  ok 152 [chromium] › apps\web\e2e\input-primitives.spec.ts:89:1 › a form shows what is wrong where it is, then sends what was filled in to Clark (2.0s)
  ok 153 [chromium] › apps\web\e2e\input-primitives.spec.ts:188:1 › a form asking for a secret is refused before it is drawn (615ms)
  ok 154 [chromium] › apps\web\e2e\input-primitives.spec.ts:199:1 › a list pages, picks by id, and sends the item a person pressed (2.2s)
  ok 155 [chromium] › apps\web\e2e\input-primitives.spec.ts:263:1 › a search box in a composed surface narrows the table beside it, and nothing is sent (1.5s)
  ok 156 [chromium] › apps\web\e2e\input-primitives.spec.ts:317:1 › a form and a list read at phone width, and a finger can use them (1.6s)
  ok 157 [chromium] › apps\web\e2e\install-approval.spec.ts:106:1 › Deny leaves what is installed as it was (2.7s)
  ok 158 [chromium] › apps\web\e2e\install-approval.spec.ts:119:1 › Approve installs exactly the version that was asked about (2.7s)
  ok 159 [chromium] › apps\web\e2e\installed-packages.spec.ts:41:1 › the installed list says it is empty rather than showing a placeholder (1.1s)
  ok 160 [chromium] › apps\web\e2e\installed-packages.spec.ts:85:1 › the lane is carried on the row, so two very different trust levels cannot read the same (1.1s)
  ok 161 [chromium] › apps\web\e2e\interaction-state.spec.ts:52:1 › the shell publishes window mode, policy mode and input modality as root attributes (535ms)
  ok 162 [chromium] › apps\web\e2e\interaction-state.spec.ts:62:1 › data-input-modality follows the keyboard, not a component's own guess (581ms)
  ok 163 [chromium] › apps\web\e2e\interaction-state.spec.ts:78:1 › data-policy-mode follows a saved change to the execution policy (1.9s)
  ok 164 [chromium] › apps\web\e2e\interaction-state.spec.ts:120:1 › Tab produces a visible, non-accent focus ring on the settings gear (576ms)
  ok 165 [chromium] › apps\web\e2e\interaction-state.spec.ts:144:1 › reduced motion collapses every animation's duration, none left spinning at zero forever (600ms)
  ok 166 [chromium] › apps\web\e2e\interactions.spec.ts:38:1 › a question is asked, answered, and the answer opens the next turn (1.6s)
  ok 167 [chromium] › apps\web\e2e\j1.spec.ts:78:1 › the client loads, reports a real connection, and asks what to do (583ms)
  ok 168 [chromium] › apps\web\e2e\j1.spec.ts:98:1 › a suggestion produces a labelled sample with a real widget (1.6s)
  ok 169 [chromium] › apps\web\e2e\j1.spec.ts:118:1 › typing a message works, and the answer comes back from the node (779ms)
  ok 170 [chromium] › apps\web\e2e\j1.spec.ts:134:1 › pinning and unpinning keeps the widget data (4.0s)
  ok 171 [chromium] › apps\web\e2e\j1.spec.ts:153:1 › reopening the app resumes the same conversation (1.8s)
  ok 172 [chromium] › apps\web\e2e\j1.spec.ts:164:1 › the composer is keyboard operable end to end (3.0s)
  ok 173 [chromium] › apps\web\e2e\j1.spec.ts:184:1 › the bearer token is never written into the page (1.5s)
  ok 174 [chromium] › apps\web\e2e\j1.spec.ts:194:1 › an unauthenticated client is told what it needs instead of failing silently (301ms)
  ok 175 [chromium] › apps\web\e2e\j1.spec.ts:200:1 › a highlighted passage can be attached to the next prompt (703ms)
  ok 176 [chromium] › apps\web\e2e\j1.spec.ts:226:1 › the header says nothing about background work when there is none (484ms)
  ok 177 [chromium] › apps\web\e2e\j1.spec.ts:233:1 › a selected passage can be sent to a background session (6.1s)
  ok 178 [chromium] › apps\web\e2e\language-settings-en.spec.ts:100:1 › every Settings tab renders with no leftover Vietnamese chrome once English is chosen (2.0s)
  ok 179 [chromium] › apps\web\e2e\language-shell-en.spec.ts:66:1 › the hero empty state, header and an attachment failure read in English once the language is switched (1.2s)
  ok 180 [chromium] › apps\web\e2e\language-shell-en.spec.ts:105:1 › the voice overlay's dialog chrome reads in English once the language is switched (1.2s)
  ok 181 [chromium] › apps\web\e2e\language-switch.spec.ts:58:1 › choosing English changes the composer, a voice control, and the marketplace heading (3.4s)
  ok 182 [chromium] › apps\web\e2e\language-timeline-en.spec.ts:63:1 › switching to English translates an approval card and a tool call's chrome (1.2s)
  ok 183 [chromium] › apps\web\e2e\language.spec.ts:44:1 › switching the UI language changes visible labels, sets <html lang>, and survives a reload (1.9s)
  ok 184 [chromium] › apps\web\e2e\layout-tree.spec.ts:59:1 › a grid of two tiles and a card is drawn as the tree says, and again from history after a reload (3.2s)
  ok 185 [chromium] › apps\web\e2e\layout-tree.spec.ts:103:1 › tabs follow the keyboard, a collapsible opens, and a split stacks when narrow (2.3s)
  ok 186 [chromium] › apps\web\e2e\layout-tree.spec.ts:167:1 › a tree the node cannot honour is refused in the conversation, with the reason, and nothing is drawn (678ms)
  ok 187 [chromium] › apps\web\e2e\marketplace-search.spec.ts:42:1 › a search result names its directory, its source and its risk lane (640ms)
  ok 188 [chromium] › apps\web\e2e\marketplace-search.spec.ts:61:1 › every install control belongs to the row it acts on (610ms)
  ok 189 [chromium] › apps\web\e2e\memory.spec.ts:57:1 › a node that has remembered nothing says so (1.1s)
  ok 190 [chromium] › apps\web\e2e\memory.spec.ts:76:1 › a remembered thing shows its source and its kind (1.1s)
  ok 191 [chromium] › apps\web\e2e\memory.spec.ts:95:1 › deleting a remembered thing removes it rather than hiding it (1.7s)
  ok 192 [chromium] › apps\web\e2e\mini-app.spec.ts:97:1 › renders a composed overview whose figures come from the node's own records (3.6s)
  ok 193 [chromium] › apps\web\e2e\mini-app.spec.ts:182:1 › the live view changes while the transcript keeps what it showed (3.3s)
  ok 194 [chromium] › apps\web\e2e\mini-app.spec.ts:218:1 › the expanded view is operable and dismissible from the keyboard alone (1.1s)
  ok 195 [chromium] › apps\web\e2e\mini-app.spec.ts:270:1 › a second surface is refused the live view and says so instead of taking over (1.9s)
  ok 196 [chromium] › apps\web\e2e\mini-app.spec.ts:311:1 › a pinned surface mounts near the viewport and suspends when it leaves (2.9s)
  ok 197 [chromium] › apps\web\e2e\model-pool.spec.ts:37:1 › the hotkey moves to the next profile and the label follows (988ms)
  ok 198 [chromium] › apps\web\e2e\onboarding.spec.ts:55:1 › the empty state offers four chips and says which need a model (528ms)
  ok 199 [chromium] › apps\web\e2e\onboarding.spec.ts:74:1 › a chip sends a real message and the empty state goes away (2.3s)
  ok 200 [chromium] › apps\web\e2e\onboarding.spec.ts:94:3 › the first run › shows the name, the tagline and one way in, and does not come back (1.7s)
  ok 201 [chromium] › apps\web\e2e\onboarding.spec.ts:130:3 › the first run on a node that has been told nothing › asks for nothing it does not need, and offers setup where the answer is used (2.4s)
  ok 202 [chromium] › apps\web\e2e\onboarding.spec.ts:159:3 › the first run on a node that has been told nothing › a reload after the first run does not ask again (1.7s)
  ok 203 [chromium] › apps\web\e2e\onboarding.spec.ts:187:3 › the first run carries the orb › the first run carries the same orb, drawn into the space it reserves (1.3s)
  ok 204 [chromium] › apps\web\e2e\onboarding.spec.ts:222:3 › the first run is not covered by its own orb › what is on top at the point somebody aims at is the control, not the orb (343ms)
  ok 205 [chromium] › apps\web\e2e\orb.spec.ts:117:1 › the shipped orb is what an unpersonalized node draws (556ms)
  ok 206 [chromium] › apps\web\e2e\orb.spec.ts:129:1 › a stored profile reaches the renderer and survives a reload (1.2s)
  ok 207 [chromium] › apps\web\e2e\orb.spec.ts:160:1 › the node refuses a profile value outside the declared bounds, and the orb keeps drawing (845ms)
  ok 208 [chromium] › apps\web\e2e\orb.spec.ts:179:1 › typing does not rebuild the orb (928ms)
  ok 209 [chromium] › apps\web\e2e\orb.spec.ts:195:1 › reduced motion wins over a profile that asks for motion (575ms)
  ok 210 [chromium] › apps\web\e2e\orb.spec.ts:253:1 › a style chosen in Settings changes the orb at once, keeps its colours in the preview, and survives a reload (3.4s)
  ok 211 [chromium] › apps\web\e2e\orb.spec.ts:385:1 › on the light theme every style's interior shows through the glass, and the styles look different (4.6s)
  ok 212 [chromium] › apps\web\e2e\orb.spec.ts:427:1 › the styles are chosen from the keyboard alone, with a visible focus ring (898ms)
  ok 213 [chromium] › apps\web\e2e\orb.spec.ts:448:3 › on a phone › the styles fit a 390px screen and answer a tap (1.9s)
  ok 214 [chromium] › apps\web\e2e\orb.spec.ts:490:1 › reduced motion stills every style, and the preview says so (3.9s)
  ok 215 [chromium] › apps\web\e2e\orb.spec.ts:524:1 › without WebGL the orb stays visible in its style's colours, and Settings says why it is still (1.2s)
  ok 216 [chromium] › apps\web\e2e\orb.spec.ts:562:1 › the shell publishes how the user is interacting and what the agent is doing (596ms)
  ok 217 [chromium] › apps\web\e2e\orb.spec.ts:579:1 › the agent state follows a real turn (732ms)
  -  218 [chromium] › apps\web\e2e\orb.spec.ts:610:1 › the orb is not rebuilt while the pointer moves across it
  ok 219 [chromium] › apps\web\e2e\package-install.spec.ts:42:1 › a listing can be installed, and says so (703ms)
  ok 220 [chromium] › apps\web\e2e\package-install.spec.ts:53:1 › a package the directory does not list is refused by name, in place (737ms)
  ok 221 [chromium] › apps\web\e2e\package-install.spec.ts:73:3 › a result's source, risk lane and digest read apart at 1280 px, dark (1.6s)
  ok 222 [chromium] › apps\web\e2e\package-install.spec.ts:73:3 › a result's source, risk lane and digest read apart at 390 px, light (1.6s)
  ok 223 [chromium] › apps\web\e2e\package-install.spec.ts:73:3 › a result's source, risk lane and digest read apart at 390 px, dark (1.6s)
  ok 224 [chromium] › apps\web\e2e\package-install.spec.ts:101:1 › only the listing that was pressed reports an outcome (688ms)
  ok 225 [chromium] › apps\web\e2e\package-lifecycle.spec.ts:39:1 › an uninstalled package keeps a restore control, and restoring brings it back (1.2s)
  ok 226 [chromium] › apps\web\e2e\package-lifecycle.spec.ts:77:1 › a package that is not installed is refused by name (5ms)
  ok 227 [chromium] › apps\web\e2e\question-voice.spec.ts:57:1 › an answer spoken out loud lands in the transcript exactly where a pressed one does (3.0s)
  ok 228 [chromium] › apps\web\e2e\question.spec.ts:38:1 › an answer becomes the user's own message, and the card stops asking (774ms)
  ok 229 [chromium] › apps\web\e2e\question.spec.ts:73:1 › a form's draft survives a rerender, and submitting sends the answers as a message (1.8s)
  ok 230 [chromium] › apps\web\e2e\reasoning-writing.spec.ts:143:1 › the reasoning block says it is still being written, and stops when the writing stops (738ms)
  ok 231 [chromium] › apps\web\e2e\reasoning-writing.spec.ts:179:1 › a reasoning block the node recorded never claims to be still being written (708ms)
  ok 232 [chromium] › apps\web\e2e\reference-theme-composition.spec.ts:14:3 › pixel-arcade reaches a real declarative composition and its built-in widgets at 1280 dark (2.2s)
  ok 233 [chromium] › apps\web\e2e\reference-theme-composition.spec.ts:14:3 › pixel-arcade reaches a real declarative composition and its built-in widgets at 1280 light (2.2s)
  ok 234 [chromium] › apps\web\e2e\reference-theme-composition.spec.ts:14:3 › pixel-arcade reaches a real declarative composition and its built-in widgets at 390 dark (2.6s)
  ok 235 [chromium] › apps\web\e2e\reference-theme-composition.spec.ts:14:3 › pixel-arcade reaches a real declarative composition and its built-in widgets at 390 light (2.9s)
  ok 236 [chromium] › apps\web\e2e\reference-theme-composition.spec.ts:14:3 › neo-brutalism reaches a real declarative composition and its built-in widgets at 1280 dark (2.0s)
  ok 237 [chromium] › apps\web\e2e\reference-theme-composition.spec.ts:14:3 › neo-brutalism reaches a real declarative composition and its built-in widgets at 1280 light (1.9s)
  ok 238 [chromium] › apps\web\e2e\reference-theme-composition.spec.ts:14:3 › neo-brutalism reaches a real declarative composition and its built-in widgets at 390 dark (1.8s)
  ok 239 [chromium] › apps\web\e2e\reference-theme-composition.spec.ts:14:3 › neo-brutalism reaches a real declarative composition and its built-in widgets at 390 light (2.2s)
  ok 240 [chromium] › apps\web\e2e\restart-session.spec.ts:62:1 › the logo returns to the start screen, and the fresh start survives a reload (2.7s)
  ok 241 [chromium] › apps\web\e2e\restart-session.spec.ts:85:1 › the next message opens a new conversation rather than continuing the old one (2.6s)
  ok 242 [chromium] › apps\web\e2e\secret-input.spec.ts:39:1 › a secret typed into the card is stored, and is nowhere afterwards (755ms)
  ok 243 [chromium] › apps\web\e2e\secrets.spec.ts:42:1 › a secret typed into the card is stored, and is nowhere afterwards (1.7s)
  ok 244 [chromium] › apps\web\e2e\service-facet.spec.ts:93:1 › the widget's button calls the package's service and shows what it answered (999ms)
  ok 245 [chromium] › apps\web\e2e\service-facet.spec.ts:110:1 › the agent calls the same capability, and the widget reads back what it added (1.0s)
  ok 246 [chromium] › apps\web\e2e\service-facet.spec.ts:126:1 › a spoken command runs the widget's action through the same host path (3.7s)
[WebServer] services: com.example.notes@1.0.0:codegen_muo871l455c642m#com.example.notes.service stopped: mcp server com.example.notes@1.0.0:codegen_muo871l455c642m#com.example.notes.service exited with code 137
  ok 247 [chromium] › apps\web\e2e\service-facet.spec.ts:145:1 › a killed service shows as unavailable with its reason, the frame stays usable, and it comes back (6.2s)
  ok 248 [chromium] › apps\web\e2e\status-cards.spec.ts:197:1 › a status, a progress and a details card say what the model wrote, and nothing claims to be live (4.5s)
  ok 249 [chromium] › apps\web\e2e\status-cards.spec.ts:285:1 › a progress value above its maximum is refused with the host's reason, and no card is drawn (620ms)
  ok 250 [chromium] › apps\web\e2e\status-cards.spec.ts:294:1 › the cards add no motion of their own when motion is reduced (554ms)
  ok 251 [chromium] › apps\web\e2e\status-cards.spec.ts:308:1 › the cards read at phone width without scrolling sideways (2.3s)
  ok 252 [chromium] › apps\web\e2e\status-cards.spec.ts:336:1 › the library previews each card through the production renderer (4.1s)
  ok 253 [chromium] › apps\web\e2e\status-cards.spec.ts:393:1 › a details card as a tile of a grid asked for three columns keeps each label beside or above its own value (2.3s)
  ok 254 [chromium] › apps\web\e2e\status-cards.spec.ts:444:1 › the grid of cards reads at phone width, each fact's value under its label (1.7s)
  ok 255 [chromium] › apps\web\e2e\status-cards.spec.ts:468:1 › a status card an older node stored with a line break in its label says it cannot be read, and draws no forged line (625ms)
  ok 256 [chromium] › apps\web\e2e\suggestions.spec.ts:53:1 › a chip drawn from the node's own records says where it came from (529ms)
  ok 257 [chromium] › apps\web\e2e\suggestions.spec.ts:64:1 › pressing a suggestion sends the sentence it showed (1.5s)
  ok 258 [chromium] › apps\web\e2e\suggestions.spec.ts:88:1 › with two sessions behind it, the offer is the one touched last (555ms)
  ok 259 [chromium] › apps\web\e2e\table-contract.spec.ts:68:1 › a table sorts, pages, searches, selects and exports a CSV with its formulas defused (1.4s)
  ok 260 [chromium] › apps\web\e2e\table-contract.spec.ts:158:1 › the table stays usable on a phone-sized screen (2.7s)
  ok 261 [chromium] › apps\web\e2e\task-stop.spec.ts:42:1 › pressing Stop changes the task's state on the node, and says which of the two things happened (1.0s)
  ok 262 [chromium] › apps\web\e2e\terminal.spec.ts:46:1 › a command typed into the terminal runs, and its result goes back to the conversation (3.7s)
  ok 263 [chromium] › apps\web\e2e\terminal.spec.ts:73:1 › the keyboard can leave the terminal, and the process panel closes back to its button (1.7s)
  ok 264 [chromium] › apps\web\e2e\terminal.spec.ts:98:1 › closing the terminal says the shell ended instead of leaving a dead prompt that looks live (1.7s)
  ok 265 [chromium] › apps\web\e2e\terminal.spec.ts:107:1 › the card fits a narrow window without scrolling the page sideways (604ms)
  ok 266 [chromium] › apps\web\e2e\terminal.spec.ts:118:1 › a terminal asked for a conversation that does not exist is never opened (20ms)
  ok 267 [chromium] › apps\web\e2e\theme-authoring.spec.ts:11:5 › a theme author previews production components and reloads data in place at 1280 dark (2.0s)
  ok 268 [chromium] › apps\web\e2e\theme-authoring.spec.ts:11:5 › a theme author previews production components and reloads data in place at 1280 light (1.7s)
  ok 269 [chromium] › apps\web\e2e\theme-authoring.spec.ts:11:5 › a theme author previews production components and reloads data in place at 390 dark (1.7s)
  ok 270 [chromium] › apps\web\e2e\theme-authoring.spec.ts:11:5 › a theme author previews production components and reloads data in place at 390 light (1.7s)
  ok 271 [chromium] › apps\web\e2e\theme-gallery.spec.ts:13:3 › theme gallery previews without writes, customizes and resets in place at 1280 dark (3.4s)
  ok 272 [chromium] › apps\web\e2e\theme-gallery.spec.ts:13:3 › theme gallery previews without writes, customizes and resets in place at 1280 light (3.6s)
  ok 273 [chromium] › apps\web\e2e\theme-gallery.spec.ts:13:3 › theme gallery previews without writes, customizes and resets in place at 390 dark (3.3s)
  ok 274 [chromium] › apps\web\e2e\theme-gallery.spec.ts:13:3 › theme gallery previews without writes, customizes and resets in place at 390 light (3.4s)
[overflow] theme-picker-1280-dark: scrollWidth 1280 - clientWidth 1280 = 0
[overflow] theme-picker-1280-light: scrollWidth 1280 - clientWidth 1280 = 0
[overflow] theme-picker-390-dark: scrollWidth 390 - clientWidth 390 = 0
[overflow] theme-picker-390-dark-details: scrollWidth 390 - clientWidth 390 = 0
[overflow] theme-picker-1280-fallback: scrollWidth 1280 - clientWidth 1280 = 0
[overflow] theme-fallback-low-contrast-1280-dark: scrollWidth 1280 - clientWidth 1280 = 0
[overflow] theme-fallback-low-contrast-1280-light: scrollWidth 1280 - clientWidth 1280 = 0
[overflow] theme-fallback-low-contrast-390-dark: scrollWidth 390 - clientWidth 390 = 0
  ok 275 [chromium] › apps\web\e2e\themes.spec.ts:83:1 › a package theme restyles the window in place, falls back when removed or unreadable, and returns when restored (15.5s)
  ok 276 [chromium] › apps\web\e2e\turn-stop.spec.ts:70:1 › pressing Stop ends the reply, keeps what it wrote with a stopped label, and nothing more arrives (2.5s)
  ok 277 [chromium] › apps\web\e2e\turn-stop.spec.ts:78:1 › Escape in the composer stops the reply the same way (2.6s)
  ok 278 [chromium] › apps\web\e2e\turn-stop.spec.ts:84:1 › typing "dừng lại" while the reply is being written stops it, and the sentence is not left in the composer (2.0s)
  ok 279 [chromium] › apps\web\e2e\turn-stop.spec.ts:95:1 › an ordinary sentence typed while the reply is being written stays in the composer and does not stop it (1.5s)
  ok 280 [chromium] › apps\web\e2e\voice-agent-control.spec.ts:90:1 › the header's home button and a typed control_app decision land on the same start screen (2.7s)
  ok 281 [chromium] › apps\web\e2e\voice-agent-control.spec.ts:112:1 › a spoken sentence the registry does not match reaches control_app, with the same read-back the typed route gets (3.9s)
[WebServer] request POST /conversations failed: Error: UNIQUE constraint failed: conversations.conversation_id
[WebServer]     at file:///D:/wt302/packages/storage/src/repositories/conversations.ts:25:7
[WebServer]     at transaction (file:///D:/wt302/packages/storage/src/db.ts:87:20)
[WebServer]     at createConversation (file:///D:/wt302/packages/storage/src/repositories/conversations.ts:22:3)
[WebServer]     at handleConversationRoutes (file:///D:/wt302/apps/runtime/src/routes/conversations.ts:933:7)
[WebServer]     at handleRequest (file:///D:/wt302/apps/runtime/src/gateway.ts:304:18)
[WebServer]     at process.processTicksAndRejections (node:internal/process/task_queues:104:5)
[WebServer]     at async file:///D:/wt302/apps/runtime/src/server.ts:162:18
  ok 282 [chromium] › apps\web\e2e\voice-bar.spec.ts:46:1 › the compact surface is the whole window when the client is asked for it (692ms)
  ok 283 [chromium] › apps\web\e2e\voice-bar.spec.ts:64:1 › the session survives both directions of the change (730ms)
  ok 284 [chromium] › apps\web\e2e\voice-control.spec.ts:94:1 › a spoken command and the same click open Settings in the same state (4.1s)
  ok 285 [chromium] › apps\web\e2e\voice-control.spec.ts:124:1 › a spoken tab change lands on the tab that was named (3.6s)
  ok 286 [chromium] › apps\web\e2e\voice-control.spec.ts:141:1 › a spoken quit asks instead of closing anything (3.9s)
  ok 287 [chromium] › apps\web\e2e\voice-control.spec.ts:158:1 › a command the registry does not know is refused and changes nothing (3.9s)
  ok 288 [chromium] › apps\web\e2e\voice-control.spec.ts:180:1 › a spoken end closes the voice session (3.8s)
  ok 289 [chromium] › apps\web\e2e\voice-control.spec.ts:191:1 › a spoken home returns to the start screen (3.9s)
  ok 290 [chromium] › apps\web\e2e\voice-control.spec.ts:208:1 › a spoken attach opens the file picker (3.5s)
  ok 291 [chromium] › apps\web\e2e\voice-control.spec.ts:223:1 › a spoken window command is refused here rather than reported as done (3.9s)
  ok 292 [chromium] › apps\web\e2e\voice-control.spec.ts:234:1 › the fixture route is not there unless a scripted provider is loaded (532ms)
  -  293 [chromium] › apps\web\e2e\voice-live-provider.spec.ts:137:1 › a spoken settings-open command reaches control_app and lands on the same panel as a click
  -  294 [chromium] › apps\web\e2e\voice-live-provider.spec.ts:183:1 › a spoken home-navigation command reaches control_app
  ok 295 [chromium] › apps\web\e2e\voice-widget-action.spec.ts:90:1 › a spoken action the widget does not offer changes nothing (5.4s)
  ok 296 [chromium] › apps\web\e2e\voice-widget-action.spec.ts:120:1 › a spoken action and the same click reach the same state (5.4s)
  ok 297 [chromium] › apps\web\e2e\voice.spec.ts:76:1 › a session opened before any conversation exists still gets an answer (2.1s)
  ok 298 [chromium] › apps\web\e2e\voice.spec.ts:103:1 › a microphone session carries audio both ways and records the transcript (4.8s)
  ok 299 [chromium] › apps\web\e2e\widget-appearance.spec.ts:31:3 › an isolated widget follows dusk appearance in place at 1280 dark (2.8s)
  ok 300 [chromium] › apps\web\e2e\widget-appearance.spec.ts:31:3 › an isolated widget follows dusk appearance in place at 1280 light (2.7s)
  ok 301 [chromium] › apps\web\e2e\widget-appearance.spec.ts:31:3 › an isolated widget follows dusk appearance in place at 390 dark (3.9s)
  ok 302 [chromium] › apps\web\e2e\widget-appearance.spec.ts:31:3 › an isolated widget follows dusk appearance in place at 390 light (3.9s)
  ok 303 [chromium] › apps\web\e2e\widget-appearance.spec.ts:31:3 › an isolated widget follows pixel-arcade appearance in place at 1280 dark (3.4s)
  ok 304 [chromium] › apps\web\e2e\widget-appearance.spec.ts:31:3 › an isolated widget follows pixel-arcade appearance in place at 1280 light (3.2s)
  ok 305 [chromium] › apps\web\e2e\widget-appearance.spec.ts:31:3 › an isolated widget follows pixel-arcade appearance in place at 390 dark (5.1s)
  ok 306 [chromium] › apps\web\e2e\widget-appearance.spec.ts:31:3 › an isolated widget follows pixel-arcade appearance in place at 390 light (5.2s)
  ok 307 [chromium] › apps\web\e2e\widget-appearance.spec.ts:31:3 › an isolated widget follows neo-brutalism appearance in place at 1280 dark (3.1s)
  ok 308 [chromium] › apps\web\e2e\widget-appearance.spec.ts:31:3 › an isolated widget follows neo-brutalism appearance in place at 1280 light (3.3s)
  ok 309 [chromium] › apps\web\e2e\widget-appearance.spec.ts:31:3 › an isolated widget follows neo-brutalism appearance in place at 390 dark (4.6s)
  ok 310 [chromium] › apps\web\e2e\widget-appearance.spec.ts:31:3 › an isolated widget follows neo-brutalism appearance in place at 390 light (4.5s)
  ok 311 [chromium] › apps\web\e2e\widget-artifacts.spec.ts:93:1 › a widget picks through host chrome, reads in chunks, and saves and attaches a copy it wrote (13.0s)
  ok 312 [chromium] › apps\web\e2e\widget-artifacts.spec.ts:212:1 › the widget's file comes back as a card the person can open and save, in both themes and on a phone (4.8s)
  ok 313 [chromium] › apps\web\e2e\widget-artifacts.spec.ts:269:1 › the host's file questions fit a phone and both themes (4.4s)
  ok 314 [chromium] › apps\web\e2e\widget-frame-grant.spec.ts:158:1 › a frame reloaded after its URL lapsed reads a fresh URL once and runs again, with its state (11.3s)
  ok 315 [chromium] › apps\web\e2e\widget-frame-grant.spec.ts:210:1 › a lapsed frame URL fetched on its own is refused, with no bearer token to fall back on (7.0s)
  ok 316 [chromium] › apps\web\e2e\widget-frame-grant.spec.ts:224:1 › when the one re-read fails too, the failure is shown once with a way to try again, and nothing loops (17.8s)
  ok 317 [chromium] › apps\web\e2e\widget-frame.spec.ts:51:1 › a widget package runs in a sandboxed frame, and its code is the package's (849ms)
  ok 318 [chromium] › apps\web\e2e\widget-frame.spec.ts:66:1 › the frame is sandboxed with scripts and without a shared origin (739ms)
  ok 319 [chromium] › apps\web\e2e\widget-frame.spec.ts:73:1 › an action the widget invokes reaches the host and comes back (814ms)
  ok 320 [chromium] › apps\web\e2e\widget-frame.spec.ts:94:1 › one frame load hands the widget exactly one init and gets exactly one ready back (1.8s)
  ok 321 [chromium] › apps\web\e2e\widget-frame.spec.ts:134:1 › an action binding the host never accepted is refused, and nothing is performed (816ms)
  ok 322 [chromium] › apps\web\e2e\widget-frame.spec.ts:155:1 › the widget document is served under a policy that only this app may frame and nothing may widen (762ms)
  ok 323 [chromium] › apps\web\e2e\widget-frame.spec.ts:170:1 › state the widget saves is stored by the node and is there when the frame is opened again (2.2s)
  ok 324 [chromium] › apps\web\e2e\widget-library.spec.ts:62:1 › the library opens from Extensions and the conversation stays mounted (1.3s)
  ok 325 [chromium] › apps\web\e2e\widget-library.spec.ts:83:1 › the terminal is listed as a host card, described and never opened from the library (1.3s)
  ok 326 [chromium] › apps\web\e2e\widget-library.spec.ts:104:1 › every catalog card previews through the production renderer (6.4s)
  ok 327 [chromium] › apps\web\e2e\widget-library.spec.ts:135:1 › a click anywhere on a card opens it, even on a control drawn inside its preview (2.3s)
  ok 328 [chromium] › apps\web\e2e\widget-library.spec.ts:160:1 › a data-backed widget renders instead of reporting its dataset unavailable (1.4s)
  ok 329 [chromium] › apps\web\e2e\widget-library.spec.ts:174:1 › browsing the catalog does not fetch third-party media (1.6s)
  ok 330 [chromium] › apps\web\e2e\widget-library.spec.ts:194:1 › the Lab shows developer controls that actually change the preview (1.6s)
  ok 331 [chromium] › apps\web\e2e\widget-library.spec.ts:258:1 › Escape closes the library and focus returns to the control that opened it (1.2s)
  ok 332 [chromium] › apps\web\e2e\widget-library.spec.ts:278:1 › a typed command opens the same library surface (727ms)
  ok 333 [chromium] › apps\web\e2e\widget-library.spec.ts:290:1 › installed packages are reported as provenance, never as catalog cards (1.2s)
  ok 334 [chromium] › apps\web\e2e\widget-library.spec.ts:319:1 › an installed package's widget becomes a card, rendered by the catalog (1.5s)
  ok 335 [chromium] › apps\web\e2e\widget-semantic.spec.ts:89:1 › a pick on a live surface reaches the next turn as a note, then as a delta, and not at all when nothing changed (4.2s)
  ok 336 [chromium] › apps\web\e2e\widget-semantic.spec.ts:132:1 › a frame's own words about what it shows reach the next turn, cleaned and marked as its own (1.3s)
  ok 337 [chromium] › apps\web\e2e\widget.spec.ts:104:1 › a scripted table recipe renders a real widget inside the conversation (1.6s)
  ok 338 [chromium] › apps\web\e2e\widget.spec.ts:128:1 › a widget the client cannot render shows its text alternative instead of nothing (816ms)
  ok 339 [chromium] › apps\web\e2e\widget.spec.ts:194:1 › a gallery widget draws pictures the node actually holds (734ms)
  ok 340 [chromium] › apps\web\e2e\widget.spec.ts:232:1 › a youtube widget embeds the video the host named, and nothing else (792ms)
  ok 341 [chromium] › apps\web\e2e\xy-charts.spec.ts:97:1 › an area chart hides a series from its legend, selects a point from the keyboard, and keeps both after a reload (2.2s)
  ok 342 [chromium] › apps\web\e2e\xy-charts.spec.ts:173:1 › a stacked area says it is stacked, and a chart over more rows than it holds says it draws only the first (1.2s)
  ok 343 [chromium] › apps\web\e2e\xy-charts.spec.ts:198:1 › the arrow keys walk a scatter plot's points in the order of x, not the order of its rows (826ms)
  ok 344 [chromium] › apps\web\e2e\xy-charts.spec.ts:240:1 › a field the rows lack and a value that is not a number are refused with the host's reason, and no chart is drawn (690ms)
  ok 345 [chromium] › apps\web\e2e\xy-charts.spec.ts:251:1 › a page that asks for a point the node no longer holds says it was refused and draws the rows it holds (713ms)
  ok 346 [chromium] › apps\web\e2e\xy-charts.spec.ts:285:1 › the charts add no motion of their own when motion is reduced (548ms)
  ok 347 [chromium] › apps\web\e2e\xy-charts.spec.ts:298:1 › the charts are usable at phone width without scrolling sideways, in the light theme (2.5s)
  ok 348 [chromium] › apps\web\e2e\xy-charts.spec.ts:321:1 › the library previews both charts through the production renderer, usable without a node (2.9s)

  3 skipped
  345 passed (13.8m)
