$ pnpm run invariants && pnpm run typecheck && pnpm run lint && pnpm run test
$ node tools/check-invariants.mjs
PASS  docs-manifest-integrity
      · 32 manifest entries verified
PASS  workspace-phase-traceability
      · 32 workspace packages carry phase + status metadata
PASS  stub-marks-owning-phase
      · 7 stub files carry an owning-phase marker
PASS  node-type-stripping-syntax
      · 907 TypeScript files checked for transform-only syntax
PASS  no-committed-secrets
      · 1155 files scanned for credential patterns
PASS  pinned-dependency-specifiers
      · 125 dependency specifiers checked for pinning
PASS  scope-and-acceptance-traceability
      · 151 cited test titles checked against 447 spec files; rows that cite a path rather than a quoted title are not matched to a case
PASS  browser-entries-avoid-node-builtins
      · 220 module(s) reachable from 3 browser entry/entries
PASS  single-execution-policy-reader
      · 1 canonical policy read(s) across 467 module(s), 2 allowed to open the key
PASS  implementation-status-registry
      · 34 entries (16 implemented, 14 partial, 4 blocked, 0 not-implemented) verified against 32 workspace packages
      · 15 @status-ref reference(s) across 998 source files
      · 18 V row(s) agree with the registry; gates #2/#3/#4/#5 represented
      · V02, runtime.local-transport cite a test a platform condition skips on some runners, so their evidence is thinner there than on this one
      · evidence is checked for existence and for a platform-conditional skip: a runtime condition that is not derived from process.platform or process.arch (an opt-in live provider, for instance) is not this check's subject
PASS  tsx-files-are-typechecked
      · 64 .tsx file(s) checked against 2 typecheck config(s) — tsconfig.json, tsconfig.web.json
PASS  pr-bodies-close-nothing
      · 10 checked-in PR body file(s) checked for a closing keyword beside an issue reference; 0 such pair(s) found

all 12 invariant checks passed
$ tsc -p tsconfig.json && tsc -p tsconfig.web.json
$ eslint .
$ vitest run

 RUN  v5.0.0 D:/wt300

 ✓ tools/test/ci-test-scope.spec.ts (18 tests) 3979ms
   ✓ conservative documentation scope (18)
     ✓ skips runtime tests for a real prose-only commit and appends output 816ms
     ✓ retains both sides of a source-to-documentation rename 805ms
     ✓ keeps mixed documentation and code commits full 1028ms
     ✓ keeps empty diffs and missing or invalid bases full 1325ms
HEAD is now at 773a046 initial
 ✓ apps/runtime/test/run-command.spec.ts (17 tests) 3518ms
   ✓ running a real command (5)
     ✓ kills a command that overruns its deadline instead of holding the turn open 1604ms
     ✓ stops one running command by its work id and reports it as stopped, not timed out 1349ms
 ✓ packs/browser-playwright/test/injection.spec.ts (6 tests) 3467ms
   ✓ instruction text on a page is data, not authority (6)
     ✓ does not grant a capability the page asks for 401ms
     ✓ does not talk the driver out of requiring approval 352ms
     ✓ still applies approval when it was granted, so the refusal above was about approval 652ms
     ✓ does not widen the secret-entry suspension the page asks it to ignore 1043ms
     ✓ does not act on a link the page supplies, because the driver acts on references it issued 431ms
     ✓ carries the injected text as page content rather than as an instruction 490ms
widget action: could not settle eff_muo5vymd1d182b39 in the effect ledger (the disk is full)
 ✓ packs/browser-playwright/test/driver.spec.ts (12 tests) 5285ms
   ✓ a managed profile is a separate identity (2)
     ✓ refuses to navigate outside the declared origins 373ms
   ✓ observation and action correlation (T53) (5)
     ✓ stamps element references and reports the viewport 340ms
     ✓ refuses an observation it no longer retains 329ms
     ✓ applies a click on a real element and reports it as observed 732ms
     ✓ invalidates the plan when the target version moves 487ms
   ✓ secret entry suspends capture and input (T56) (1)
     ✓ reports sensitive input once a password field has focus, and refuses input 816ms
   ✓ local stop and human takeover outrank a plan (T59) (2)
     ✓ refuses every action after a stop, including navigation 439ms
     ✓ refuses input while a human has takeover 435ms
   ✓ consequential operations and unsupported operations (2)
     ✓ refuses an unapproved submit 437ms
     ✓ refuses an operation it does not implement rather than substituting one 494ms
 ✓ packages/mcp-adapters/test/stdio.spec.ts (19 tests) 7214ms
   ✓ failure modes each settle (6)
     ✓ times out a server that stops answering, instead of hanging 2582ms
   ✓ liveness (4)
     ✓ fails a ping to a server that stopped answering, within the ceiling 2633ms
 ✓ apps/runtime/test/env-file-flag.spec.ts (2 tests) 2361ms
   ✓ the node's .env file (2)
     ✓ is read by default 1059ms
     ✓ is not read with --no-env-file 1301ms
 ✓ tools/test/scan-secret-history.spec.ts (5 tests) 7712ms
   ✓ secret scanning across reachable Git history (5)
     ✓ accepts clean history and scans repeated blobs only once 800ms
     ✓ finds a deleted credential in docs and never prints its value 1448ms
     ✓ includes other refs, merge results, binary bytes and every credential category 2661ms
     ✓ fails closed for a shallow clone or a non-repository 2792ms
 ✓ apps/runtime/test/session-preview-real.spec.ts (3 tests) 2564ms
   ✓ a frame captured from a real browser (3)
     ✓ is served back from the route under its own digest, with the size it was captured at 528ms
     ✓ changes digest when the page changes, and keeps both frames addressable 1231ms
     ✓ is not served to a caller without this node's token, and a digest it does not hold is not found 680ms
 ✓ apps/runtime/test/worker-process.spec.ts (7 tests) 3157ms
   ✓ the runtime starts a worker of its own (7)
     ✓ runs it in a separate process and returns the record it produced 554ms
     ✓ reports the capability it withheld when the brief does not grant it 526ms
     ✓ registers the granted capability instead of withholding it 512ms
     ✓ reports a run that demonstrated nothing as a result rather than as an error 579ms
     ✓ refuses a brief the worker cannot run, naming it as the worker's failure 521ms
     ✓ refuses to run a real model it was given no model for, rather than letting one be picked 457ms
 ✓ packages/pi-adapter/test/scoped-fs.spec.ts (30 tests) 7068ms
   ✓ the scoped tools (15)
     ✓ returns no match from a search that has to stop its matching thread 5059ms
     ✓ refuses a find glob that cannot finish matching, instead of holding the event loop 1023ms
 ✓ apps/runtime/test/peer-notices.spec.ts (12 tests) 3419ms
   ✓ a paired Clark's notice (5)
     ✓ is recorded once in the other node's inbox, under the sender's name, however often it is sent 574ms
     ✓ is taken only under a decision of the receiving node's owner, and is refused whole when it brings anything else 527ms
     ✓ holds one peer to its rate and to its own share of the inbox, and a refusal past the rate is final 651ms
 ✓ apps/runtime/test/process-tree.spec.ts (14 tests | 4 skipped) 8992ms
   ✓ stopping a command a .cmd shim started, on Windows (3)
     ✓ ends the command a shim left running when the stop comes after the shim has gone 2511ms
     ✓ ends the command a shim left running when the shim goes while the stop is under way 3027ms
     ✓ leaves alone a process the shim did not start 3042ms
 ✓ apps/runtime/test/pi-session-watch.spec.ts (6 tests) 2659ms
   ✓ watching a session (2)
     ✓ lists sessions by their first question, and follows appended messages 2645ms
 ✓ apps/runtime/test/inbox.spec.ts (40 tests) 1943ms
 ✓ apps/runtime/test/github-signals.spec.ts (11 tests) 1853ms
   ✓ what a delivery starts (5)
     ✓ refuses to start work in a checkout that is not a clone of the repository the signal is about 502ms
     ✓ starts work in a clone of that repository, whichever way its remote is written 569ms
     ✓ asks for a token only a task's git and gh, and the repository poller, can receive, when the automation will push 353ms
 ✓ packages/mcp-adapters/test/streamable-http.spec.ts (10 tests) 2807ms
   ✓ tools come back validated (2)
     ✓ lists the server's tools 317ms
   ✓ failure modes (4)
     ✓ settles a request the server never answers 1193ms
 ✓ apps/runtime/test/task-browser.spec.ts (20 tests) 7020ms
   ✓ a lost submit in a real browser (1)
     ✓ leaves one unknown row, an uncertain task and one notice, and sends the form once 6002ms
 ✓ packages/pi-adapter/test/sdk-compatibility.spec.ts (7 tests) 1880ms
   ✓ the extension seam this feature depends on (6)
     ✓ exports the loader, the session factory and the extension runtime 1411ms
 ✓ apps/runtime/test/worker-command-broker.spec.ts (22 tests) 2281ms
   ✓ stopping a task stops what it started on the host (1)
     ✓ ends a real command the task's worker is still running 1443ms
 ✓ apps/runtime/test/notice-action-surfaces.spec.ts (33 tests) 5749ms
   ✓ installing a notice's update is the person's own decision (6)
     ✓ installs from the person's press, dismisses the notice, and says what the update runs without 2649ms
     ✓ installs one update once: a second press while the first is installing is told so 1704ms
 ✓ apps/runtime/test/peer-skip.spec.ts (13 tests) 5824ms
   ✓ a message given up on, to a peer that takes skips (7)
     ✓ is skipped, so what follows is delivered, and each owner is told once, with the skip audited on both sides 761ms
     ✓ settles, as uncertain, the task whose result was lost on its way back 549ms
     ✓ gives up on a hand-over queued behind an unreachable peer on its own schedule, even while the one ahead waits out its backoff, and settles it as not run 478ms
     ✓ tells and audits a skip only once it has read the peer's answer, so a crash or a lost answer cannot lose either 600ms
   ✓ the receiving side of a skip (2)
     ✓ tells its owner about at most 30 skips a minute from one peer, and still takes and audits the rest 579ms
   ✓ a message given up on, to a peer too old to take a skip (2)
     ✓ keeps today's behaviour, sends no skip, and tells the owner once that the pairing is stuck until that device updates 890ms
     ✓ frees itself once that device is updated: its next refusal says it takes skips, and what was lost is skipped 1179ms
 ✓ apps/runtime/test/stop-and-audit.spec.ts (5 tests) 1825ms
   ✓ stopping a command that is running (2)
     ✓ kills it, settles the promise, and does not report success 1696ms
 ✓ apps/runtime/test/browser-effects.spec.ts (11 tests) 6160ms
   ✓ a submit that really timed out (1)
     ✓ writes an unknown row and one notice pointing at the task, and answers nothing twice 5695ms
 ✓ apps/runtime/test/voice-gateway.spec.ts (43 tests) 2346ms
   ✓ a lease whose peer cannot be reached (2)
     ✓ is kept while the peer keeps answering, so a live session is never ended for being quiet 688ms
 ✓ apps/runtime/test/action-widget.spec.ts (59 tests) 7936ms
   ✓ an invoke button (15)
     ✓ promises no inbox question when the ledger could not record the call as unknown 1063ms
     ✓ ends a call past the binding's deadline as uncertain: into the ledger, recorded, and never sent again 1053ms
     ✓ reports a read that ran out of time plainly and frees the press, because nothing changed 1055ms
   ✓ a workflow button (6)
     ✓ ends a step past the total deadline as uncertain, into the ledger 1052ms
     ✓ says a read step that ran out of time changed nothing, and opens no ledger entry for it 1044ms
 ✓ packages/storage/test/notifications.spec.ts (40 tests) 2024ms
 ✓ packages/pi-adapter/test/pi-adapter.spec.ts (30 tests) 1971ms
   ✓ real SDK adapter availability (P0.1) (1)
     ✓ loads the installed Pi SDK and reports the required exports as present 1745ms
created a dashboard widget package in C:\Users\admin\AppData\Local\Temp\clark-widget-kzjA7L
next: clark widget test C:\Users\admin\AppData\Local\Temp\clark-widget-kzjA7L
created a form widget package in C:\Users\admin\AppData\Local\Temp\clark-devhost-d80veG
next: clark widget test C:\Users\admin\AppData\Local\Temp\clark-devhost-d80veG
created a form widget package in C:\Users\admin\AppData\Local\Temp\clark-widget-sFup3t
next: clark widget test C:\Users\admin\AppData\Local\Temp\clark-widget-sFup3t
created a form widget package in C:\Users\admin\AppData\Local\Temp\clark-devhost-SPzML9
next: clark widget test C:\Users\admin\AppData\Local\Temp\clark-devhost-SPzML9
created a blank widget package in C:\Users\admin\AppData\Local\Temp\clark-widget-m4u48q
next: clark widget test C:\Users\admin\AppData\Local\Temp\clark-widget-m4u48q
unknown template "nope"; expected one of blank, form, dashboard
created a blank widget package in C:\Users\admin\AppData\Local\Temp\clark-widget-JvaMn9
next: clark widget test C:\Users\admin\AppData\Local\Temp\clark-widget-JvaMn9
created a form widget package in C:\Users\admin\AppData\Local\Temp\clark-devhost-pZ9MFc
next: clark widget test C:\Users\admin\AppData\Local\Temp\clark-devhost-pZ9MFc
 ✓ apps/runtime/test/bind-failure.spec.ts (1 test) 1615ms
   ✓ a node that cannot bind its port (1)
     ✓ names the port and says what to do, instead of a stack trace 1614ms
created a blank widget package in C:\Users\admin\AppData\Local\Temp\clark-widget-xzSRFp
next: clark widget test C:\Users\admin\AppData\Local\Temp\clark-widget-xzSRFp
 ✓ apps/runtime/test/api.spec.ts (39 tests) 2358ms
   ✓ a command runs only when the user approves the one that was displayed (5)
     ✓ runs it on approval, and appends the output with its evidence 666ms
created a form widget package in C:\Users\admin\AppData\Local\Temp\clark-widget-ZuG3IP
next: clark widget test C:\Users\admin\AppData\Local\Temp\clark-widget-ZuG3IP
created a form widget package in C:\Users\admin\AppData\Local\Temp\clark-devhost-hw9SCX
next: clark widget test C:\Users\admin\AppData\Local\Temp\clark-devhost-hw9SCX
created a form widget package in C:\Users\admin\AppData\Local\Temp\clark-widget-vn6u38
next: clark widget test C:\Users\admin\AppData\Local\Temp\clark-widget-vn6u38
created a form widget package in C:\Users\admin\AppData\Local\Temp\clark-widget-7DetUj
next: clark widget test C:\Users\admin\AppData\Local\Temp\clark-widget-7DetUj
created a form widget package in C:\Users\admin\AppData\Local\Temp\clark-widget-EGocyJ
next: clark widget test C:\Users\admin\AppData\Local\Temp\clark-widget-EGocyJ
 ✓ apps/runtime/test/project-finder.spec.ts (31 tests) 1875ms
created a form widget package in C:\Users\admin\AppData\Local\Temp\clark-devhost-Ffk45l
next: clark widget test C:\Users\admin\AppData\Local\Temp\clark-devhost-Ffk45l
created a blank widget package in C:\Users\admin\AppData\Local\Temp\clark-widget-BcxIqG
next: clark widget test C:\Users\admin\AppData\Local\Temp\clark-widget-BcxIqG
 ✓ packages/storage/test/storage.spec.ts (32 tests) 1926ms
   ✓ failure injection around a backup (V18) (6)
     ✓ keeps verifying over many rounds, so a leak or a drift fails here rather than later 984ms
created a form widget package in C:\Users\admin\AppData\Local\Temp\clark-widget-ml9bCk
next: clark widget test C:\Users\admin\AppData\Local\Temp\clark-widget-ml9bCk
created a form widget package in C:\Users\admin\AppData\Local\Temp\clark-devhost-HFwqPT
next: clark widget test C:\Users\admin\AppData\Local\Temp\clark-devhost-HFwqPT
created a form widget package in C:\Users\admin\AppData\Local\Temp\clark-widget-ToZ8za
next: clark widget test C:\Users\admin\AppData\Local\Temp\clark-widget-ToZ8za
 ✓ packages/pi-adapter/test/skills.spec.ts (5 tests) 1733ms
   ✓ the real adapter's skills (4)
     ✓ lists personal and project skills with a revision and no path 1626ms
created a form widget package in C:\Users\admin\AppData\Local\Temp\clark-widget-ZEjt3c
next: clark widget test C:\Users\admin\AppData\Local\Temp\clark-widget-ZEjt3c
created a form widget package in C:\Users\admin\AppData\Local\Temp\clark-devhost-8jnxAn
next: clark widget test C:\Users\admin\AppData\Local\Temp\clark-devhost-8jnxAn
created a form widget package in C:\Users\admin\AppData\Local\Temp\clark-widget-TpRFYE
next: clark widget test C:\Users\admin\AppData\Local\Temp\clark-widget-TpRFYE
created a form widget package in C:\Users\admin\AppData\Local\Temp\clark-widget-338EEp
next: clark widget test C:\Users\admin\AppData\Local\Temp\clark-widget-338EEp
created a form widget package in C:\Users\admin\AppData\Local\Temp\clark-devhost-6LfGVq
next: clark widget test C:\Users\admin\AppData\Local\Temp\clark-devhost-6LfGVq

schema
  ok   the default fixture matches the props schema — fixtures/default.json validates
  ok   malformed props are rejected — required property "title" is missing
  ok   additional props are rejected when the schema forbids them — unknown property "conformanceExtraKey"
  ok   the state version is declared — stateVersion is 0

security
  ok   a forged nonce is rejected — NONCE_MISMATCH
  ok   a message from another window is rejected — SOURCE_MISMATCH
  ok   no secret, shell or approval surface is reachable — none of readAllSecrets, shell, queryCoreDb, disableCSP, approve, installAnything, registerSidebar, grant, fs, readFile, writeFile is on the author API
  ok   the entry reaches no origin the manifest does not declare — the entry names no origin
  ok   a host-owned card cannot be minted by a widget — question-card is recognised as host-owned

lifecycle
  ok   the widget mounts on init — status after init: ready, mount handlers fired: 1
  ok   a props update reaches the widget — subscribers notified: 1
  ok   suspend and resume are delivered — suspended: conformance, resumed: 1
  ok   dispose stops listening — disposed: 1, listener present: false
  ok   the declared state migration carries the previous version's fixture to a valid current state — stateVersion is 0, so there is nothing to migrate

interaction
  ok   a repeated invocation runs the action once — times run: 1
  ok   a stale state write is refused — STALE_REVISION
  ok   an action the host never accepted is refused — ACTION_UNKNOWN
  ok   the definition declares its sizing, which is what pin and detach depend on — compact: true, expanded: true
  ok   keyboard reachability — 1 reachable element(s), each with a visible focus ring
  ok   touch target size — 1 interactive element(s), all at or above the minimum
  n/a  detach keeps one live owner — needs a window that can be detached and re-attached; run the dev host's real detach/reattach and pass its facts with --frames
  n/a  a spoken action and the same click agree — needs a rendered frame and a voice session, and a voice session needs a provider account

rendering
  ok   the required fixtures are present — present: default, empty, error, compact
  ok   a text fallback is declared — textFallback: 60 characters
  ok   the narrow layout — 320px: rendered=true, overflows=false
  ok   the compact layout — 480px: rendered=true, overflows=false
  ok   the expanded layout — 1024px: rendered=true, overflows=false
  ok   the loading state — rendered=true
  ok   the read-only state — rendered=true
  ok   reduced motion — rendered with reduced motion: nothing animates, and no text sits over motion

28 passed, 0 failed, 2 need the dev host
The checks marked n/a are not verified by this command: they need a rendered frame.
--frames C:\Users\admin\AppData\Local\Temp\clark-widget-338EEp\not-there.json could not be read as frame facts
created a blank widget package in C:\Users\admin\AppData\Local\Temp\clark-widget-SAXI45
next: clark widget test C:\Users\admin\AppData\Local\Temp\clark-widget-SAXI45
created a blank widget package in C:\Users\admin\AppData\Local\Temp\clark-widget-DUtyl0
next: clark widget test C:\Users\admin\AppData\Local\Temp\clark-widget-DUtyl0
created a blank widget package in C:\Users\admin\AppData\Local\Temp\clark-widget-leIeaN
next: clark widget test C:\Users\admin\AppData\Local\Temp\clark-widget-leIeaN
created a form widget package in C:\Users\admin\AppData\Local\Temp\clark-devhost-U7CWHr
next: clark widget test C:\Users\admin\AppData\Local\Temp\clark-devhost-U7CWHr
created a blank widget package in C:\Users\admin\AppData\Local\Temp\clark-widget-grCrg8
next: clark widget test C:\Users\admin\AppData\Local\Temp\clark-widget-grCrg8
 ✓ apps/runtime/test/automations.spec.ts (12 tests) 1989ms
   ✓ quieting an automation's notices (1)
     ✓ quiets that one automation, and never another automation or a reminder 996ms
created a blank widget package in C:\Users\admin\AppData\Local\Temp\clark-widget-rbZzar
next: clark widget test C:\Users\admin\AppData\Local\Temp\clark-widget-rbZzar
created a blank widget package in C:\Users\admin\AppData\Local\Temp\clark-widget-p18MUD
next: clark widget test C:\Users\admin\AppData\Local\Temp\clark-widget-p18MUD
created a blank widget package in C:\Users\admin\AppData\Local\Temp\clark-widget-VZBTRz
next: clark widget test C:\Users\admin\AppData\Local\Temp\clark-widget-VZBTRz
created a blank widget package in C:\Users\admin\AppData\Local\Temp\clark-widget-DuKj2g
next: clark widget test C:\Users\admin\AppData\Local\Temp\clark-widget-DuKj2g
created a blank widget package in C:\Users\admin\AppData\Local\Temp\clark-widget-w5wYtj
next: clark widget test C:\Users\admin\AppData\Local\Temp\clark-widget-w5wYtj
 ✓ apps/runtime/test/theme-routes.spec.ts (19 tests) 1724ms
created a blank widget package in C:\Users\admin\AppData\Local\Temp\clark-widget-nJeBzJ
next: clark widget test C:\Users\admin\AppData\Local\Temp\clark-widget-nJeBzJ
created a blank widget package in C:\Users\admin\AppData\Local\Temp\clark-widget-hHk3sS
next: clark widget test C:\Users\admin\AppData\Local\Temp\clark-widget-hHk3sS

schema
  ok   the default fixture matches the props schema — fixtures/default.json validates
  ok   malformed props are rejected — required property "title" is missing
  ok   additional props are rejected when the schema forbids them — unknown property "conformanceExtraKey"
  ok   the state version is declared — stateVersion is 0

security
  ok   a forged nonce is rejected — NONCE_MISMATCH
  ok   a message from another window is rejected — SOURCE_MISMATCH
  ok   no secret, shell or approval surface is reachable — none of readAllSecrets, shell, queryCoreDb, disableCSP, approve, installAnything, registerSidebar, grant, fs, readFile, writeFile is on the author API
  ok   the entry reaches no origin the manifest does not declare — the entry names no origin
  ok   a host-owned card cannot be minted by a widget — question-card is recognised as host-owned

lifecycle
  ok   the widget mounts on init — status after init: ready, mount handlers fired: 1
  ok   a props update reaches the widget — subscribers notified: 1
  ok   suspend and resume are delivered — suspended: conformance, resumed: 1
  ok   dispose stops listening — disposed: 1, listener present: false
  ok   the declared state migration carries the previous version's fixture to a valid current state — stateVersion is 0, so there is nothing to migrate

interaction
  ok   a repeated invocation runs the action once — times run: 1
  ok   a stale state write is refused — STALE_REVISION
  ok   an action the host never accepted is refused — ACTION_UNKNOWN
  ok   the definition declares its sizing, which is what pin and detach depend on — compact: true, expanded: true
  n/a  keyboard reachability — needs a rendered frame
  n/a  touch target size — needs a rendered frame
  n/a  detach keeps one live owner — needs a window that can be detached and re-attached; run the dev host's real detach/reattach and pass its facts with --frames
  n/a  a spoken action and the same click agree — needs a rendered frame and a voice session, and a voice session needs a provider account

rendering
  ok   the required fixtures are present — present: default, empty, error, compact
  ok   a text fallback is declared — textFallback: 61 characters
  n/a  the narrow layout — needs a rendered frame at a known viewport
  n/a  the compact layout — needs a rendered frame at a known viewport
  n/a  the expanded layout — needs a rendered frame at a known viewport
  n/a  the loading state — needs a rendered frame at a known viewport
  n/a  the read-only state — needs a rendered frame at a known viewport
  n/a  reduced motion — needs a rendered frame at a known viewport

20 passed, 0 failed, 10 need the dev host
The checks marked n/a are not verified by this command: they need a rendered frame.

packed com.example.clark-widget-hhk3ss@0.1.0
  sha256:04dbe4fcffab948fafa58e7aa9705bf57275b4dfd91c900e6eb0d6332be676cd
  C:\Users\admin\AppData\Local\Temp\clark-widget-hHk3sS\dist\artifact.json
 ✓ apps/runtime/test/artifact-broker.spec.ts (31 tests) 2177ms
created a blank widget package in C:\Users\admin\AppData\Local\Temp\clark-widget-yuJLhr
next: clark widget test C:\Users\admin\AppData\Local\Temp\clark-widget-yuJLhr

schema
  ok   the default fixture matches the props schema — fixtures/default.json validates
  ok   malformed props are rejected — required property "title" is missing
  ok   additional props are rejected when the schema forbids them — unknown property "conformanceExtraKey"
  ok   the state version is declared — stateVersion is 0

security
  ok   a forged nonce is rejected — NONCE_MISMATCH
  ok   a message from another window is rejected — SOURCE_MISMATCH
  ok   no secret, shell or approval surface is reachable — none of readAllSecrets, shell, queryCoreDb, disableCSP, approve, installAnything, registerSidebar, grant, fs, readFile, writeFile is on the author API
  ok   the entry reaches no origin the manifest does not declare — the entry names no origin
  ok   a host-owned card cannot be minted by a widget — question-card is recognised as host-owned

lifecycle
  ok   the widget mounts on init — status after init: ready, mount handlers fired: 1
  ok   a props update reaches the widget — subscribers notified: 1
  ok   suspend and resume are delivered — suspended: conformance, resumed: 1
  ok   dispose stops listening — disposed: 1, listener present: false
  ok   the declared state migration carries the previous version's fixture to a valid current state — stateVersion is 0, so there is nothing to migrate

interaction
  ok   a repeated invocation runs the action once — times run: 1
  ok   a stale state write is refused — STALE_REVISION
  ok   an action the host never accepted is refused — ACTION_UNKNOWN
  ok   the definition declares its sizing, which is what pin and detach depend on — compact: true, expanded: true
  n/a  keyboard reachability — needs a rendered frame
  n/a  touch target size — needs a rendered frame
  n/a  detach keeps one live owner — needs a window that can be detached and re-attached; run the dev host's real detach/reattach and pass its facts with --frames
  n/a  a spoken action and the same click agree — needs a rendered frame and a voice session, and a voice session needs a provider account

rendering
  ok   the required fixtures are present — present: default, empty, error, compact
  ok   a text fallback is declared — textFallback: 61 characters
  n/a  the narrow layout — needs a rendered frame at a known viewport
  n/a  the compact layout — needs a rendered frame at a known viewport
  n/a  the expanded layout — needs a rendered frame at a known viewport
  n/a  the loading state — needs a rendered frame at a known viewport
  n/a  the read-only state — needs a rendered frame at a known viewport
  n/a  reduced motion — needs a rendered frame at a known viewport

20 passed, 0 failed, 10 need the dev host
The checks marked n/a are not verified by this command: they need a rendered frame.

packed com.example.clark-widget-yujlhr@0.1.0
  sha256:f7a6eb2deccd3ad8935c9e6149b901d223c6319afefe33f9d7c79cec1e339f8f
  C:\Users\admin\AppData\Local\Temp\clark-widget-yuJLhr\dist\artifact.json
version 0.1.0 was already packed with a different digest.
A version whose bytes changed is a different package wearing the same number; bump the version.
 ✓ apps/runtime/test/open-interfaces.spec.ts (23 tests) 1456ms
created a blank widget package in C:\Users\admin\AppData\Local\Temp\clark-widget-qeRfCI
next: clark widget test C:\Users\admin\AppData\Local\Temp\clark-widget-qeRfCI

schema
  ok   the default fixture matches the props schema — fixtures/default.json validates
  ok   malformed props are rejected — required property "title" is missing
  ok   additional props are rejected when the schema forbids them — unknown property "conformanceExtraKey"
  ok   the state version is declared — stateVersion is 0

security
  ok   a forged nonce is rejected — NONCE_MISMATCH
  ok   a message from another window is rejected — SOURCE_MISMATCH
  ok   no secret, shell or approval surface is reachable — none of readAllSecrets, shell, queryCoreDb, disableCSP, approve, installAnything, registerSidebar, grant, fs, readFile, writeFile is on the author API
  ok   the entry reaches no origin the manifest does not declare — the entry names no origin
  ok   a host-owned card cannot be minted by a widget — question-card is recognised as host-owned

lifecycle
  ok   the widget mounts on init — status after init: ready, mount handlers fired: 1
  ok   a props update reaches the widget — subscribers notified: 1
  ok   suspend and resume are delivered — suspended: conformance, resumed: 1
  ok   dispose stops listening — disposed: 1, listener present: false
  ok   the declared state migration carries the previous version's fixture to a valid current state — stateVersion is 0, so there is nothing to migrate

interaction
  ok   a repeated invocation runs the action once — times run: 1
  ok   a stale state write is refused — STALE_REVISION
  ok   an action the host never accepted is refused — ACTION_UNKNOWN
  ok   the definition declares its sizing, which is what pin and detach depend on — compact: true, expanded: true
  n/a  keyboard reachability — needs a rendered frame
  n/a  touch target size — needs a rendered frame
  n/a  detach keeps one live owner — needs a window that can be detached and re-attached; run the dev host's real detach/reattach and pass its facts with --frames
  n/a  a spoken action and the same click agree — needs a rendered frame and a voice session, and a voice session needs a provider account

rendering
  FAIL the required fixtures are present — missing: empty
  ok   a text fallback is declared — textFallback: 61 characters
  n/a  the narrow layout — needs a rendered frame at a known viewport
  n/a  the compact layout — needs a rendered frame at a known viewport
  n/a  the expanded layout — needs a rendered frame at a known viewport
  n/a  the loading state — needs a rendered frame at a known viewport
  n/a  the read-only state — needs a rendered frame at a known viewport
  n/a  reduced motion — needs a rendered frame at a known viewport

19 passed, 1 failed, 10 need the dev host
The checks marked n/a are not verified by this command: they need a rendered frame.

Refusing to pack a package that fails conformance.
clark widget <command> [dir]

  clark widget init <dir> [--template blank|form|dashboard]   scaffold a package
  clark widget test [dir]                                     run the conformance suite
  clark widget pack [dir]                                     build the artifact and its digest
  clark widget dev [dir] [--port N] [--builtin <id>]          run the dev host and its browser shell
  clark widget publish [dir]                                  prepare the directory submission
  clark theme init <dir>                              scaffold a data-only theme package
  clark theme dev [dir] [--port N]                     preview production components with live reload
  clark theme test [dir]                              audit documents, assets and both schemes
  clark theme pack [dir]                              pack through the shared immutable artifact path

A local path needs no account. init, test, pack and dev all work without a directory or a login.
clark widget <command> [dir]

  clark widget init <dir> [--template blank|form|dashboard]   scaffold a package
  clark widget test [dir]                                     run the conformance suite
  clark widget pack [dir]                                     build the artifact and its digest
  clark widget dev [dir] [--port N] [--builtin <id>]          run the dev host and its browser shell
  clark widget publish [dir]                                  prepare the directory submission
  clark theme init <dir>                              scaffold a data-only theme package
  clark theme dev [dir] [--port N]                     preview production components with live reload
  clark theme test [dir]                              audit documents, assets and both schemes
  clark theme pack [dir]                              pack through the shared immutable artifact path

A local path needs no account. init, test, pack and dev all work without a directory or a login.
created a blank widget package in C:\Users\admin\AppData\Local\Temp\clark-widget-Zkdaly
next: clark widget test C:\Users\admin\AppData\Local\Temp\clark-widget-Zkdaly

schema
  ok   the default fixture matches the props schema — fixtures/default.json validates
  ok   malformed props are rejected — required property "title" is missing
  ok   additional props are rejected when the schema forbids them — unknown property "conformanceExtraKey"
  ok   the state version is declared — stateVersion is 0

security
  ok   a forged nonce is rejected — NONCE_MISMATCH
  ok   a message from another window is rejected — SOURCE_MISMATCH
  ok   no secret, shell or approval surface is reachable — none of readAllSecrets, shell, queryCoreDb, disableCSP, approve, installAnything, registerSidebar, grant, fs, readFile, writeFile is on the author API
  ok   the entry reaches no origin the manifest does not declare — the entry names no origin
  ok   a host-owned card cannot be minted by a widget — question-card is recognised as host-owned

lifecycle
  ok   the widget mounts on init — status after init: ready, mount handlers fired: 1
  ok   a props update reaches the widget — subscribers notified: 1
  ok   suspend and resume are delivered — suspended: conformance, resumed: 1
  ok   dispose stops listening — disposed: 1, listener present: false
  ok   the declared state migration carries the previous version's fixture to a valid current state — stateVersion is 0, so there is nothing to migrate

interaction
  ok   a repeated invocation runs the action once — times run: 1
  ok   a stale state write is refused — STALE_REVISION
  ok   an action the host never accepted is refused — ACTION_UNKNOWN
  ok   the definition declares its sizing, which is what pin and detach depend on — compact: true, expanded: true
  n/a  keyboard reachability — needs a rendered frame
  n/a  touch target size — needs a rendered frame
  n/a  detach keeps one live owner — needs a window that can be detached and re-attached; run the dev host's real detach/reattach and pass its facts with --frames
  n/a  a spoken action and the same click agree — needs a rendered frame and a voice session, and a voice session needs a provider account

rendering
  ok   the required fixtures are present — present: default, empty, error, compact
  ok   a text fallback is declared — textFallback: 61 characters
  n/a  the narrow layout — needs a rendered frame at a known viewport
  n/a  the compact layout — needs a rendered frame at a known viewport
  n/a  the expanded layout — needs a rendered frame at a known viewport
  n/a  the loading state — needs a rendered frame at a known viewport
  n/a  the read-only state — needs a rendered frame at a known viewport
  n/a  reduced motion — needs a rendered frame at a known viewport

20 passed, 0 failed, 10 need the dev host
The checks marked n/a are not verified by this command: they need a rendered frame.

packed com.example.clark-widget-zkdaly@0.1.0
  sha256:b6f1ac51be9b670864d7771b77e51befc15467be575bebbf4b0086bbac44e55e
  C:\Users\admin\AppData\Local\Temp\clark-widget-Zkdaly\dist\artifact.json
prepared the directory entry for com.example.clark-widget-zkdaly@0.1.0  risk lane: isolated-ui  digest: sha256:b6f1ac51be9b670864d7771b77e51befc15467be575bebbf4b0086bbac44e55e  C:\Users\admin\AppData\Local\Temp\clark-widget-Zkdaly\dist\directory-entry.jsonSubmitting needs a directory account; a local path needs none.created a dashboard widget package in C:\Users\admin\AppData\Local\Temp\clark-widget-EEio56
next: clark widget test C:\Users\admin\AppData\Local\Temp\clark-widget-EEio56

schema
  ok   the default fixture matches the props schema — fixtures/default.json validates
  ok   malformed props are rejected — required property "title" is missing
  ok   additional props are rejected when the schema forbids them — unknown property "conformanceExtraKey"
  ok   the state version is declared — stateVersion is 0

security
  ok   a forged nonce is rejected — NONCE_MISMATCH
  ok   a message from another window is rejected — SOURCE_MISMATCH
  ok   no secret, shell or approval surface is reachable — none of readAllSecrets, shell, queryCoreDb, disableCSP, approve, installAnything, registerSidebar, grant, fs, readFile, writeFile is on the author API
  ok   the entry reaches no origin the manifest does not declare — the entry names no origin
  ok   a host-owned card cannot be minted by a widget — question-card is recognised as host-owned

lifecycle
  ok   the widget mounts on init — status after init: ready, mount handlers fired: 1
  ok   a props update reaches the widget — subscribers notified: 1
  ok   suspend and resume are delivered — suspended: conformance, resumed: 1
  ok   dispose stops listening — disposed: 1, listener present: false
  ok   the declared state migration carries the previous version's fixture to a valid current state — stateVersion is 0, so there is nothing to migrate

interaction
  ok   a repeated invocation runs the action once — times run: 1
  ok   a stale state write is refused — STALE_REVISION
  ok   an action the host never accepted is refused — ACTION_UNKNOWN
  ok   the definition declares its sizing, which is what pin and detach depend on — compact: true, expanded: true
  n/a  keyboard reachability — needs a rendered frame
  n/a  touch target size — needs a rendered frame
  n/a  detach keeps one live owner — needs a window that can be detached and re-attached; run the dev host's real detach/reattach and pass its facts with --frames
  n/a  a spoken action and the same click agree — needs a rendered frame and a voice session, and a voice session needs a provider account

rendering
  ok   the required fixtures are present — present: default, empty, error, compact
  ok   a text fallback is declared — textFallback: 65 characters
  n/a  the narrow layout — needs a rendered frame at a known viewport
  n/a  the compact layout — needs a rendered frame at a known viewport
  n/a  the expanded layout — needs a rendered frame at a known viewport
  n/a  the loading state — needs a rendered frame at a known viewport
  n/a  the read-only state — needs a rendered frame at a known viewport
  n/a  reduced motion — needs a rendered frame at a known viewport

20 passed, 0 failed, 10 need the dev host
The checks marked n/a are not verified by this command: they need a rendered frame.

packed com.example.clark-widget-eeio56@0.1.0
  sha256:a713677775d5fb2d971d42a1ee4185dc7f48509cacf2da47d5cdf99e746a4a89
  C:\Users\admin\AppData\Local\Temp\clark-widget-EEio56\dist\artifact.json
prepared the directory entry for com.example.clark-widget-eeio56@0.1.0  risk lane: isolated-ui  digest: sha256:a713677775d5fb2d971d42a1ee4185dc7f48509cacf2da47d5cdf99e746a4a89  C:\Users\admin\AppData\Local\Temp\clark-widget-EEio56\dist\directory-entry.jsonSubmitting needs a directory account; a local path needs none.created a blank widget package in C:\Users\admin\AppData\Local\Temp\clark-widget-IUf3Yw
next: clark widget test C:\Users\admin\AppData\Local\Temp\clark-widget-IUf3Yw

schema
  ok   the default fixture matches the props schema — fixtures/default.json validates
  ok   malformed props are rejected — required property "title" is missing
  ok   additional props are rejected when the schema forbids them — unknown property "conformanceExtraKey"
  ok   the state version is declared — stateVersion is 0

security
  ok   a forged nonce is rejected — NONCE_MISMATCH
  ok   a message from another window is rejected — SOURCE_MISMATCH
  ok   no secret, shell or approval surface is reachable — none of readAllSecrets, shell, queryCoreDb, disableCSP, approve, installAnything, registerSidebar, grant, fs, readFile, writeFile is on the author API
  ok   the entry reaches no origin the manifest does not declare — the entry names no origin
  ok   a host-owned card cannot be minted by a widget — question-card is recognised as host-owned

lifecycle
  ok   the widget mounts on init — status after init: ready, mount handlers fired: 1
  ok   a props update reaches the widget — subscribers notified: 1
  ok   suspend and resume are delivered — suspended: conformance, resumed: 1
  ok   dispose stops listening — disposed: 1, listener present: false
  ok   the declared state migration carries the previous version's fixture to a valid current state — stateVersion is 0, so there is nothing to migrate

interaction
  ok   a repeated invocation runs the action once — times run: 1
  ok   a stale state write is refused — STALE_REVISION
  ok   an action the host never accepted is refused — ACTION_UNKNOWN
  ok   the definition declares its sizing, which is what pin and detach depend on — compact: true, expanded: true
  n/a  keyboard reachability — needs a rendered frame
  n/a  touch target size — needs a rendered frame
  n/a  detach keeps one live owner — needs a window that can be detached and re-attached; run the dev host's real detach/reattach and pass its facts with --frames
  n/a  a spoken action and the same click agree — needs a rendered frame and a voice session, and a voice session needs a provider account

rendering
  ok   the required fixtures are present — present: default, empty, error, compact
  ok   a text fallback is declared — textFallback: 61 characters
  n/a  the narrow layout — needs a rendered frame at a known viewport
  n/a  the compact layout — needs a rendered frame at a known viewport
  n/a  the expanded layout — needs a rendered frame at a known viewport
  n/a  the loading state — needs a rendered frame at a known viewport
  n/a  the read-only state — needs a rendered frame at a known viewport
  n/a  reduced motion — needs a rendered frame at a known viewport

20 passed, 0 failed, 10 need the dev host
The checks marked n/a are not verified by this command: they need a rendered frame.

packed com.example.clark-widget-iuf3yw@0.1.0
  sha256:94307fd527e5e0483a2563a774cbb765ffa73413b9b49bd1557a7ea9a3c3cbd1
  C:\Users\admin\AppData\Local\Temp\clark-widget-IUf3Yw\dist\artifact.json
prepared the directory entry for com.example.clark-widget-iuf3yw@0.1.0  risk lane: service  digest: sha256:94307fd527e5e0483a2563a774cbb765ffa73413b9b49bd1557a7ea9a3c3cbd1  C:\Users\admin\AppData\Local\Temp\clark-widget-IUf3Yw\dist\directory-entry.jsonSubmitting needs a directory account; a local path needs none.created a form widget package in C:\Users\admin\AppData\Local\Temp\clark-devhost-KnRKa5
next: clark widget test C:\Users\admin\AppData\Local\Temp\clark-devhost-KnRKa5
created a blank widget package in C:\Users\admin\AppData\Local\Temp\clark-widget-Q0tiRt
next: clark widget test C:\Users\admin\AppData\Local\Temp\clark-widget-Q0tiRt

schema
  ok   the default fixture matches the props schema — fixtures/default.json validates
  ok   malformed props are rejected — required property "title" is missing
  ok   additional props are rejected when the schema forbids them — unknown property "conformanceExtraKey"
  ok   the state version is declared — stateVersion is 0

security
  ok   a forged nonce is rejected — NONCE_MISMATCH
  ok   a message from another window is rejected — SOURCE_MISMATCH
  ok   no secret, shell or approval surface is reachable — none of readAllSecrets, shell, queryCoreDb, disableCSP, approve, installAnything, registerSidebar, grant, fs, readFile, writeFile is on the author API
  ok   the entry reaches no origin the manifest does not declare — the entry names no origin
  ok   a host-owned card cannot be minted by a widget — question-card is recognised as host-owned

lifecycle
  ok   the widget mounts on init — status after init: ready, mount handlers fired: 1
  ok   a props update reaches the widget — subscribers notified: 1
  ok   suspend and resume are delivered — suspended: conformance, resumed: 1
  ok   dispose stops listening — disposed: 1, listener present: false
  ok   the declared state migration carries the previous version's fixture to a valid current state — stateVersion is 0, so there is nothing to migrate

interaction
  ok   a repeated invocation runs the action once — times run: 1
  ok   a stale state write is refused — STALE_REVISION
  ok   an action the host never accepted is refused — ACTION_UNKNOWN
  ok   the definition declares its sizing, which is what pin and detach depend on — compact: true, expanded: true
  n/a  keyboard reachability — needs a rendered frame
  n/a  touch target size — needs a rendered frame
  n/a  detach keeps one live owner — needs a window that can be detached and re-attached; run the dev host's real detach/reattach and pass its facts with --frames
  n/a  a spoken action and the same click agree — needs a rendered frame and a voice session, and a voice session needs a provider account

rendering
  FAIL the required fixtures are present — missing: error
  ok   a text fallback is declared — textFallback: 61 characters
  n/a  the narrow layout — needs a rendered frame at a known viewport
  n/a  the compact layout — needs a rendered frame at a known viewport
  n/a  the expanded layout — needs a rendered frame at a known viewport
  n/a  the loading state — needs a rendered frame at a known viewport
  n/a  the read-only state — needs a rendered frame at a known viewport
  n/a  reduced motion — needs a rendered frame at a known viewport

19 passed, 1 failed, 10 need the dev host
created a form widget package in C:\Users\admin\AppData\Local\Temp\clark-devhost-7iIBRt
next: clark widget test C:\Users\admin\AppData\Local\Temp\clark-devhost-7iIBRt
created a blank widget package in C:\Users\admin\AppData\Local\Temp\clark-widget-KtDjha
next: clark widget test C:\Users\admin\AppData\Local\Temp\clark-widget-KtDjha

schema
  ok   the default fixture matches the props schema — fixtures/default.json validates
  ok   malformed props are rejected — required property "title" is missing
  ok   additional props are rejected when the schema forbids them — unknown property "conformanceExtraKey"
  ok   the state version is declared — stateVersion is 0

security
  ok   a forged nonce is rejected — NONCE_MISMATCH
  ok   a message from another window is rejected — SOURCE_MISMATCH
  ok   no secret, shell or approval surface is reachable — none of readAllSecrets, shell, queryCoreDb, disableCSP, approve, installAnything, registerSidebar, grant, fs, readFile, writeFile is on the author API
  ok   the entry reaches no origin the manifest does not declare — the entry names no origin
  ok   a host-owned card cannot be minted by a widget — question-card is recognised as host-owned

lifecycle
  ok   the widget mounts on init — status after init: ready, mount handlers fired: 1
  ok   a props update reaches the widget — subscribers notified: 1
  ok   suspend and resume are delivered — suspended: conformance, resumed: 1
  ok   dispose stops listening — disposed: 1, listener present: false
  ok   the declared state migration carries the previous version's fixture to a valid current state — stateVersion is 0, so there is nothing to migrate

interaction
  ok   a repeated invocation runs the action once — times run: 1
  ok   a stale state write is refused — STALE_REVISION
  ok   an action the host never accepted is refused — ACTION_UNKNOWN
  ok   the definition declares its sizing, which is what pin and detach depend on — compact: true, expanded: true
  n/a  keyboard reachability — needs a rendered frame
  n/a  touch target size — needs a rendered frame
  n/a  detach keeps one live owner — needs a window that can be detached and re-attached; run the dev host's real detach/reattach and pass its facts with --frames
  n/a  a spoken action and the same click agree — needs a rendered frame and a voice session, and a voice session needs a provider account

rendering
  ok   the required fixtures are present — present: default, empty, error, compact
  ok   a text fallback is declared — textFallback: 61 characters
  n/a  the narrow layout — needs a rendered frame at a known viewport
  n/a  the compact layout — needs a rendered frame at a known viewport
  n/a  the expanded layout — needs a rendered frame at a known viewport
  n/a  the loading state — needs a rendered frame at a known viewport
  n/a  the read-only state — needs a rendered frame at a known viewport
  n/a  reduced motion — needs a rendered frame at a known viewport

20 passed, 0 failed, 10 need the dev host
The checks marked n/a are not verified by this command: they need a rendered frame.

packed com.example.clark-widget-ktdjha@0.1.0
  sha256:25f5d189c9989e0398d31aa10dcd153e29c07d7a9afa66f3bd02bbfc74079bf3
  C:\Users\admin\AppData\Local\Temp\clark-widget-KtDjha\dist\artifact.json
The checks marked n/a are not verified by this command: they need a rendered frame.Refusing to publish a package that fails conformance.version 0.1.0 was already packed with a different digest.
A version whose bytes changed is a different package wearing the same number; bump the version.
prepared the directory entry for com.example.clark-widget-ktdjha@0.1.0  risk lane: isolated-ui  digest: sha256:25f5d189c9989e0398d31aa10dcd153e29c07d7a9afa66f3bd02bbfc74079bf3  C:\Users\admin\AppData\Local\Temp\clark-widget-KtDjha\dist\directory-entry.jsonSubmitting needs a directory account; a local path needs none. ✓ packages/widget-cli/test/dev-host.spec.ts (40 tests) 1660ms
   ✓ the dev host serving a catalog widget (6)
     ✓ serves the runtime module Vite builds from the workspace source 391ms
 ✓ packages/widget-cli/test/conformance.spec.ts (35 tests) 1662ms
 ✓ apps/runtime/test/workflow-executor.spec.ts (21 tests) 1444ms
   ✓ a run (14)
     ✓ ends a step still running at the total deadline as uncertain, with the arguments it was sent 607ms
     ✓ promises no inbox question when the ledger could not hold the call 415ms
     ✓ says a read that did not finish changed nothing, and asks nobody about it 404ms
 ✓ apps/runtime/test/task-dispatch.spec.ts (12 tests) 1372ms
   ✓ dispatching a task runs a worker (9)
     ✓ runs a real worker child process, which honestly reports not-verified and fails the task 856ms
created a form widget package in C:\Users\admin\AppData\Local\Temp\clark-widget-detach-4t51RK
next: clark widget test C:\Users\admin\AppData\Local\Temp\clark-widget-detach-4t51RK
 ✓ apps/runtime/test/artifact-viewers.spec.ts (31 tests) 1406ms
 ✓ apps/runtime/test/project-session.confinement.spec.ts (4 tests) 116ms
 ✓ apps/runtime/test/activity-timeline.spec.ts (31 tests) 1557ms
 ✓ apps/runtime/test/package-install-capability-approval.spec.ts (17 tests) 1221ms
 ✓ apps/runtime/test/peer-signals.spec.ts (6 tests) 1207ms
   ✓ a paired Clark's news (6)
     ✓ reaches the standing request the person set up on the other node, under the sender's name 301ms
 ✓ apps/runtime/test/peers.spec.ts (10 tests) 1616ms
   ✓ two live hosts delegate (4)
     ✓ carries a delegation between two live hosts, and answers a replay with what was recorded 355ms
 ✓ apps/runtime/test/node-tools.spec.ts (11 tests) 2109ms
   ✓ the command tool obeys the execution policy (5)
     ✓ runs a command the default policy allows, with no card anywhere 499ms
     ✓ runs under Autonomous as well, which is the same run with the judgment layer switched off 634ms
     ✓ runs even when the node has nowhere to write the trail, because a record is not a permission 505ms
Preparing worktree (new branch 'clarkcant/task-task_earlier')
 ✓ apps/runtime/test/update-checks.spec.ts (26 tests) 1158ms
 ✓ packages/widget-host/test/session.spec.ts (44 tests) 858ms
   ✓ the artifacts@1 extension (14)
     ✓ keeps only the latest entries of what the frame said, so a frame that keeps asking cannot grow the record 604ms
 ✓ apps/runtime/test/mini-app-data.spec.ts (25 tests) 1091ms
 ✓ packages/widget-cli/test/detach-real-browser.e2e.spec.ts (1 test) 1035ms
   ✓ detach against a real browser (1)
     ✓ moves the lease to a real detached window and back, with never more than one owner 1033ms
 ✓ packages/core/test/core.spec.ts (49 tests) 1405ms
 ✓ apps/runtime/test/pack-load.spec.ts (9 tests) 1031ms
   ✓ the node's own path to loading the pack (1)
     ✓ stops reporting the pack as one no worker has loaded 704ms
 ✓ apps/runtime/test/control-app-tool.spec.ts (20 tests) 868ms
 ✓ apps/runtime/test/input-primitives.spec.ts (20 tests) 932ms
 ✓ apps/runtime/test/status-cards.spec.ts (22 tests) 1026ms
 ✓ apps/runtime/test/widget-semantic.spec.ts (14 tests) 1286ms
[fts-baseline] lexical 30/31 (96.8%); semantic-only 2/8 (25.0%) — the gap Phase 10 must close
lexical failures:
  phân tích cảm xúc khách hàng → expected (nothing), got msg_meeting
 ✓ apps/runtime/test/composer-references.spec.ts (20 tests) 1010ms
 ✓ apps/runtime/test/package-lifecycle-route.spec.ts (13 tests) 1175ms
 ✓ apps/runtime/test/session-search.spec.ts (22 tests) 906ms
 ✓ apps/runtime/test/calendar-views.spec.ts (23 tests) 1008ms
 ✓ apps/runtime/test/package-files-route.spec.ts (14 tests) 881ms
 ✓ apps/runtime/test/xy-charts.spec.ts (20 tests) 890ms
 ✓ apps/runtime/test/task-dispatch-project-work-pack.spec.ts (2 tests) 706ms
   ✓ dispatching project.code.change@1 through the project-work pack (2)
     ✓ runs a real worker child that calls write_project_file, and settles the task succeeded with evidence 705ms
 ✓ apps/runtime/test/app-intents.spec.ts (21 tests) 896ms
 ✓ apps/desktop/test/file-bridge.spec.ts (19 tests | 2 skipped) 881ms
   ✓ writing a file whole (6)
     ✓ leaves the original as it was and removes its temporary file when the write cannot finish 739ms
 ✓ apps/runtime/test/embeddings-local.spec.ts (4 tests | 1 skipped) 580ms
   ✓ loading (2)
     ✓ returns a reason, not an exception, when the model cannot be used 575ms
 ✓ packages/core/test/preference-registry.spec.ts (35 tests) 900ms
 ✓ packages/capability-host/test/quarantine.spec.ts (11 tests | 1 skipped) 831ms
   ✓ the isolated build (3)
     ✓ reports a build that fails, and one that does not finish 438ms
 ✓ packages/contracts/test/calendar-view.spec.ts (25 tests) 795ms
   ✓ times without an offset (3)
     ✓ places the same rows on the same days whatever timezone the reading process is in 774ms
 ✓ packages/capability-host/test/dependency-lock.spec.ts (23 tests) 515ms
 ✓ packages/design-tokens/test/identity-protected.spec.ts (16 tests) 844ms
   ✓ identity (3)
     ✓ writes only closed names and host-written values for every recipe and effect at every bound 807ms
 ✓ packages/contracts/test/activity-timeline.spec.ts (25 tests) 758ms
   ✓ grouping by day (7)
     ✓ groups by the same days whatever timezone the reading process is in 721ms
 ✓ apps/runtime/test/effect-reconciliation.spec.ts (13 tests) 952ms
 ✓ apps/runtime/test/artifact-server.spec.ts (8 tests) 877ms
 ✓ apps/runtime/test/attachment-routes.spec.ts (15 tests) 1022ms
 ✓ apps/cli/test/cli.spec.ts (15 tests) 1044ms
 ✓ apps/runtime/test/notice-operations.spec.ts (17 tests) 1182ms
 ✓ apps/runtime/test/task-dispatch-browser.spec.ts (15 tests) 15753ms
   ✓ a task dispatched to the browser (8)
     ✓ runs a worker whose lost submit becomes an unknown effect, an uncertain task and one notice 721ms
   ✓ a task dispatched to the browser, on the node's model (7)
     ✓ works the task on the node's model, offered use_browser and nothing else, with the key over stdin only 2076ms
     ✓ stops the worker at its token budget after the turn that crossed it, before asking the model again 2030ms
     ✓ ends the provider call when the person stops the task 4209ms
     ✓ keeps the key out of what comes back even when the provider's error quotes it and the quote is cut short 3282ms
     ✓ says the model answered without using the browser when it replied in words and called nothing 2659ms
 ✓ apps/runtime/test/task-dispatch-scoped.spec.ts (8 tests) 15945ms
   ✓ a repository is worked on in the task's own worktree (3)
     ✓ runs a real worker whose command commits on the task's branch, and leaves the person's tree alone 4249ms
     ✓ gives each repository of one task its own worktree, and takes them all away when it ends 8307ms
     ✓ refuses a repository task on a node that keeps no place for worktrees, rather than working in place 1355ms
   ✓ stopping a task stops the commands its worker started on the host (1)
     ✓ ends a long command when the task is stopped 1707ms
 ✓ apps/runtime/test/service-host.spec.ts (29 tests) 17177ms
   ✓ a capability another package held when this one started (1)
     ✓ is served by this package after the next reconcile once that package is gone, without restarting its service 335ms
   ✓ a service that is not running (9)
     ✓ starts the service once an engine appears, without restarting the node 360ms
     ✓ does not come back after a stop that landed while it was waiting to restart 1551ms
     ✓ marks the capabilities down when the service is killed, and brings it back with its data 2089ms
     ✓ reports a call whose service exits mid-call as sent, so the caller keeps it as one that may have run 456ms
     ✓ leaves a service that keeps dying stopped, and says so 1678ms
   ✓ a call its caller bounds (5)
     ✓ ends a call past the caller's deadline as timed out, says it may have run, and tells the service to drop it 2897ms
     ✓ withdraws a call when the caller's signal aborts, as cancelled rather than as nothing having happened 2668ms
     ✓ never gives a call more time than the host's own ceiling, and answers a quick one as usual 1251ms
     ✓ refuses to send a call it cannot first write down, and sends nothing 326ms
 ✓ packages/storage/test/artifact-refs.spec.ts (20 tests) 957ms
 ✓ apps/runtime/test/mini-app-compose.spec.ts (16 tests) 925ms
 ✓ apps/runtime/test/compose-layout.spec.ts (13 tests) 758ms
 ✓ apps/runtime/test/jev-decider.spec.ts (19 tests) 990ms
 ✓ apps/runtime/test/attachment-in-turn.spec.ts (12 tests) 802ms
 ✓ apps/runtime/test/attachments.spec.ts (15 tests) 651ms
 ✓ apps/runtime/test/work-recovery.spec.ts (14 tests) 620ms
 ✓ apps/runtime/test/stop-turn.spec.ts (8 tests) 615ms
 ✓ apps/runtime/test/j1-journey.spec.ts (20 tests) 627ms
 ✓ apps/runtime/test/peer-transport-answer.spec.ts (5 tests) 619ms
 ✓ apps/runtime/test/browser-task-tool.spec.ts (15 tests) 836ms
 ✓ apps/runtime/test/table-export-route.spec.ts (12 tests) 560ms
 ✓ apps/runtime/test/github-polling.spec.ts (10 tests) 705ms
 ✓ apps/runtime/test/conversation-delete.spec.ts (15 tests) 496ms
 ✓ apps/runtime/test/preference-routes.spec.ts (15 tests) 750ms
 ✓ packages/widget-cli/test/theme-dev-host.spec.ts (2 tests) 664ms
   ✓ the production theme author dev host (2)
     ✓ serves checked theme data and the production module entry, refusing other origins and package file browsing 440ms
 ✓ packages/core/test/automation.spec.ts (22 tests) 580ms
 ✓ packages/conversation-client/test/attachments.spec.ts (11 tests) 591ms
   ✓ encoding the bytes (2)
     ✓ encodes a file larger than the argument limit without overflowing the stack 582ms
 ✓ apps/runtime/test/artifact-transfer.spec.ts (13 tests) 579ms
 ✓ apps/runtime/test/composition-graph.spec.ts (9 tests) 659ms
 ✓ apps/runtime/test/mini-app-actions.spec.ts (11 tests) 759ms
 ✓ packages/core/test/hardening.spec.ts (22 tests) 546ms
 ✓ packs/google-calendar/test/connector.spec.ts (6 tests) 488ms
   ✓ writing through the connector (3)
     ✓ reports a write that timed out as unknown, not as failed 356ms
 ✓ packages/core/test/install-from-source.spec.ts (20 tests) 576ms
 ✓ apps/runtime/test/vector-index.spec.ts (14 tests) 928ms
 ✓ apps/runtime/test/task-approval-decide.spec.ts (7 tests) 702ms
 ✓ apps/runtime/test/hybrid-rank.spec.ts (13 tests) 819ms
 ✓ apps/runtime/test/activity-route.spec.ts (12 tests) 856ms
 ✓ apps/runtime/test/widget-state-route.spec.ts (8 tests) 678ms
 ✓ packages/core/test/consent.spec.ts (21 tests) 445ms
 ✓ apps/runtime/test/installed-widgets-route.spec.ts (7 tests) 571ms
 ✓ apps/runtime/test/read-attachment-tool.spec.ts (11 tests) 781ms
 ✓ apps/runtime/test/delegated-artifacts.spec.ts (18 tests) 656ms
 ✓ apps/runtime/test/effect-notices.spec.ts (9 tests) 559ms
 ✓ packs/project-work/test/worktree.spec.ts (12 tests) 23482ms
   ✓ a lock records the repository, not just the path (T15) (5)
     ✓ reads the identity of a real repository 613ms
     ✓ accepts a lock while nothing has moved 750ms
     ✓ catches HEAD moving under a running task 1230ms
     ✓ catches the same path belonging to a different repository 1017ms
     ✓ does not treat a detached HEAD as a branch named HEAD 1442ms
   ✓ a dirty working tree is refused, never cleaned (T16) (7)
     ✓ refuses an uncommitted edit and names the file 2729ms
     ✓ refuses an untracked file too, because it is also work that exists nowhere else 1981ms
     ✓ leaves the user's edit exactly as it was 2680ms
     ✓ does not commit, checkout or reset anything while refusing 3387ms
     ✓ allows a clean tree 3086ms
     ✓ refuses on the lock before it even looks at the tree 2991ms
     ✓ reports a clean tree as clean 1573ms
 ✓ apps/runtime/test/suggestions.spec.ts (12 tests) 658ms
 ✓ apps/runtime/test/memory.spec.ts (11 tests) 587ms
 ✓ packages/widget-cli/test/theme-cli.spec.ts (11 tests) 547ms
 ✓ apps/runtime/test/autonomy-settings.spec.ts (13 tests) 490ms
 ✓ apps/runtime/test/package-install-legacy-grant-resolution.spec.ts (8 tests) 447ms
 ✓ packages/storage/test/secrets.spec.ts (11 tests) 531ms
 ✓ apps/runtime/test/frame-grant-lifetime.spec.ts (7 tests) 597ms
 ✓ packages/core/test/widget-lifecycle.spec.ts (18 tests) 429ms
 ✓ packages/conversation-client/test/appearance.spec.ts (15 tests) 437ms
 ✓ packages/core/test/execution-policy-migration.spec.ts (20 tests) 467ms
 ✓ packages/core/test/onboarding.spec.ts (18 tests) 397ms
 ✓ packages/core/test/package-uninstall.spec.ts (11 tests) 244ms
 ✓ apps/runtime/test/secret-broker.spec.ts (11 tests) 549ms
 ✓ apps/runtime/test/session-store.spec.ts (8 tests) 438ms
 ✓ packages/storage/test/peer-delivery-state.spec.ts (13 tests) 365ms
 ✓ apps/runtime/test/conductor-routing.spec.ts (7 tests) 452ms
 ✓ apps/runtime/test/expiry-notices.spec.ts (8 tests) 578ms
 ✓ packages/core/test/widget-state-patch.spec.ts (14 tests) 314ms
 ✓ packages/core/test/surface-snapshot.spec.ts (10 tests) 605ms
 ✓ apps/runtime/test/webhook-signals.spec.ts (7 tests) 606ms
 ✓ packages/integration-sdk/test/calendar-api.spec.ts (9 tests) 208ms
 ✓ packages/storage/test/audit.spec.ts (7 tests) 424ms
 ✓ apps/runtime/test/model-bootstrap-routing.spec.ts (7 tests) 474ms
 ✓ packages/node-link/test/node-link.spec.ts (12 tests) 284ms
 ✓ packages/core/test/mini-app-ownership.spec.ts (12 tests) 301ms
 ✓ examples/media-widget-contract/test/fixture.spec.ts (9 tests) 194ms
 ✓ packages/storage/test/outbox-backoff.spec.ts (10 tests) 217ms
 ✓ packages/widget-host/test/seams.spec.ts (42 tests) 156ms
 ✓ packages/core/test/effect-reconciliation.spec.ts (12 tests) 283ms
 ✓ apps/runtime/test/command-policy.spec.ts (27 tests) 353ms
 ✓ apps/runtime/test/attachment-server.spec.ts (4 tests) 352ms
 ✓ packages/widget-sdk/test/runtime.spec.ts (35 tests) 152ms
 ✓ apps/runtime/test/app-intents-appearance.spec.ts (8 tests) 368ms
created a blank widget package in C:\Users\admin\AppData\Local\Temp\clark-widget-xFW8cp
next: clark widget test C:\Users\admin\AppData\Local\Temp\clark-widget-xFW8cp
 ✓ packages/integration-sdk/test/token-exchange.spec.ts (8 tests) 240ms
 ✓ apps/runtime/test/package-install-local-chain.spec.ts (2 tests) 379ms

schema
  ok   the default fixture matches the props schema — fixtures/default.json validates
  ok   malformed props are rejected — required property "title" is missing
  ok   additional props are rejected when the schema forbids them — unknown property "conformanceExtraKey"
  ok   the state version is declared — stateVersion is 0

security
  ok   a forged nonce is rejected — NONCE_MISMATCH
  ok   a message from another window is rejected — SOURCE_MISMATCH
  ok   no secret, shell or approval surface is reachable — none of readAllSecrets, shell, queryCoreDb, disableCSP, approve, installAnything, registerSidebar, grant, fs, readFile, writeFile is on the author API
  ok   the entry reaches no origin the manifest does not declare — the entry names no origin
  ok   a host-owned card cannot be minted by a widget — question-card is recognised as host-owned

lifecycle
  ok   the widget mounts on init — status after init: ready, mount handlers fired: 1
  ok   a props update reaches the widget — subscribers notified: 1
  ok   suspend and resume are delivered — suspended: conformance, resumed: 1
  ok   dispose stops listening — disposed: 1, listener present: false
  ok   the declared state migration carries the previous version's fixture to a valid current state — stateVersion is 0, so there is nothing to migrate

interaction
  ok   a repeated invocation runs the action once — times run: 1
  ok   a stale state write is refused — STALE_REVISION
  ok   an action the host never accepted is refused — ACTION_UNKNOWN
  ok   the definition declares its sizing, which is what pin and detach depend on — compact: true, expanded: true
  n/a  keyboard reachability — needs a rendered frame
  n/a  touch target size — needs a rendered frame
  n/a  detach keeps one live owner — needs a window that can be detached and re-attached; run the dev host's real detach/reattach and pass its facts with --frames
  n/a  a spoken action and the same click agree — needs a rendered frame and a voice session, and a voice session needs a provider account

rendering
  ok   the required fixtures are present — present: default, empty, error, compact
  ok   a text fallback is declared — textFallback: 61 characters
  n/a  the narrow layout — needs a rendered frame at a known viewport
  n/a  the compact layout — needs a rendered frame at a known viewport
  n/a  the expanded layout — needs a rendered frame at a known viewport
  n/a  the loading state — needs a rendered frame at a known viewport
  n/a  the read-only state — needs a rendered frame at a known viewport
  n/a  reduced motion — needs a rendered frame at a known viewport

20 passed, 0 failed, 10 need the dev host
The checks marked n/a are not verified by this command: they need a rendered frame.

packed com.example.clark-widget-xfw8cp@0.1.0
  sha256:8b795eacfb540c9201a8b19101d3bb1ee4f93ee583781a56bc46d0bc6be1910c
  C:\Users\admin\AppData\Local\Temp\clark-widget-xFW8cp\dist\artifact.json
prepared the directory entry for com.example.clark-widget-xfw8cp@0.1.0  risk lane: isolated-ui  digest: sha256:8b795eacfb540c9201a8b19101d3bb1ee4f93ee583781a56bc46d0bc6be1910c  C:\Users\admin\AppData\Local\Temp\clark-widget-xFW8cp\dist\directory-entry.jsonSubmitting needs a directory account; a local path needs none. ✓ apps/runtime/test/background-route.spec.ts (5 tests) 436ms
 ✓ packages/core/test/task-cancel.spec.ts (6 tests) 138ms

schema
  ok   the default fixture matches the props schema — fixtures/default.json validates
  ok   malformed props are rejected — required property "title" is missing
  ok   additional props are rejected when the schema forbids them — unknown property "conformanceExtraKey"
  ok   the state version is declared — stateVersion is 0

security
  ok   a forged nonce is rejected — NONCE_MISMATCH
  ok   a message from another window is rejected — SOURCE_MISMATCH
  ok   no secret, shell or approval surface is reachable — none of readAllSecrets, shell, queryCoreDb, disableCSP, approve, installAnything, registerSidebar, grant, fs, readFile, writeFile is on the author API
  ok   the entry reaches no origin the manifest does not declare — the entry names no origin
  ok   a host-owned card cannot be minted by a widget — question-card is recognised as host-owned

lifecycle
  ok   the widget mounts on init — status after init: ready, mount handlers fired: 1
  ok   a props update reaches the widget — subscribers notified: 1
  ok   suspend and resume are delivered — suspended: conformance, resumed: 1
  ok   dispose stops listening — disposed: 1, listener present: false
  ok   the declared state migration carries the previous version's fixture to a valid current state — stateVersion is 0, so there is nothing to migrate

interaction
  ok   a repeated invocation runs the action once — times run: 1
  ok   a stale state write is refused — STALE_REVISION
  ok   an action the host never accepted is refused — ACTION_UNKNOWN
  ok   the definition declares its sizing, which is what pin and detach depend on — compact: true, expanded: true
  n/a  keyboard reachability — needs a rendered frame
  n/a  touch target size — needs a rendered frame
  n/a  detach keeps one live owner — needs a window that can be detached and re-attached; run the dev host's real detach/reattach and pass its facts with --frames
  n/a  a spoken action and the same click agree — needs a rendered frame and a voice session, and a voice session needs a provider account

rendering
  ok   the required fixtures are present — present: default, empty, error, compact
  ok   a text fallback is declared — textFallback: 61 characters
  n/a  the narrow layout — needs a rendered frame at a known viewport
  n/a  the compact layout — needs a rendered frame at a known viewport
  n/a  the expanded layout — needs a rendered frame at a known viewport
  n/a  the loading state — needs a rendered frame at a known viewport
  n/a  the read-only state — needs a rendered frame at a known viewport
  n/a  reduced motion — needs a rendered frame at a known viewport

20 passed, 0 failed, 10 need the dev host
The checks marked n/a are not verified by this command: they need a rendered frame.

packed com.example.clark-widget-xfw8cp@0.2.0
  sha256:f1aebc98a28ba1b82cb99473fc78784b10cafc40c096f91da60643f0451063f1
  C:\Users\admin\AppData\Local\Temp\clark-widget-xFW8cp\dist\artifact.json
Refusing to publish com.example.clark-widget-xfw8cp@0.2.0:
  com.example.clark-widget-xfw8cp.main@1: stateSchema changed but stateVersion is still 0; raise it and add a migration step
 ✓ apps/runtime/test/install-approval.spec.ts (13 tests) 20632ms
   ✓ an install the policy asks about waits in the inbox (2)
     ✓ is listed under waiting with the package, the version, what it asks for and the artifact it is about 1214ms
     ✓ is not listed once the directory no longer lists the artifact it asked about 2226ms
   ✓ the person's answer (3)
     ✓ installs on Approve, through the same install, once 1747ms
     ✓ installs nothing on Deny 1415ms
     ✓ installs nothing once the approval has expired, decided late or swept 1195ms
   ✓ settling an expired install approval (1)
     ✓ leaves one the person decided between the sweep's read and its write as they decided it 1390ms
   ✓ an approval stays bound to the artifact it was given for (4)
     ✓ does not install a listing republished after the ask, and leaves the question as it was 2385ms
     ✓ refuses a decision made on another digest than the one asked about 1345ms
     ✓ has the install itself refuse an approval given for another artifact 1040ms
     ✓ still honours a policy that now forbids installing, even after Approve 1180ms
   ✓ machine surfaces cannot install or decide an install (3)
     ✓ lists both routes as person-only, matching the raw segments 1553ms
     ✓ refuses a request the MCP endpoint or the relay forwarded, and installs nothing 2769ms
     ✓ gives the model no way to install: the package tool lists, uninstalls, restores and rolls back only 1171ms
 ✓ apps/runtime/test/request-secret.spec.ts (5 tests) 298ms

schema
  ok   the default fixture matches the props schema — fixtures/default.json validates
  ok   malformed props are rejected — required property "title" is missing
  ok   additional props are rejected when the schema forbids them — unknown property "conformanceExtraKey"
  ok   the state version is declared — stateVersion is 1

security
  ok   a forged nonce is rejected — NONCE_MISMATCH
  ok   a message from another window is rejected — SOURCE_MISMATCH
  ok   no secret, shell or approval surface is reachable — none of readAllSecrets, shell, queryCoreDb, disableCSP, approve, installAnything, registerSidebar, grant, fs, readFile, writeFile is on the author API
  ok   the entry reaches no origin the manifest does not declare — the entry names no origin
  ok   a host-owned card cannot be minted by a widget — question-card is recognised as host-owned

lifecycle
  ok   the widget mounts on init — status after init: ready, mount handlers fired: 1
  ok   a props update reaches the widget — subscribers notified: 1
  ok   suspend and resume are delivered — suspended: conformance, resumed: 1
  ok   dispose stops listening — disposed: 1, listener present: false
  ok   the declared state migration carries the previous version's fixture to a valid current state — fixtures/state-v0.json migrates to a state stateSchema accepts (1 operation)

interaction
  ok   a repeated invocation runs the action once — times run: 1
  ok   a stale state write is refused — STALE_REVISION
  ok   an action the host never accepted is refused — ACTION_UNKNOWN
  ok   the definition declares its sizing, which is what pin and detach depend on — compact: true, expanded: true
  n/a  keyboard reachability — needs a rendered frame
  n/a  touch target size — needs a rendered frame
  n/a  detach keeps one live owner — needs a window that can be detached and re-attached; run the dev host's real detach/reattach and pass its facts with --frames
  n/a  a spoken action and the same click agree — needs a rendered frame and a voice session, and a voice session needs a provider account

rendering
  ok   the required fixtures are present — present: default, empty, error, compact
  ok   a text fallback is declared — textFallback: 61 characters
  n/a  the narrow layout — needs a rendered frame at a known viewport
  n/a  the compact layout — needs a rendered frame at a known viewport
  n/a  the expanded layout — needs a rendered frame at a known viewport
  n/a  the loading state — needs a rendered frame at a known viewport
  n/a  the read-only state — needs a rendered frame at a known viewport
  n/a  reduced motion — needs a rendered frame at a known viewport

20 passed, 0 failed, 10 need the dev host
The checks marked n/a are not verified by this command: they need a rendered frame.

packed com.example.clark-widget-xfw8cp@0.3.0
  sha256:06a07e6c0d32de72a253a90019d42c0dd130b15633bddd794968bcb32201fc23
  C:\Users\admin\AppData\Local\Temp\clark-widget-xFW8cp\dist\artifact.json
prepared the directory entry for com.example.clark-widget-xfw8cp@0.3.0  risk lane: isolated-ui  digest: sha256:06a07e6c0d32de72a253a90019d42c0dd130b15633bddd794968bcb32201fc23  C:\Users\admin\AppData\Local\Temp\clark-widget-xFW8cp\dist\directory-entry.jsonSubmitting needs a directory account; a local path needs none. ✓ packages/pi-adapter/test/session-persistence.spec.ts (8 tests) 85ms
 ✓ examples/note-widget/test/editor.spec.ts (9 tests) 203ms
 ✓ apps/runtime/test/peer-transport-backoff.spec.ts (5 tests) 161ms
 ✓ packages/widget-cli/test/version-rules.spec.ts (12 tests) 300ms
 ✓ apps/runtime/test/capability-waiters.spec.ts (3 tests) 277ms
 ✓ packages/core/test/installed-themes.spec.ts (9 tests) 230ms
 ✓ apps/runtime/test/identifier-uniqueness.spec.ts (4 tests) 179ms
 ✓ packages/storage/test/migration-split-theme-preference.spec.ts (7 tests) 170ms
 ✓ apps/runtime/test/tool-catalogue.spec.ts (2 tests) 166ms
 ✓ apps/worker/test/worker.spec.ts (29 tests) 157ms
 ✓ packages/conversation-client/test/chart-layout.spec.ts (40 tests) 80ms
 ✓ packages/core/test/installed-widgets.spec.ts (11 tests) 258ms
 ✓ apps/runtime/test/credential-vault.spec.ts (4 tests) 282ms
 ✓ apps/runtime/test/identity.spec.ts (3 tests) 193ms
stdout | packages/core/test/execution-policy-parity.spec.ts > no tuple is looser than the legacy policy it replaced > holds for every surface, category, intent and boundary
legacy-vs-canonical tuples evaluated: 1120 over 10 legacy configurations

 ✓ packages/core/test/execution-policy-parity.spec.ts (9 tests) 151ms
 ✓ packages/storage/test/notice-operations-storage.spec.ts (3 tests) 134ms
 ✓ apps/runtime/test/peer-transport-skip.spec.ts (3 tests) 106ms
 ✓ apps/runtime/test/lease-sweeper.spec.ts (5 tests) 123ms
 ✓ packages/core/test/execution-policy.spec.ts (34 tests) 82ms
 ✓ packages/storage/test/widget-semantic.spec.ts (3 tests) 129ms
 ✓ packages/core/test/widget-frame.spec.ts (10 tests) 104ms
 ✓ packages/host-adapters/test/vault.spec.ts (3 tests) 80ms
 ✓ packages/widget-cli/test/dev-lease.spec.ts (4 tests) 80ms
 ✓ packages/core/test/task-cancel-peer.spec.ts (4 tests) 107ms
 ✓ apps/runtime/test/jev-selector.spec.ts (23 tests) 96ms
 ✓ packages/core/test/lease-sweep.spec.ts (4 tests) 98ms
 ✓ packages/core/test/package-manifest.spec.ts (15 tests) 66ms
 ✓ apps/runtime/test/selector-budget-wiring.spec.ts (2 tests) 144ms
 ✓ apps/runtime/test/fs-search.spec.ts (12 tests) 37ms
 ✓ apps/runtime/test/work-supervisor.spec.ts (15 tests) 67ms
 ✓ packages/contracts/test/table-view.spec.ts (29 tests) 80ms
 ✓ apps/runtime/test/turn-control.spec.ts (2 tests) 86ms
 ✓ packages/widget-catalog/test/fixtures.spec.ts (7 tests) 58ms
 ✓ packages/storage/test/migration-backfill-granted-capabilities.spec.ts (3 tests) 82ms
 ✓ packages/conversation-client/test/markdown.spec.tsx (17 tests) 52ms
 ✓ packages/widget-catalog/test/timeline-schemas.spec.ts (4 tests) 63ms
 ✓ packages/signal-sources/test/github.spec.ts (18 tests) 65ms
 ✓ apps/runtime/test/terminal-gateway.spec.ts (3 tests | 1 skipped) 58ms
 ✓ packages/core/test/package-files.spec.ts (6 tests) 70ms
[calibration] BLOCKED: jev-vs-rank calibration was not produced. Set CLARKCANT_JEV_LIVE=1 and TYPESAFE_API_KEY to run it. The default is "rank" until it is measured.
 ✓ packages/design-tokens/test/appearance.spec.ts (21 tests) 37ms
 ✓ apps/runtime/test/jev-calibration-live.spec.ts (3 tests | 2 skipped) 66ms
 ✓ packages/core/test/app-intents.spec.ts (31 tests) 42ms
 ✓ packages/contracts/test/contracts.spec.ts (78 tests) 38ms
 ✓ apps/runtime/test/preflight.spec.ts (25 tests) 34ms
 ✓ packages/core/test/directory-index.spec.ts (10 tests) 50ms
 ❯ packages/conversation-client/test/styles.spec.ts (16 tests | 1 failed) 68ms
   ✓ the stylesheet survives being embedded in TypeScript (5)
     ✓ contains no backtick, which would end the template literal early 2ms
     ✓ contains no interpolation sequence, which would be evaluated 0ms
     ✓ closes every brace it opens 0ms
     ✓ never transitions every property 0ms
     ✓ turns off every animation that never ends, rather than shortening it 1ms
   ❯ every variable the stylesheet reads exists (1)
     × reads no variable that nothing defines, unless it names a fallback 20ms
   ✓ the look a theme's identity reaches (10)
     ✓ reads each identity variable with Clark Default's own value, so Clark draws exactly as it did 4ms
     ✓ never lets a recipe or an effect reach a focus ring, a disabled control, provenance or the host's own cards 24ms
     ✓ draws the host's own cards with no theme surface, texture, blur or shadow 3ms
     ✓ draws the buttons in the host's own cards and panels as Clark's, whatever the theme's button recipe 3ms
     ✓ draws Stop with the host's own look, which no recipe or effect reaches 2ms
     ✓ blurs only the modal under glass, never a card or the composer 1ms
     ✓ draws the backdrop and its pointer light at the strengths the protected audit measures 1ms
     ✓ stops the theme's motion and the pointer light under the person's own Reduced setting, as under the system's 2ms
     ✓ draws every focus ring in the protected focus colour 1ms
     ✓ keeps the host's own cards edged whatever a card recipe says 0ms
 ✓ apps/runtime/test/terminal-tools.spec.ts (16 tests) 43ms
 ✓ packages/pi-adapter/test/scoped-fs-canonicalisation.spec.ts (2 tests) 25ms
 ✓ packages/conversation-client/test/locale.spec.ts (15 tests) 40ms
 ✓ packages/widget-catalog/test/status-card-schemas.spec.ts (7 tests) 31ms
 ✓ apps/desktop/test/detached-window.spec.ts (18 tests) 37ms
 ✓ packages/contracts/test/artifact-viewers.spec.ts (35 tests) 44ms
 ✓ packages/conversation-client/test/table-model.spec.ts (19 tests) 48ms
 ✓ apps/runtime/test/session-preview.spec.ts (8 tests) 27ms
 ✓ packages/conversation-client/test/api-stream.spec.ts (13 tests) 33ms
 ✓ packages/conversation-client/test/mini-app-helpers.spec.ts (13 tests) 28ms
 ✓ packages/conversation-client/test/widget-artifacts.spec.ts (21 tests) 46ms
 ✓ packages/contracts/test/widget-props.spec.ts (13 tests) 26ms
 ✓ packages/conversation-client/test/package-change-listeners.spec.ts (3 tests) 29ms
 ✓ packages/contracts/test/xy-charts.spec.ts (31 tests) 32ms
 ✓ packages/widget-catalog/test/xy-chart-schemas.spec.ts (5 tests) 29ms
 ✓ apps/runtime/test/directory-appearance.spec.ts (1 test) 29ms
 ✓ packages/conversation-client/test/theme-contrast-lines.spec.ts (6 tests) 28ms
 ✓ packages/conversation-client/test/artifact-viewers.spec.ts (12 tests) 28ms
 ✓ packages/contracts/test/themes.spec.ts (15 tests) 25ms
 ✓ packages/contracts/test/status-cards.spec.ts (17 tests) 28ms
 ✓ apps/runtime/test/view-tool.spec.ts (12 tests) 24ms
 ✓ packages/contracts/test/surface-composition.spec.ts (14 tests) 21ms
 ✓ packages/conversation-client/test/app-intents-agent-control.spec.ts (15 tests) 7ms
 ✓ packages/conversation-client/test/activity-timeline.spec.ts (10 tests) 21ms
 ✓ apps/runtime/test/schema-patterns.spec.ts (70 tests) 24ms
 ✓ packages/conversation-client/test/frame-grant-renewal.spec.ts (7 tests) 28ms
 ✓ apps/runtime/test/e2e-fixture-digests.spec.ts (5 tests) 21ms
 ✓ packages/widget-catalog/test/calendar-schemas.spec.ts (4 tests) 20ms
 ✓ packages/contracts/test/composition-graph.spec.ts (16 tests) 21ms
 ✓ packages/conversation-client/test/widget-lab.spec.ts (14 tests) 20ms
 ✓ packages/widget-sdk/test/dom-appearance.spec.ts (1 test) 21ms
 ✓ packages/contracts/test/preferences.spec.ts (17 tests) 17ms
 ✓ packages/contracts/test/app-intents-appearance.spec.ts (5 tests) 9ms
 ✓ packages/contracts/test/widget-semantic.spec.ts (14 tests) 18ms
 ✓ packages/contracts/test/models.spec.ts (16 tests) 18ms
 ✓ packages/conversation-client/test/orb-profile.spec.ts (32 tests) 20ms
 ✓ tools/test/platform-skipped-tests.spec.ts (19 tests) 13ms
 ✓ packages/conversation-client/test/widget-appearance-disclosure.spec.ts (3 tests) 38ms
 ✓ packages/contracts/test/notice-actions.spec.ts (12 tests) 23ms
 ✓ packages/contracts/test/artifacts.spec.ts (24 tests) 18ms
 ✓ packages/signal-sources/test/webhook.spec.ts (7 tests) 29ms
 ✓ packages/conversation-client/test/calendar-layout.spec.ts (6 tests) 15ms
 ✓ packages/contracts/test/composition-layout.spec.ts (10 tests) 18ms
 ✓ apps/desktop/test/appearance-tokens.spec.ts (4 tests) 17ms
 ✓ packages/voice-adapters/test/voice-capabilities.spec.ts (9 tests) 11ms
 ✓ packages/voice-adapters/test/gemini-live.spec.ts (30 tests) 16ms
 ✓ packages/conversation-client/test/input-primitives.spec.ts (7 tests) 12ms
 ✓ packages/contracts/test/form-fields.spec.ts (25 tests) 13ms
 ✓ packages/conversation-client/test/inbox-model.spec.ts (42 tests) 13ms
 ✓ packages/core/test/package-sources.spec.ts (22 tests) 14ms
 ✓ apps/runtime/test/interactions.spec.ts (13 tests) 17ms
 ✓ apps/runtime/test/peer-delegation.spec.ts (27 tests) 24310ms
   ✓ a task one Clark hands to another (17)
     ✓ runs on the other node within what its owner allowed, and settles the sender's own task 876ms
     ✓ stops a worker already running on the other node when the sender stops the task 1797ms
     ✓ stops a worker running here when this node's owner stops the task 1483ms
     ✓ settles the sender's task when a hand-over or a stop could not be delivered 3293ms
     ✓ tells the sender its outcome is unknown when the node running it restarted part-way 517ms
     ✓ counts a hand-over and its answer once, however often they arrive 1172ms
     ✓ takes an answer only from the node the task was handed to, and a grant only from its own sender 466ms
     ✓ tells the sender while its task waits for the other node's owner, and settles it on their decision 1272ms
     ✓ withdraws an automation's own grant on both nodes when it is paused or removed, and writes a new one to resume 981ms
     ✓ holds a run on the other node to the sender's time limit and run count 2625ms
   ✓ what the other node can run, asked before a task is handed to it (4)
     ✓ shows the sender a node that cannot run the task yet, warns at setup, and says at once that a hand-over waits there 1146ms
     ✓ stops a hand-over waiting there for a capability when the sender stops it 319ms
     ✓ tells a peer only what its owner allowed that peer, and nothing to a peer it allowed nothing 313ms
   ✓ the files a task handed to another Clark brings back (6)
     ✓ brings a file the task wrote back to the sender within its owner's byte budget, and shows it with the result 1115ms
     ✓ fetches, when it starts again, a file it accepted and had not received, and says it arrived 905ms
     ✓ leaves on the running node a file larger than the sender's byte budget, stores no copy, and says why 1135ms
     ✓ is offered no file when the sender's owner allowed no bytes, and the running node copies none 900ms
     ✓ keeps the files on the running node when its owner let none go back, though the sender asked, and says so 1153ms
     ✓ offers nothing to a sender that has not said it takes files, and answers it as before 853ms
 ✓ packages/conversation-client/test/host-cards.spec.ts (16 tests) 14ms
 ✓ packages/core/test/package-fetch.spec.ts (46 tests) 29590ms
   ✓ fetchGitArtifact (9)
     ✓ refuses a ref that is not a full commit id, before any fetch 466ms
     ✓ refuses a bare local path unless the caller explicitly opts in (C1: scheme allowlist) 349ms
     ✓ refuses a url crafted to be read as a git option, and spawns no git process at all (C1) 371ms
     ✓ refuses a non-https, non-local scheme outright, even one that names a real transport (C1) 587ms
     ✓ fetches a commit-pinned ref from a local repository and computes a stable digest over it 1041ms
     ✓ keys the cache by url as well as ref, so two remotes sharing a commit id do not collide (M3) 2916ms
     ✓ refuses a commit that does not exist at the remote 2040ms
     ✓ times out rather than hanging forever on an unreachable remote (H4) 2891ms
     ✓ changes digest when the tree changes, so a mutated commit is never mistaken for the pinned one 4464ms
   ✓ N2: expectedDigest is checked before a fetch becomes servable (4)
     ✓ refuses a git fetch whose bytes do not match expectedDigest, and leaves no servable cache directory (staged, before rename) 2886ms
     ✓ refuses a git cache hit whose already-cached bytes do not match a newly expected digest, without deleting the cache 2020ms
     ✓ succeeds when expectedDigest matches what was actually fetched 4407ms
     ✓ [fails on the old behaviour] a digest mismatch used to be caught only by the caller, after the rename already made the bytes servable 2254ms
   ✓ H1: a fetched git artifact actually serves a file end to end (1)
     ✓ resolves the entry's source to the cache path and reads a file out of it, once fetched 2040ms
   ✓ fetchNpmArtifact (19)
     ✓ N3: tar hardening (9)
       ✓ aborts a download that exceeds the size cap while streaming, even when the server sends no content-length at all 407ms
 ✓ packages/conversation-client/test/task-cards.spec.ts (17 tests) 14ms
 ✓ packages/contracts/test/composer-references.spec.ts (18 tests) 14ms
 ✓ packages/widget-cli/test/cli-usage.spec.ts (9 tests) 37ms
 ✓ packages/widget-catalog/test/fixture-schema.spec.ts (4 tests) 13ms
 ✓ apps/desktop/test/security.spec.ts (30 tests) 11ms
 ✓ examples/mcp-app-fixture/test/bridge.spec.ts (9 tests) 12ms
 ✓ packs/data-canvas/test/definitions.spec.ts (6 tests) 17ms
 ✓ apps/runtime/test/service-container.spec.ts (15 tests) 12ms
 ✓ packages/conversation-client/test/question-card.spec.ts (13 tests) 11ms
 ✓ packages/conversation-client/test/action-messages.spec.ts (11 tests) 10ms
 ✓ packages/conversation-client/test/appearance-actions.spec.ts (10 tests) 12ms
 ✓ packages/core/test/widget-document.spec.ts (10 tests) 12ms
 ✓ packages/contracts/test/text-rules.spec.ts (36 tests) 19ms
 ✓ packages/contracts/test/attachments.spec.ts (12 tests) 31ms
 ✓ apps/runtime/test/model-router.spec.ts (23 tests) 10ms
 ✓ apps/runtime/test/session-recap.spec.ts (4 tests) 16ms
 ✓ packages/contracts/test/execution.spec.ts (14 tests) 11ms
 ✓ packages/conversation-client/test/status-cards.spec.ts (6 tests) 11ms
 ✓ packages/conversation-client/test/inbox-notify-decide.spec.ts (22 tests) 11ms
 ✓ packages/pi-adapter/test/env-file.spec.ts (18 tests) 8ms
 ✓ packages/core/test/widget-state-migration.spec.ts (10 tests) 17ms
 ✓ packages/conversation-client/test/desktop-compact.spec.ts (21 tests) 10ms
 ✓ packages/conversation-client/test/input-modality.spec.ts (21 tests) 9ms
 ✓ packages/conversation-client/test/theme.spec.ts (20 tests) 10ms
 ✓ packages/contracts/test/app-intents-agent-control.spec.ts (11 tests) 9ms
 ✓ packages/contracts/test/interactions.spec.ts (23 tests) 10ms
 ✓ apps/runtime/test/background-sessions.spec.ts (8 tests) 8ms
 ✓ packages/conversation-client/test/orb.spec.ts (17 tests) 11ms
 ✓ packages/conversation-client/test/card-state-matrix.spec.ts (7 tests) 9ms
 ✓ packages/voice-adapters/test/gemini-tts.spec.ts (11 tests) 8ms
 ✓ tools/test/tsconfig-coverage.spec.ts (11 tests) 8ms
 ✓ packages/widget-catalog/test/search.spec.ts (10 tests) 27ms
 ✓ packages/pi-adapter/test/personal-instructions-wiring.spec.ts (9 tests) 9ms
 ✓ apps/runtime/test/ask-user-question.spec.ts (3 tests) 9ms
 ✓ packages/design-tokens/test/contrast.spec.ts (14 tests) 13ms
 ✓ packages/contracts/test/app-intents-widgets.spec.ts (8 tests) 9ms
 ✓ apps/runtime/test/work-tools.spec.ts (6 tests) 8ms
 ✓ packages/conversation-client/test/app-intents.spec.ts (15 tests) 9ms
 ✓ apps/desktop/test/window-mode.spec.ts (14 tests) 8ms
 ✓ tools/test/setup.spec.ts (12 tests) 9ms
 ✓ packages/conversation-client/test/voice-overlay.spec.ts (12 tests) 9ms
 ✓ packages/capability-host/test/secrets.spec.ts (12 tests) 7ms
 ✓ apps/runtime/test/model-generation.spec.ts (3 tests) 8ms
 ✓ packages/widget-catalog/test/registry.spec.ts (9 tests) 10ms
 ✓ packages/conversation-client/test/notice-action-surfaces.spec.ts (14 tests) 9ms
 ✓ packages/conversation-client/test/orb-theme-default.spec.ts (9 tests) 8ms
 ✓ packages/conversation-client/test/terminal-socket.spec.ts (8 tests) 8ms
 ✓ packages/design-tokens/test/motion.spec.ts (12 tests) 7ms
 ✓ packages/conversation-client/test/action-button.spec.ts (5 tests) 8ms
 ✓ packages/conversation-client/test/widget-library-state.spec.ts (13 tests) 9ms
 ✓ apps/runtime/test/terminal-sessions.spec.ts (15 tests | 13 skipped) 20ms
 ✓ packages/conversation-client/test/live-reply.spec.ts (5 tests) 6ms
 ✓ packages/conversation-client/test/catalog-coverage.spec.ts (5 tests) 5ms
 ✓ packages/conversation-client/test/composer-trigger.spec.ts (11 tests) 9ms
 ✓ packages/conversation-client/test/artifact-block.spec.ts (6 tests) 7ms
 ✓ packages/conversation-client/test/memory-groups.spec.ts (6 tests) 8ms
 ✓ packages/conversation-client/test/composer.spec.ts (11 tests) 7ms
 ✓ apps/desktop/test/preload-subscriptions.spec.ts (3 tests) 7ms
 ✓ packages/design-tokens/test/stylesheet.spec.ts (9 tests) 7ms
 ✓ tools/test/issue-closing-keywords.spec.ts (10 tests) 7ms
 ✓ packages/conversation-client/test/package-provenance.spec.ts (8 tests) 6ms
 ✓ packages/conversation-client/test/installed-entries.spec.ts (8 tests) 7ms
 ✓ packages/core/test/app-intents-widgets.spec.ts (15 tests) 8ms
 ✓ packages/contracts/test/redaction.spec.ts (5 tests) 5ms
 ✓ packages/conversation-client/test/surfaces.spec.ts (5 tests) 7ms
 ✓ apps/runtime/test/pdf-text.spec.ts (7 tests) 6ms
 ✓ packages/core/test/control-sessions.spec.ts (11 tests) 6ms
 ✓ packages/conversation-client/test/fill-message.spec.ts (6 tests) 5ms
 ✓ packages/pi-adapter/test/personal-instructions.spec.ts (12 tests) 5ms
 ✓ packages/conversation-client/test/settings-rows.spec.ts (7 tests) 5ms
 ✓ packages/core/test/frame-grant.spec.ts (5 tests) 6ms
 ✓ packages/design-tokens/test/contrast-themes.spec.ts (35 tests) 8ms
 ✓ packages/conversation-client/test/app-intents-appearance.spec.ts (6 tests) 7ms
 ✓ packages/widget-catalog/test/preview.spec.ts (9 tests) 5ms
 ✓ packages/conversation-client/test/wake-word.spec.ts (10 tests) 5ms
 ✓ packages/conversation-client/test/selection.spec.ts (7 tests) 6ms
 ✓ apps/runtime/test/widget-voice-action.spec.ts (10 tests) 8ms
 ✓ packages/core/test/continuation.spec.ts (8 tests) 5ms
 ✓ apps/runtime/test/terminal-output.spec.ts (7 tests) 5ms
 ✓ packages/conversation-client/test/orb-selection.spec.ts (5 tests) 7ms
 ✓ packages/conversation-client/test/statusline.spec.ts (8 tests) 5ms
 ✓ packages/conversation-client/test/suggestions.spec.ts (4 tests) 4ms
 ✓ apps/runtime/test/action-speech.spec.ts (5 tests) 5ms
 ✓ packages/conversation-client/test/search-select.spec.ts (4 tests) 5ms
 ✓ packages/core/test/install-consent.spec.ts (7 tests) 5ms
 ✓ packages/core/test/browser-press.spec.ts (6 tests) 6ms
 ✓ apps/runtime/test/child-env.spec.ts (5 tests) 6ms
 ✓ apps/desktop/test/launch-args.spec.ts (4 tests) 5ms
 ✓ apps/runtime/test/model-catalogue.spec.ts (6 tests) 5ms
 ✓ apps/runtime/test/readiness.spec.ts (3 tests) 4ms
 ✓ packs/browser-playwright/test/click-answer.spec.ts (13 tests) 30328ms
   ✓ a click is judged by the answer to what it sent (13)
     ✓ calls a form POST the server never answers unknown, and blocks sending it again until the page is observed 5418ms
     ✓ calls a script's fetch the server never answers unknown 2509ms
     ✓ calls an answered submission applied, and the page it landed on a new document 1175ms
     ✓ calls a client error refused by the site, and a server error unknown 8248ms
     ✓ says a click nobody marked as submitting sent something, when it did 1259ms
     ✓ stops a link to an undeclared origin before anything is sent there 1997ms
     ✓ stops a script taking the page to an undeclared origin, and says so 1153ms
     ✓ opens no pop-up a script asks for, on any site 2145ms
     ✓ loads no frame from an undeclared origin 1390ms
     ✓ refuses an address the server redirects to an undeclared origin, and sends nothing there 1043ms
     ✓ reports a click that sent nothing as applied without waiting out the deadline 1021ms
     ✓ names what each reference is and which of them submit 2656ms
 ✓ packages/widget-cli/test/dev-shell-convergence.spec.ts (6 tests) 4ms
 ✓ packages/execution-supervisor/test/native-binding.spec.ts (8 tests) 4ms
 ✓ apps/runtime/test/voice-live.spec.ts (5 tests) 5ms
 ✓ packages/conversation-client/test/media-embed.spec.ts (4 tests) 4ms
 ✓ apps/runtime/test/session-search-hosts.spec.ts (6 tests) 6ms
 ✓ packages/conversation-client/test/desktop-notify-status.spec.ts (3 tests) 4ms
 ✓ packages/conversation-client/test/host-card-entries.spec.ts (3 tests) 4ms
 ✓ apps/runtime/test/portable-runtime.spec.ts (9 tests | 5 skipped) 4ms
 ✓ packages/conversation-client/test/follow-bottom.spec.ts (5 tests) 4ms
 ✓ packages/conversation-client/test/voice-transport.spec.ts (3 tests) 6ms
 ✓ tools/test/invariants-context.spec.ts (3 tests) 3ms
 ✓ packages/conversation-client/test/first-run.spec.ts (3 tests) 4ms
 ✓ packages/conversation-client/test/surface-graph.spec.ts (3 tests) 6ms
 ✓ apps/runtime/test/voice-answer.spec.ts (2 tests) 4ms
 ✓ packages/widget-cli/test/catalog-target.spec.ts (5 tests) 4ms
 ✓ apps/runtime/test/jev-stored-key.spec.ts (4 tests) 5ms
 ✓ packs/browser-playwright/test/submit-once.spec.ts (4 tests) 30702ms
   ✓ a timed-out submit is not sent twice (4)
     ✓ reports the outcome as unknown, not as failed 5475ms
     ✓ refuses to resend the same action, so the submission count stays at one 5881ms
     ✓ allows the action again once the page has been observed 12534ms
     ✓ does not block a different action, because only the unknown one is suspect 6737ms
[jev-live] BLOCKED: live provider evidence was not produced. Set CLARKCANT_JEV_LIVE=1 and TYPESAFE_API_KEY to run it.
 ✓ apps/runtime/test/jev-live.spec.ts (4 tests | 3 skipped) 3ms
 ✓ packages/conversation-client/test/frame-height.spec.ts (3 tests) 4ms
 ↓ apps/runtime/test/hybrid-calibration-live.spec.ts (1 test | 1 skipped)
 ✓ packages/conversation-client/test/pin-label.spec.ts (2 tests) 2ms
 ✓ packages/conversation-client/test/model-switch-shortcut.spec.ts (2 tests) 3ms
 ✓ packages/conversation-client/test/keep-mounted-frame.spec.ts (3 tests) 4ms
 ✓ packages/conversation-client/test/recent-effect-text.spec.ts (3 tests) 3ms
 ✓ apps/runtime/test/package-install-route.spec.ts (18 tests) 27533ms
   ✓ installing from the directory (6)
     ✓ installs a listed package and says what it verified 2459ms
     ✓ records the effect it performed without a card 1952ms
     ✓ leaves no executed-effect audit row when the fetch fails, unlike a fetch that succeeds 1010ms
     ✓ does not let a forged grantedCapabilities in the request body become authority (issue #93, P1) 2424ms
     ✓ asks first when the policy says to, and installs nothing 1414ms
     ✓ refuses on a node that refuses every effect, and installs nothing 1568ms
   ✓ what the route refuses, with the code the resolver already uses (6)
     ✓ refuses a package built for another platform, naming both sides 1531ms
     ✓ refuses an entry that publishes no digest 1051ms
     ✓ refuses a package needing a host API this node does not implement 1280ms
     ✓ refuses a package the directory does not list 1516ms
     ✓ says the directory is unconfigured rather than that the package is missing 1338ms
     ✓ refuses a request that does not say what to install 1311ms
   ✓ the frozen build input the route records (3)
     ✓ resolves the closure before installing, and reports what the lock covers 2350ms
     ✓ refuses a second install whose resolution is not the frozen one, naming the artifact 2011ms
     ✓ refuses an entry with no digest before it freezes anything 1192ms
   ✓ the frozen closure the install route consumes (3)
     ✓ hands back the artifact a build reads, and keeps its coverage claim honest 1317ms
     ✓ reports that a build would refuse the closure, and the runner really does 1445ms
     ✓ refuses a floating range before anything is frozen 362ms
Preparing worktree (new branch 'clarkcant/task-task_earlier')
 ✓ apps/runtime/test/service-container-engine.spec.ts (3 tests | 1 skipped) 24090ms
   ✓ a service container on a real engine (2)
     ✓ refuses the network and every write outside the private folder, and runs unprivileged 22495ms
     ✓ runs the notes package's service: a note is added, listed, and kept in the private folder 705ms
 ✓ packs/project-work/test/managed-worktree.spec.ts (12 tests) 35214ms
   ✓ a task works in its own worktree, never in the person's tree (6)
     ✓ makes a worktree of HEAD under the node's directory, on a branch named for the task 1069ms
     ✓ leaves what the person has not committed exactly where it is 1150ms
     ✓ reuses the worktree a task already has, keeping what it did 2266ms
     ✓ gives each repository of one task its own worktree, even two that share a folder name 9453ms
     ✓ continues in the worktree a task made before tasks could name several repositories 4323ms
     ✓ refuses a folder that is not a repository 301ms
   ✓ taking a finished task's worktree away (2)
     ✓ removes a clean worktree and keeps the branch with what the task committed 3941ms
     ✓ keeps a worktree holding changes nobody committed 2923ms
   ✓ finding what a stopped node left behind (4)
     ✓ names each task's worktree with its repository, branch and whether it holds uncommitted changes 6541ms
     ✓ finds every repository's worktree of a task, and a task's worktree from before 2300ms
     ✓ takes a task's folder away only once nothing is left in it 650ms
 ✓ apps/runtime/test/worktree-sweep.spec.ts (6 tests) 31466ms
   ✓ the worktrees a stopped node left behind (6)
     ✓ removes a finished task's clean worktree and keeps its branch with what it committed 4888ms
     ✓ keeps a finished task's worktree holding uncommitted changes, and says where it is once 4889ms
     ✓ leaves the worktree of a task that is still open, and of one this node has never heard of 9091ms
     ✓ tidies each repository's worktree of a finished task, and says once where the kept ones are 10454ms
     ✓ takes a finished task's folder away once every worktree in it is gone 1862ms
 ✓ apps/runtime/test/coding-journey.spec.ts (4 tests) 31204ms
   ✓ a labelled issue becomes a draft pull request (4)
     ✓ fixes, tests, commits, pushes and opens the pull request in the task's own worktree, and says so 11502ms
     ✓ reports a failing test as not done, and pushes nothing 8060ms
     ✓ stops the command it is running when the task is stopped, and says it stopped 7953ms
     ✓ calls a pull request it was stopped in the middle of unknown, and tells the person once 3688ms

⎯⎯⎯⎯⎯⎯⎯ Failed Tests 1 ⎯⎯⎯⎯⎯⎯⎯

 FAIL  packages/conversation-client/test/styles.spec.ts > every variable the stylesheet reads exists > reads no variable that nothing defines, unless it names a fallback
AssertionError: expected [ '--cc-font-body', …(2) ] to deeply equal []

- Expected
+ Received

- []
+ [
+   "--cc-font-body",
+   "--cc-font-display",
+   "--cc-weight-heading",
+ ]

 ❯ packages/conversation-client/test/styles.spec.ts:106:21
    104|     const unguarded = [...APP_CSS.matchAll(/var\((--cc-[a-z0-9-]+)\)/g…
    105|     const missing = [...new Set(unguarded)].filter((name) => !defined.…
    106|     expect(missing).toEqual([]);
       |                     ^
    107|   });
    108| });

⎯⎯⎯⎯⎯⎯⎯⎯⎯⎯⎯⎯⎯⎯⎯⎯⎯⎯⎯⎯⎯⎯⎯⎯[1/1]⎯


 Test Files  1 failed | 373 passed | 1 skipped (375)
      Tests  1 failed | 4953 passed | 34 skipped (4988)
   Start at  20:49:13
   Duration  37.03s (tests 72%, import 21%, transform 7%)

    Isolate  375 workers spawned · ~217ms startup each (spawn + environment, per file)
             at least ~2.79s faster with isolate: false — reuses workers across files instead of one per file

[ELIFECYCLE] Test failed. See above for more details.
[ELIFECYCLE] Command failed with exit code 1.
