$ pnpm run verify && pnpm run test:e2e
$ pnpm run invariants && pnpm run typecheck && pnpm run lint && pnpm run test
$ node tools/check-invariants.mjs
PASS  docs-manifest-integrity
      · 32 manifest entries verified
PASS  workspace-phase-traceability
      · 32 workspace packages carry phase + status metadata
PASS  stub-marks-owning-phase
      · 7 stub files carry an owning-phase marker
PASS  node-type-stripping-syntax
      · 907 TypeScript files checked for transform-only syntax
PASS  no-committed-secrets
      · 1155 files scanned for credential patterns
PASS  pinned-dependency-specifiers
      · 125 dependency specifiers checked for pinning
PASS  scope-and-acceptance-traceability
      · 151 cited test titles checked against 447 spec files; rows that cite a path rather than a quoted title are not matched to a case
PASS  browser-entries-avoid-node-builtins
      · 220 module(s) reachable from 3 browser entry/entries
PASS  single-execution-policy-reader
      · 1 canonical policy read(s) across 467 module(s), 2 allowed to open the key
PASS  implementation-status-registry
      · 34 entries (16 implemented, 14 partial, 4 blocked, 0 not-implemented) verified against 32 workspace packages
      · 15 @status-ref reference(s) across 998 source files
      · 18 V row(s) agree with the registry; gates #2/#3/#4/#5 represented
      · V02, runtime.local-transport cite a test a platform condition skips on some runners, so their evidence is thinner there than on this one
      · evidence is checked for existence and for a platform-conditional skip: a runtime condition that is not derived from process.platform or process.arch (an opt-in live provider, for instance) is not this check's subject
PASS  tsx-files-are-typechecked
      · 64 .tsx file(s) checked against 2 typecheck config(s) — tsconfig.json, tsconfig.web.json
PASS  pr-bodies-close-nothing
      · 10 checked-in PR body file(s) checked for a closing keyword beside an issue reference; 0 such pair(s) found

all 12 invariant checks passed
$ tsc -p tsconfig.json && tsc -p tsconfig.web.json
$ eslint .
$ vitest run

 RUN  v5.0.0 D:/wt300

 ✓ apps/runtime/test/run-command.spec.ts (17 tests) 4171ms
   ✓ running a real command (5)
     ✓ kills a command that overruns its deadline instead of holding the turn open 1752ms
     ✓ stops one running command by its work id and reports it as stopped, not timed out 1550ms
     ✓ caps the output and says that it did 413ms
 ✓ packs/browser-playwright/test/injection.spec.ts (6 tests) 4195ms
   ✓ instruction text on a page is data, not authority (6)
     ✓ does not grant a capability the page asks for 488ms
     ✓ does not talk the driver out of requiring approval 383ms
     ✓ still applies approval when it was granted, so the refusal above was about approval 731ms
     ✓ does not widen the secret-entry suspension the page asks it to ignore 843ms
     ✓ does not act on a link the page supplies, because the driver acts on references it issued 1086ms
     ✓ carries the injected text as page content rather than as an instruction 512ms
HEAD is now at 640986d initial
widget action: could not settle eff_muo3j8mqcbdfa239 in the effect ledger (the disk is full)
created a form widget package in C:\Users\admin\AppData\Local\Temp\clark-widget-detach-ZaDls0
next: clark widget test C:\Users\admin\AppData\Local\Temp\clark-widget-detach-ZaDls0
 ✓ packages/widget-cli/test/detach-real-browser.e2e.spec.ts (1 test) 732ms
   ✓ detach against a real browser (1)
     ✓ moves the lease to a real detached window and back, with never more than one owner 731ms
 ✓ tools/test/scan-secret-history.spec.ts (5 tests) 7787ms
   ✓ secret scanning across reachable Git history (5)
     ✓ accepts clean history and scans repeated blobs only once 1595ms
     ✓ finds a deleted credential in docs and never prints its value 1428ms
     ✓ includes other refs, merge results, binary bytes and every credential category 2511ms
     ✓ fails closed for a shallow clone or a non-repository 2242ms
 ✓ packages/mcp-adapters/test/stdio.spec.ts (19 tests) 7694ms
   ✓ failure modes each settle (6)
     ✓ times out a server that stops answering, instead of hanging 2611ms
   ✓ liveness (4)
     ✓ fails a ping to a server that stopped answering, within the ceiling 2711ms
 ✓ packages/pi-adapter/test/scoped-fs.spec.ts (30 tests) 7415ms
   ✓ the scoped tools (15)
     ✓ returns no match from a search that has to stop its matching thread 5038ms
     ✓ refuses a find glob that cannot finish matching, instead of holding the event loop 1198ms
 ✓ apps/runtime/test/process-tree.spec.ts (14 tests | 4 skipped) 9243ms
   ✓ stopping a command a .cmd shim started, on Windows (3)
     ✓ ends the command a shim left running when the stop comes after the shim has gone 3038ms
     ✓ ends the command a shim left running when the shim goes while the stop is under way 2947ms
     ✓ leaves alone a process the shim did not start 2895ms
 ✓ apps/runtime/test/peer-notices.spec.ts (12 tests) 4605ms
   ✓ a paired Clark's notice (5)
     ✓ is recorded once in the other node's inbox, under the sender's name, however often it is sent 606ms
     ✓ is taken only under a decision of the receiving node's owner, and is refused whole when it brings anything else 653ms
     ✓ is sent only to a node that said it takes notices, which a node paired before learns from the next answer 435ms
     ✓ holds one peer to its rate and to its own share of the inbox, and a refusal past the rate is final 852ms
     ✓ points at a conversation only of a task this node handed to that very peer 302ms
   ✓ a paired node that cannot be reached (7)
     ✓ is told once per outage, after a while, and the notice goes when the node answers again 361ms
     ✓ says a node that answers but refuses is refusing, not unreachable, and does not ask for it to be turned on 381ms
     ✓ says so, without promising a retry, once everything owed was given up on 307ms
 ✓ packs/browser-playwright/test/driver.spec.ts (12 tests) 8924ms
   ✓ a managed profile is a separate identity (2)
     ✓ refuses to navigate outside the declared origins 509ms
   ✓ observation and action correlation (T53) (5)
     ✓ stamps element references and reports the viewport 396ms
     ✓ refuses an observation it no longer retains 320ms
     ✓ refuses an element reference that is no longer in the document 311ms
     ✓ applies a click on a real element and reports it as observed 892ms
     ✓ invalidates the plan when the target version moves 797ms
   ✓ secret entry suspends capture and input (T56) (1)
     ✓ reports sensitive input once a password field has focus, and refuses input 1015ms
   ✓ local stop and human takeover outrank a plan (T59) (2)
     ✓ refuses every action after a stop, including navigation 440ms
     ✓ refuses input while a human has takeover 1898ms
   ✓ consequential operations and unsupported operations (2)
     ✓ refuses an unapproved submit 1037ms
     ✓ refuses an operation it does not implement rather than substituting one 1119ms
 ✓ apps/runtime/test/env-file-flag.spec.ts (2 tests) 2248ms
   ✓ the node's .env file (2)
     ✓ is read by default 917ms
     ✓ is not read with --no-env-file 1330ms
 ✓ apps/runtime/test/peer-skip.spec.ts (13 tests) 6144ms
   ✓ a message given up on, to a peer that takes skips (7)
     ✓ is skipped, so what follows is delivered, and each owner is told once, with the skip audited on both sides 770ms
     ✓ settles, as uncertain, the task whose result was lost on its way back 535ms
     ✓ does not skip what arrived after all: a stale skip is acknowledged and changes nothing 303ms
     ✓ charges what waits behind an unreachable peer as tried, so what waits on it is settled on the same schedule 380ms
     ✓ gives up on a hand-over queued behind an unreachable peer on its own schedule, even while the one ahead waits out its backoff, and settles it as not run 412ms
     ✓ sends every skip a long run of given-up messages needs before what the gap refuses is sent again 387ms
     ✓ tells and audits a skip only once it has read the peer's answer, so a crash or a lost answer cannot lose either 645ms
   ✓ the receiving side of a skip (2)
     ✓ tells its owner about at most 30 skips a minute from one peer, and still takes and audits the rest 700ms
   ✓ a message given up on, to a peer too old to take a skip (2)
     ✓ keeps today's behaviour, sends no skip, and tells the owner once that the pairing is stuck until that device updates 897ms
     ✓ frees itself once that device is updated: its next refusal says it takes skips, and what was lost is skipped 918ms
 ✓ apps/runtime/test/worker-process.spec.ts (7 tests) 4247ms
   ✓ the runtime starts a worker of its own (7)
     ✓ runs it in a separate process and returns the record it produced 556ms
     ✓ reports the capability it withheld when the brief does not grant it 782ms
     ✓ registers the granted capability instead of withholding it 831ms
     ✓ reports a run that demonstrated nothing as a result rather than as an error 488ms
     ✓ refuses a brief the worker cannot run, naming it as the worker's failure 597ms
     ✓ refuses to run a real model it was given no model for, rather than letting one be picked 986ms
 ✓ apps/runtime/test/pi-session-watch.spec.ts (6 tests) 2662ms
   ✓ watching a session (2)
     ✓ lists sessions by their first question, and follows appended messages 2635ms
 ✓ packages/mcp-adapters/test/streamable-http.spec.ts (10 tests) 3634ms
   ✓ the handshake over HTTP (3)
     ✓ reports what the server said it speaks, and keeps the session it was given 360ms
     ✓ works against a server that hands out no session at all 362ms
   ✓ failure modes (4)
     ✓ settles a request the server never answers 1177ms
     ✓ refuses a redirect instead of following it 824ms
 ✓ apps/runtime/test/notice-action-surfaces.spec.ts (33 tests) 7854ms
   ✓ installing a notice's update is the person's own decision (6)
     ✓ installs from the person's press, dismisses the notice, and says what the update runs without 1866ms
     ✓ installs one update once: a second press while the first is installing is told so 2986ms
   ✓ undoing a dismissal (3)
     ✓ is what a typed or spoken 'undo dismissing the notification' resolves to, naming the notice 1049ms
 ✓ apps/runtime/test/session-preview-real.spec.ts (3 tests) 6363ms
   ✓ a frame captured from a real browser (3)
     ✓ is served back from the route under its own digest, with the size it was captured at 789ms
     ✓ changes digest when the page changes, and keeps both frames addressable 3349ms
     ✓ is not served to a caller without this node's token, and a digest it does not hold is not found 1893ms
 ✓ apps/runtime/test/task-browser.spec.ts (20 tests) 10382ms
   ✓ a lost submit in a real browser (1)
     ✓ leaves one unknown row, an uncertain task and one notice, and sends the form once 8932ms
 ✓ apps/runtime/test/action-widget.spec.ts (59 tests) 10254ms
   ✓ an invoke button (15)
     ✓ promises no inbox question when the ledger could not record the call as unknown 1076ms
     ✓ leaves a submitted row when the node dies mid-call, which the next boot turns into an inbox question 300ms
     ✓ ends a call past the binding's deadline as uncertain: into the ledger, recorded, and never sent again 1062ms
     ✓ reports a read that ran out of time plainly and frees the press, because nothing changed 1045ms
   ✓ a workflow button (6)
     ✓ ends a step past the total deadline as uncertain, into the ledger 2042ms
     ✓ says a read step that ran out of time changed nothing, and opens no ledger entry for it 1117ms
 ✓ apps/runtime/test/worker-command-broker.spec.ts (22 tests) 3670ms
   ✓ stopping a task stops what it started on the host (1)
     ✓ ends a real command the task's worker is still running 1876ms
 ✓ apps/runtime/test/github-signals.spec.ts (11 tests) 3250ms
   ✓ a delivery is checked before anything in it is read (5)
     ✓ accepts nothing while the node has no webhook secret 1037ms
   ✓ what a delivery starts (5)
     ✓ refuses to start work in a checkout that is not a clone of the repository the signal is about 482ms
     ✓ starts work in a clone of that repository, whichever way its remote is written 554ms
     ✓ asks for a token only a task's git and gh, and the repository poller, can receive, when the automation will push 384ms
 ✓ packages/pi-adapter/test/sdk-compatibility.spec.ts (7 tests) 1699ms
   ✓ the extension seam this feature depends on (6)
     ✓ exports the loader, the session factory and the extension runtime 1288ms
 ✓ apps/runtime/test/stop-and-audit.spec.ts (5 tests) 2074ms
   ✓ stopping a command that is running (2)
     ✓ kills it, settles the promise, and does not report success 1789ms
 ✓ apps/runtime/test/voice-gateway.spec.ts (43 tests) 2329ms
   ✓ a lease whose peer cannot be reached (2)
     ✓ is kept while the peer keeps answering, so a live session is never ended for being quiet 685ms
 ✓ tools/test/ci-test-scope.spec.ts (18 tests) 7418ms
   ✓ conservative documentation scope (18)
     ✓ skips runtime tests for a real prose-only commit and appends output 2722ms
     ✓ retains both sides of a source-to-documentation rename 2205ms
     ✓ keeps mixed documentation and code commits full 1273ms
     ✓ keeps empty diffs and missing or invalid bases full 1213ms
Preparing worktree (new branch 'clarkcant/task-task_earlier')
 ✓ packages/pi-adapter/test/pi-adapter.spec.ts (30 tests) 1366ms
   ✓ real SDK adapter availability (P0.1) (1)
     ✓ loads the installed Pi SDK and reports the required exports as present 1147ms
 ✓ apps/runtime/test/inbox.spec.ts (40 tests) 5203ms
   ✓ what is waiting for the person (13)
     ✓ finds the card although its turn stamped the message before the approval was requested 1051ms
     ✓ finds what is open at the end of a conversation longer than a timeline page, and can decide it 308ms
 ✓ apps/runtime/test/browser-effects.spec.ts (11 tests) 11434ms
   ✓ a submit that really timed out (1)
     ✓ writes an unknown row and one notice pointing at the task, and answers nothing twice 10933ms
 ✓ apps/runtime/test/project-finder.spec.ts (31 tests) 3394ms
 ✓ packages/pi-adapter/test/skills.spec.ts (5 tests) 1267ms
   ✓ the real adapter's skills (4)
     ✓ lists personal and project skills with a revision and no path 1202ms
 ✓ apps/runtime/test/artifact-broker.spec.ts (31 tests) 3316ms
 ✓ apps/runtime/test/task-dispatch-scoped.spec.ts (8 tests) 13188ms
   ✓ a repository is worked on in the task's own worktree (3)
     ✓ runs a real worker whose command commits on the task's branch, and leaves the person's tree alone 3290ms
     ✓ gives each repository of one task its own worktree, and takes them all away when it ends 6664ms
     ✓ refuses a repository task on a node that keeps no place for worktrees, rather than working in place 842ms
   ✓ stopping a task stops the commands its worker started on the host (1)
     ✓ ends a long command when the task is stopped 1664ms
 ✓ apps/runtime/test/automations.spec.ts (12 tests) 2346ms
   ✓ quieting an automation's notices (1)
     ✓ quiets that one automation, and never another automation or a reminder 691ms
 ✓ apps/runtime/test/theme-routes.spec.ts (19 tests) 2541ms
 ✓ apps/runtime/test/api.spec.ts (39 tests) 3855ms
 ✓ apps/runtime/test/node-tools.spec.ts (11 tests) 1754ms
   ✓ the command tool obeys the execution policy (5)
     ✓ runs even when the node has nowhere to write the trail, because a record is not a permission 347ms
 ✓ apps/runtime/test/peer-signals.spec.ts (6 tests) 1480ms
   ✓ a paired Clark's news (6)
     ✓ reaches the standing request the person set up on the other node, under the sender's name 377ms
 ✓ packages/storage/test/notifications.spec.ts (40 tests) 3299ms
 ✓ packages/storage/test/storage.spec.ts (32 tests) 2638ms
   ✓ failure injection around a backup (V18) (6)
     ✓ keeps verifying over many rounds, so a leak or a drift fails here rather than later 1110ms
created a form widget package in C:\Users\admin\AppData\Local\Temp\clark-devhost-RWEcpM
next: clark widget test C:\Users\admin\AppData\Local\Temp\clark-devhost-RWEcpM
 ✓ apps/runtime/test/bind-failure.spec.ts (1 test) 1537ms
   ✓ a node that cannot bind its port (1)
     ✓ names the port and says what to do, instead of a stack trace 1535ms
created a form widget package in C:\Users\admin\AppData\Local\Temp\clark-devhost-3Z0iaK
next: clark widget test C:\Users\admin\AppData\Local\Temp\clark-devhost-3Z0iaK
created a dashboard widget package in C:\Users\admin\AppData\Local\Temp\clark-widget-xxNO2C
next: clark widget test C:\Users\admin\AppData\Local\Temp\clark-widget-xxNO2C
created a form widget package in C:\Users\admin\AppData\Local\Temp\clark-widget-F1YzoM
next: clark widget test C:\Users\admin\AppData\Local\Temp\clark-widget-F1YzoM
created a form widget package in C:\Users\admin\AppData\Local\Temp\clark-devhost-neROGG
next: clark widget test C:\Users\admin\AppData\Local\Temp\clark-devhost-neROGG
created a blank widget package in C:\Users\admin\AppData\Local\Temp\clark-widget-OehDfk
next: clark widget test C:\Users\admin\AppData\Local\Temp\clark-widget-OehDfk
unknown template "nope"; expected one of blank, form, dashboard
created a blank widget package in C:\Users\admin\AppData\Local\Temp\clark-widget-VKF6Gz
next: clark widget test C:\Users\admin\AppData\Local\Temp\clark-widget-VKF6Gz
created a form widget package in C:\Users\admin\AppData\Local\Temp\clark-devhost-5OYIEC
next: clark widget test C:\Users\admin\AppData\Local\Temp\clark-devhost-5OYIEC
created a blank widget package in C:\Users\admin\AppData\Local\Temp\clark-widget-pT2et1
next: clark widget test C:\Users\admin\AppData\Local\Temp\clark-widget-pT2et1
created a form widget package in C:\Users\admin\AppData\Local\Temp\clark-widget-z1g3tg
next: clark widget test C:\Users\admin\AppData\Local\Temp\clark-widget-z1g3tg
created a form widget package in C:\Users\admin\AppData\Local\Temp\clark-devhost-7weA1Y
next: clark widget test C:\Users\admin\AppData\Local\Temp\clark-devhost-7weA1Y
created a form widget package in C:\Users\admin\AppData\Local\Temp\clark-widget-Rh4m6f
next: clark widget test C:\Users\admin\AppData\Local\Temp\clark-widget-Rh4m6f
created a form widget package in C:\Users\admin\AppData\Local\Temp\clark-devhost-GMawXA
next: clark widget test C:\Users\admin\AppData\Local\Temp\clark-devhost-GMawXA
created a form widget package in C:\Users\admin\AppData\Local\Temp\clark-widget-jQqx8T
next: clark widget test C:\Users\admin\AppData\Local\Temp\clark-widget-jQqx8T
created a form widget package in C:\Users\admin\AppData\Local\Temp\clark-widget-KxtrVw
next: clark widget test C:\Users\admin\AppData\Local\Temp\clark-widget-KxtrVw
created a form widget package in C:\Users\admin\AppData\Local\Temp\clark-devhost-Kt4S0k
next: clark widget test C:\Users\admin\AppData\Local\Temp\clark-devhost-Kt4S0k
created a blank widget package in C:\Users\admin\AppData\Local\Temp\clark-widget-tRyaEx
next: clark widget test C:\Users\admin\AppData\Local\Temp\clark-widget-tRyaEx
created a form widget package in C:\Users\admin\AppData\Local\Temp\clark-widget-iCMBXm
next: clark widget test C:\Users\admin\AppData\Local\Temp\clark-widget-iCMBXm
created a form widget package in C:\Users\admin\AppData\Local\Temp\clark-devhost-R2BPMx
next: clark widget test C:\Users\admin\AppData\Local\Temp\clark-devhost-R2BPMx
created a form widget package in C:\Users\admin\AppData\Local\Temp\clark-widget-xI4jSD
next: clark widget test C:\Users\admin\AppData\Local\Temp\clark-widget-xI4jSD
created a form widget package in C:\Users\admin\AppData\Local\Temp\clark-devhost-JSJ7qz
next: clark widget test C:\Users\admin\AppData\Local\Temp\clark-devhost-JSJ7qz
created a form widget package in C:\Users\admin\AppData\Local\Temp\clark-widget-rFgWQ7
next: clark widget test C:\Users\admin\AppData\Local\Temp\clark-widget-rFgWQ7
created a form widget package in C:\Users\admin\AppData\Local\Temp\clark-widget-qFZBwp
next: clark widget test C:\Users\admin\AppData\Local\Temp\clark-widget-qFZBwp
 ✓ apps/runtime/test/workflow-executor.spec.ts (21 tests) 1442ms
   ✓ a run (14)
     ✓ ends a step still running at the total deadline as uncertain, with the arguments it was sent 610ms
     ✓ promises no inbox question when the ledger could not hold the call 401ms
     ✓ says a read that did not finish changed nothing, and asks nobody about it 413ms
created a form widget package in C:\Users\admin\AppData\Local\Temp\clark-widget-BxTmju
next: clark widget test C:\Users\admin\AppData\Local\Temp\clark-widget-BxTmju

schema
  ok   the default fixture matches the props schema — fixtures/default.json validates
  ok   malformed props are rejected — required property "title" is missing
  ok   additional props are rejected when the schema forbids them — unknown property "conformanceExtraKey"
  ok   the state version is declared — stateVersion is 0

security
  ok   a forged nonce is rejected — NONCE_MISMATCH
  ok   a message from another window is rejected — SOURCE_MISMATCH
  ok   no secret, shell or approval surface is reachable — none of readAllSecrets, shell, queryCoreDb, disableCSP, approve, installAnything, registerSidebar, grant, fs, readFile, writeFile is on the author API
  ok   the entry reaches no origin the manifest does not declare — the entry names no origin
  ok   a host-owned card cannot be minted by a widget — question-card is recognised as host-owned

lifecycle
  ok   the widget mounts on init — status after init: ready, mount handlers fired: 1
  ok   a props update reaches the widget — subscribers notified: 1
  ok   suspend and resume are delivered — suspended: conformance, resumed: 1
  ok   dispose stops listening — disposed: 1, listener present: false
  ok   the declared state migration carries the previous version's fixture to a valid current state — stateVersion is 0, so there is nothing to migrate

interaction
  ok   a repeated invocation runs the action once — times run: 1
  ok   a stale state write is refused — STALE_REVISION
  ok   an action the host never accepted is refused — ACTION_UNKNOWN
  ok   the definition declares its sizing, which is what pin and detach depend on — compact: true, expanded: true
  ok   keyboard reachability — 1 reachable element(s), each with a visible focus ring
  ok   touch target size — 1 interactive element(s), all at or above the minimum
  n/a  detach keeps one live owner — needs a window that can be detached and re-attached; run the dev host's real detach/reattach and pass its facts with --frames
  n/a  a spoken action and the same click agree — needs a rendered frame and a voice session, and a voice session needs a provider account

rendering
  ok   the required fixtures are present — present: default, empty, error, compact
  ok   a text fallback is declared — textFallback: 60 characters
  ok   the narrow layout — 320px: rendered=true, overflows=false
  ok   the compact layout — 480px: rendered=true, overflows=false
  ok   the expanded layout — 1024px: rendered=true, overflows=false
  ok   the loading state — rendered=true
  ok   the read-only state — rendered=true
  ok   reduced motion — rendered with reduced motion: nothing animates, and no text sits over motion

28 passed, 0 failed, 2 need the dev host
The checks marked n/a are not verified by this command: they need a rendered frame.
--frames C:\Users\admin\AppData\Local\Temp\clark-widget-BxTmju\not-there.json could not be read as frame facts
created a blank widget package in C:\Users\admin\AppData\Local\Temp\clark-widget-djYJp7
next: clark widget test C:\Users\admin\AppData\Local\Temp\clark-widget-djYJp7
created a blank widget package in C:\Users\admin\AppData\Local\Temp\clark-widget-azhGB9
next: clark widget test C:\Users\admin\AppData\Local\Temp\clark-widget-azhGB9
created a blank widget package in C:\Users\admin\AppData\Local\Temp\clark-widget-F7kzTa
next: clark widget test C:\Users\admin\AppData\Local\Temp\clark-widget-F7kzTa
created a blank widget package in C:\Users\admin\AppData\Local\Temp\clark-widget-yVvw4T
next: clark widget test C:\Users\admin\AppData\Local\Temp\clark-widget-yVvw4T
created a blank widget package in C:\Users\admin\AppData\Local\Temp\clark-widget-I6l3ue
next: clark widget test C:\Users\admin\AppData\Local\Temp\clark-widget-I6l3ue
created a blank widget package in C:\Users\admin\AppData\Local\Temp\clark-widget-9l4Q6U
next: clark widget test C:\Users\admin\AppData\Local\Temp\clark-widget-9l4Q6U
created a blank widget package in C:\Users\admin\AppData\Local\Temp\clark-widget-eUy84o
next: clark widget test C:\Users\admin\AppData\Local\Temp\clark-widget-eUy84o
stderr | packages/widget-cli/test/theme-dev-host.spec.ts > the production theme author dev host > serves checked theme data and the production module entry, refusing other origins and package file browsing
WebSocket server error: Port 24678 is already in use

 ✓ apps/runtime/test/task-dispatch-browser.spec.ts (15 tests) 15106ms
   ✓ a task dispatched to the browser (8)
     ✓ runs a worker whose lost submit becomes an unknown effect, an uncertain task and one notice 660ms
   ✓ a task dispatched to the browser, on the node's model (7)
     ✓ works the task on the node's model, offered use_browser and nothing else, with the key over stdin only 1985ms
     ✓ stops the worker at its token budget after the turn that crossed it, before asking the model again 1867ms
     ✓ ends the provider call when the person stops the task 5074ms
     ✓ keeps the key out of what comes back even when the provider's error quotes it and the quote is cut short 2095ms
     ✓ says the model answered without using the browser when it replied in words and called nothing 2437ms
created a blank widget package in C:\Users\admin\AppData\Local\Temp\clark-widget-RoDZBd
next: clark widget test C:\Users\admin\AppData\Local\Temp\clark-widget-RoDZBd
 ✓ apps/runtime/test/open-interfaces.spec.ts (23 tests) 1787ms
 ✓ packs/project-work/test/worktree.spec.ts (12 tests) 19079ms
   ✓ a lock records the repository, not just the path (T15) (5)
     ✓ reads the identity of a real repository 1122ms
     ✓ accepts a lock while nothing has moved 1056ms
     ✓ catches HEAD moving under a running task 1239ms
     ✓ catches the same path belonging to a different repository 1197ms
     ✓ does not treat a detached HEAD as a branch named HEAD 1438ms
   ✓ a dirty working tree is refused, never cleaned (T16) (7)
     ✓ refuses an uncommitted edit and names the file 1800ms
     ✓ refuses an untracked file too, because it is also work that exists nowhere else 2884ms
     ✓ leaves the user's edit exactly as it was 2412ms
     ✓ does not commit, checkout or reset anything while refusing 1718ms
     ✓ allows a clean tree 1070ms
     ✓ refuses on the lock before it even looks at the tree 2217ms
     ✓ reports a clean tree as clean 923ms
 ✓ packages/core/test/core.spec.ts (49 tests) 1418ms
created a blank widget package in C:\Users\admin\AppData\Local\Temp\clark-widget-i5Hq9q
next: clark widget test C:\Users\admin\AppData\Local\Temp\clark-widget-i5Hq9q
created a blank widget package in C:\Users\admin\AppData\Local\Temp\clark-widget-foukTL
next: clark widget test C:\Users\admin\AppData\Local\Temp\clark-widget-foukTL
 ✓ apps/runtime/test/peers.spec.ts (10 tests) 1925ms
   ✓ two live hosts delegate (4)
     ✓ carries a delegation between two live hosts, and answers a replay with what was recorded 356ms
created a blank widget package in C:\Users\admin\AppData\Local\Temp\clark-widget-gOxrG6
next: clark widget test C:\Users\admin\AppData\Local\Temp\clark-widget-gOxrG6
created a form widget package in C:\Users\admin\AppData\Local\Temp\clark-devhost-Y9ZQjq
next: clark widget test C:\Users\admin\AppData\Local\Temp\clark-devhost-Y9ZQjq

schema
  ok   the default fixture matches the props schema — fixtures/default.json validates
  ok   malformed props are rejected — required property "title" is missing
  ok   additional props are rejected when the schema forbids them — unknown property "conformanceExtraKey"
  ok   the state version is declared — stateVersion is 0

security
  ok   a forged nonce is rejected — NONCE_MISMATCH
  ok   a message from another window is rejected — SOURCE_MISMATCH
  ok   no secret, shell or approval surface is reachable — none of readAllSecrets, shell, queryCoreDb, disableCSP, approve, installAnything, registerSidebar, grant, fs, readFile, writeFile is on the author API
  ok   the entry reaches no origin the manifest does not declare — the entry names no origin
  ok   a host-owned card cannot be minted by a widget — question-card is recognised as host-owned

lifecycle
  ok   the widget mounts on init — status after init: ready, mount handlers fired: 1
  ok   a props update reaches the widget — subscribers notified: 1
  ok   suspend and resume are delivered — suspended: conformance, resumed: 1
  ok   dispose stops listening — disposed: 1, listener present: false
  ok   the declared state migration carries the previous version's fixture to a valid current state — stateVersion is 0, so there is nothing to migrate

interaction
  ok   a repeated invocation runs the action once — times run: 1
  ok   a stale state write is refused — STALE_REVISION
  ok   an action the host never accepted is refused — ACTION_UNKNOWN
  ok   the definition declares its sizing, which is what pin and detach depend on — compact: true, expanded: true
  n/a  keyboard reachability — needs a rendered frame
  n/a  touch target size — needs a rendered frame
  n/a  detach keeps one live owner — needs a window that can be detached and re-attached; run the dev host's real detach/reattach and pass its facts with --frames
  n/a  a spoken action and the same click agree — needs a rendered frame and a voice session, and a voice session needs a provider account

rendering
  ok   the required fixtures are present — present: default, empty, error, compact
  ok   a text fallback is declared — textFallback: 61 characters
  n/a  the narrow layout — needs a rendered frame at a known viewport
  n/a  the compact layout — needs a rendered frame at a known viewport
  n/a  the expanded layout — needs a rendered frame at a known viewport
  n/a  the loading state — needs a rendered frame at a known viewport
  n/a  the read-only state — needs a rendered frame at a known viewport
  n/a  reduced motion — needs a rendered frame at a known viewport

20 passed, 0 failed, 10 need the dev host
The checks marked n/a are not verified by this command: they need a rendered frame.

packed com.example.clark-widget-goxrg6@0.1.0
  sha256:bb589b0a2958bf1b0910ea7a1d24e968ac21ac23f557700ed8bae0408ab22ec8
  C:\Users\admin\AppData\Local\Temp\clark-widget-gOxrG6\dist\artifact.json
created a form widget package in C:\Users\admin\AppData\Local\Temp\clark-devhost-EYt0qN
next: clark widget test C:\Users\admin\AppData\Local\Temp\clark-devhost-EYt0qN
 ✓ apps/runtime/test/activity-timeline.spec.ts (31 tests) 2015ms
created a blank widget package in C:\Users\admin\AppData\Local\Temp\clark-widget-SpmAtW
next: clark widget test C:\Users\admin\AppData\Local\Temp\clark-widget-SpmAtW
 ✓ packages/widget-cli/test/dev-host.spec.ts (40 tests) 1530ms
 ✓ apps/runtime/test/artifact-viewers.spec.ts (31 tests) 1800ms

schema
  ok   the default fixture matches the props schema — fixtures/default.json validates
  ok   malformed props are rejected — required property "title" is missing
  ok   additional props are rejected when the schema forbids them — unknown property "conformanceExtraKey"
  ok   the state version is declared — stateVersion is 0

security
  ok   a forged nonce is rejected — NONCE_MISMATCH
  ok   a message from another window is rejected — SOURCE_MISMATCH
  ok   no secret, shell or approval surface is reachable — none of readAllSecrets, shell, queryCoreDb, disableCSP, approve, installAnything, registerSidebar, grant, fs, readFile, writeFile is on the author API
  ok   the entry reaches no origin the manifest does not declare — the entry names no origin
  ok   a host-owned card cannot be minted by a widget — question-card is recognised as host-owned

lifecycle
  ok   the widget mounts on init — status after init: ready, mount handlers fired: 1
  ok   a props update reaches the widget — subscribers notified: 1
  ok   suspend and resume are delivered — suspended: conformance, resumed: 1
  ok   dispose stops listening — disposed: 1, listener present: false
  ok   the declared state migration carries the previous version's fixture to a valid current state — stateVersion is 0, so there is nothing to migrate

interaction
  ok   a repeated invocation runs the action once — times run: 1
  ok   a stale state write is refused — STALE_REVISION
  ok   an action the host never accepted is refused — ACTION_UNKNOWN
  ok   the definition declares its sizing, which is what pin and detach depend on — compact: true, expanded: true
  n/a  keyboard reachability — needs a rendered frame
  n/a  touch target size — needs a rendered frame
  n/a  detach keeps one live owner — needs a window that can be detached and re-attached; run the dev host's real detach/reattach and pass its facts with --frames
  n/a  a spoken action and the same click agree — needs a rendered frame and a voice session, and a voice session needs a provider account

rendering
  ok   the required fixtures are present — present: default, empty, error, compact
  ok   a text fallback is declared — textFallback: 61 characters
  n/a  the narrow layout — needs a rendered frame at a known viewport
  n/a  the compact layout — needs a rendered frame at a known viewport
  n/a  the expanded layout — needs a rendered frame at a known viewport
  n/a  the loading state — needs a rendered frame at a known viewport
  n/a  the read-only state — needs a rendered frame at a known viewport
  n/a  reduced motion — needs a rendered frame at a known viewport

20 passed, 0 failed, 10 need the dev host
The checks marked n/a are not verified by this command: they need a rendered frame.

packed com.example.clark-widget-spmatw@0.1.0
  sha256:3481e186e05b77054f405fd1fe101aa50b0bf1a993a5e0a64318502b7d08f576
  C:\Users\admin\AppData\Local\Temp\clark-widget-SpmAtW\dist\artifact.json
version 0.1.0 was already packed with a different digest.
A version whose bytes changed is a different package wearing the same number; bump the version.
 ✓ packages/widget-cli/test/theme-dev-host.spec.ts (2 tests) 644ms
   ✓ the production theme author dev host (2)
     ✓ serves checked theme data and the production module entry, refusing other origins and package file browsing 408ms
 ✓ apps/runtime/test/widget-semantic.spec.ts (14 tests) 1348ms
created a blank widget package in C:\Users\admin\AppData\Local\Temp\clark-widget-2uiKsC
next: clark widget test C:\Users\admin\AppData\Local\Temp\clark-widget-2uiKsC

schema
  ok   the default fixture matches the props schema — fixtures/default.json validates
  ok   malformed props are rejected — required property "title" is missing
  ok   additional props are rejected when the schema forbids them — unknown property "conformanceExtraKey"
  ok   the state version is declared — stateVersion is 0

security
  ok   a forged nonce is rejected — NONCE_MISMATCH
  ok   a message from another window is rejected — SOURCE_MISMATCH
  ok   no secret, shell or approval surface is reachable — none of readAllSecrets, shell, queryCoreDb, disableCSP, approve, installAnything, registerSidebar, grant, fs, readFile, writeFile is on the author API
  ok   the entry reaches no origin the manifest does not declare — the entry names no origin
  ok   a host-owned card cannot be minted by a widget — question-card is recognised as host-owned

lifecycle
  ok   the widget mounts on init — status after init: ready, mount handlers fired: 1
  ok   a props update reaches the widget — subscribers notified: 1
  ok   suspend and resume are delivered — suspended: conformance, resumed: 1
  ok   dispose stops listening — disposed: 1, listener present: false
  ok   the declared state migration carries the previous version's fixture to a valid current state — stateVersion is 0, so there is nothing to migrate

interaction
  ok   a repeated invocation runs the action once — times run: 1
  ok   a stale state write is refused — STALE_REVISION
  ok   an action the host never accepted is refused — ACTION_UNKNOWN
  ok   the definition declares its sizing, which is what pin and detach depend on — compact: true, expanded: true
  n/a  keyboard reachability — needs a rendered frame
  n/a  touch target size — needs a rendered frame
  n/a  detach keeps one live owner — needs a window that can be detached and re-attached; run the dev host's real detach/reattach and pass its facts with --frames
  n/a  a spoken action and the same click agree — needs a rendered frame and a voice session, and a voice session needs a provider account

rendering
  FAIL the required fixtures are present — missing: empty
  ok   a text fallback is declared — textFallback: 61 characters
  n/a  the narrow layout — needs a rendered frame at a known viewport
  n/a  the compact layout — needs a rendered frame at a known viewport
  n/a  the expanded layout — needs a rendered frame at a known viewport
  n/a  the loading state — needs a rendered frame at a known viewport
  n/a  the read-only state — needs a rendered frame at a known viewport
  n/a  reduced motion — needs a rendered frame at a known viewport

19 passed, 1 failed, 10 need the dev host
The checks marked n/a are not verified by this command: they need a rendered frame.

Refusing to pack a package that fails conformance.
clark widget <command> [dir]

  clark widget init <dir> [--template blank|form|dashboard]   scaffold a package
  clark widget test [dir]                                     run the conformance suite
  clark widget pack [dir]                                     build the artifact and its digest
  clark widget dev [dir] [--port N] [--builtin <id>]          run the dev host and its browser shell
  clark widget publish [dir]                                  prepare the directory submission
  clark theme init <dir>                              scaffold a data-only theme package
  clark theme dev [dir] [--port N]                     preview production components with live reload
  clark theme test [dir]                              audit documents, assets and both schemes
  clark theme pack [dir]                              pack through the shared immutable artifact path

A local path needs no account. init, test, pack and dev all work without a directory or a login.
clark widget <command> [dir]

  clark widget init <dir> [--template blank|form|dashboard]   scaffold a package
  clark widget test [dir]                                     run the conformance suite
  clark widget pack [dir]                                     build the artifact and its digest
  clark widget dev [dir] [--port N] [--builtin <id>]          run the dev host and its browser shell
  clark widget publish [dir]                                  prepare the directory submission
  clark theme init <dir>                              scaffold a data-only theme package
  clark theme dev [dir] [--port N]                     preview production components with live reload
  clark theme test [dir]                              audit documents, assets and both schemes
  clark theme pack [dir]                              pack through the shared immutable artifact path

A local path needs no account. init, test, pack and dev all work without a directory or a login.
 ✓ apps/runtime/test/package-install-capability-approval.spec.ts (17 tests) 1501ms
created a blank widget package in C:\Users\admin\AppData\Local\Temp\clark-widget-Iuda5O
next: clark widget test C:\Users\admin\AppData\Local\Temp\clark-widget-Iuda5O

schema
  ok   the default fixture matches the props schema — fixtures/default.json validates
  ok   malformed props are rejected — required property "title" is missing
  ok   additional props are rejected when the schema forbids them — unknown property "conformanceExtraKey"
  ok   the state version is declared — stateVersion is 0

security
  ok   a forged nonce is rejected — NONCE_MISMATCH
  ok   a message from another window is rejected — SOURCE_MISMATCH
  ok   no secret, shell or approval surface is reachable — none of readAllSecrets, shell, queryCoreDb, disableCSP, approve, installAnything, registerSidebar, grant, fs, readFile, writeFile is on the author API
  ok   the entry reaches no origin the manifest does not declare — the entry names no origin
  ok   a host-owned card cannot be minted by a widget — question-card is recognised as host-owned

lifecycle
  ok   the widget mounts on init — status after init: ready, mount handlers fired: 1
  ok   a props update reaches the widget — subscribers notified: 1
  ok   suspend and resume are delivered — suspended: conformance, resumed: 1
  ok   dispose stops listening — disposed: 1, listener present: false
  ok   the declared state migration carries the previous version's fixture to a valid current state — stateVersion is 0, so there is nothing to migrate

interaction
  ok   a repeated invocation runs the action once — times run: 1
  ok   a stale state write is refused — STALE_REVISION
  ok   an action the host never accepted is refused — ACTION_UNKNOWN
  ok   the definition declares its sizing, which is what pin and detach depend on — compact: true, expanded: true
  n/a  keyboard reachability — needs a rendered frame
  n/a  touch target size — needs a rendered frame
  n/a  detach keeps one live owner — needs a window that can be detached and re-attached; run the dev host's real detach/reattach and pass its facts with --frames
  n/a  a spoken action and the same click agree — needs a rendered frame and a voice session, and a voice session needs a provider account

rendering
  ok   the required fixtures are present — present: default, empty, error, compact
  ok   a text fallback is declared — textFallback: 61 characters
  n/a  the narrow layout — needs a rendered frame at a known viewport
  n/a  the compact layout — needs a rendered frame at a known viewport
  n/a  the expanded layout — needs a rendered frame at a known viewport
  n/a  the loading state — needs a rendered frame at a known viewport
  n/a  the read-only state — needs a rendered frame at a known viewport
  n/a  reduced motion — needs a rendered frame at a known viewport

20 passed, 0 failed, 10 need the dev host
The checks marked n/a are not verified by this command: they need a rendered frame.

packed com.example.clark-widget-iuda5o@0.1.0
  sha256:64fbf647c0f147e06e5d9333eeb9efc9488d190459b56aab4d13c5e8dc782840
  C:\Users\admin\AppData\Local\Temp\clark-widget-Iuda5O\dist\artifact.json
prepared the directory entry for com.example.clark-widget-iuda5o@0.1.0  risk lane: isolated-ui  digest: sha256:64fbf647c0f147e06e5d9333eeb9efc9488d190459b56aab4d13c5e8dc782840  C:\Users\admin\AppData\Local\Temp\clark-widget-Iuda5O\dist\directory-entry.jsonSubmitting needs a directory account; a local path needs none.created a dashboard widget package in C:\Users\admin\AppData\Local\Temp\clark-widget-h0MwlE
next: clark widget test C:\Users\admin\AppData\Local\Temp\clark-widget-h0MwlE

schema
  ok   the default fixture matches the props schema — fixtures/default.json validates
  ok   malformed props are rejected — required property "title" is missing
  ok   additional props are rejected when the schema forbids them — unknown property "conformanceExtraKey"
  ok   the state version is declared — stateVersion is 0

security
  ok   a forged nonce is rejected — NONCE_MISMATCH
  ok   a message from another window is rejected — SOURCE_MISMATCH
  ok   no secret, shell or approval surface is reachable — none of readAllSecrets, shell, queryCoreDb, disableCSP, approve, installAnything, registerSidebar, grant, fs, readFile, writeFile is on the author API
  ok   the entry reaches no origin the manifest does not declare — the entry names no origin
  ok   a host-owned card cannot be minted by a widget — question-card is recognised as host-owned

lifecycle
  ok   the widget mounts on init — status after init: ready, mount handlers fired: 1
  ok   a props update reaches the widget — subscribers notified: 1
  ok   suspend and resume are delivered — suspended: conformance, resumed: 1
  ok   dispose stops listening — disposed: 1, listener present: false
  ok   the declared state migration carries the previous version's fixture to a valid current state — stateVersion is 0, so there is nothing to migrate

interaction
  ok   a repeated invocation runs the action once — times run: 1
  ok   a stale state write is refused — STALE_REVISION
  ok   an action the host never accepted is refused — ACTION_UNKNOWN
  ok   the definition declares its sizing, which is what pin and detach depend on — compact: true, expanded: true
  n/a  keyboard reachability — needs a rendered frame
  n/a  touch target size — needs a rendered frame
  n/a  detach keeps one live owner — needs a window that can be detached and re-attached; run the dev host's real detach/reattach and pass its facts with --frames
  n/a  a spoken action and the same click agree — needs a rendered frame and a voice session, and a voice session needs a provider account

rendering
  ok   the required fixtures are present — present: default, empty, error, compact
  ok   a text fallback is declared — textFallback: 65 characters
  n/a  the narrow layout — needs a rendered frame at a known viewport
  n/a  the compact layout — needs a rendered frame at a known viewport
  n/a  the expanded layout — needs a rendered frame at a known viewport
  n/a  the loading state — needs a rendered frame at a known viewport
  n/a  the read-only state — needs a rendered frame at a known viewport
  n/a  reduced motion — needs a rendered frame at a known viewport

20 passed, 0 failed, 10 need the dev host
The checks marked n/a are not verified by this command: they need a rendered frame.

packed com.example.clark-widget-h0mwle@0.1.0
  sha256:f4cfd303ce07904a73d74ad000eaceb2db12acf320184db0880742f1ba9b4c89
  C:\Users\admin\AppData\Local\Temp\clark-widget-h0MwlE\dist\artifact.json
prepared the directory entry for com.example.clark-widget-h0mwle@0.1.0  risk lane: isolated-ui  digest: sha256:f4cfd303ce07904a73d74ad000eaceb2db12acf320184db0880742f1ba9b4c89  C:\Users\admin\AppData\Local\Temp\clark-widget-h0MwlE\dist\directory-entry.jsonSubmitting needs a directory account; a local path needs none. ✓ apps/runtime/test/service-host.spec.ts (29 tests) 16863ms
   ✓ the policy in front of a service (3)
     ✓ refuses a call the policy refuses, and runs nothing 302ms
   ✓ a capability another package held when this one started (1)
     ✓ is served by this package after the next reconcile once that package is gone, without restarting its service 582ms
   ✓ a service that is not running (9)
     ✓ does not come back after a stop that landed while it was waiting to restart 1402ms
     ✓ marks the capabilities down when the service is killed, and brings it back with its data 2242ms
     ✓ reports a call whose service exits mid-call as sent, so the caller keeps it as one that may have run 429ms
     ✓ leaves a service that keeps dying stopped, and says so 854ms
     ✓ marks the capabilities as no longer installed when the package is uninstalled 1054ms
   ✓ a call its caller bounds (5)
     ✓ ends a call past the caller's deadline as timed out, says it may have run, and tells the service to drop it 2779ms
     ✓ withdraws a call when the caller's signal aborts, as cancelled rather than as nothing having happened 2605ms
     ✓ never gives a call more time than the host's own ceiling, and answers a quick one as usual 1273ms
created a blank widget package in C:\Users\admin\AppData\Local\Temp\clark-widget-vETUGq
next: clark widget test C:\Users\admin\AppData\Local\Temp\clark-widget-vETUGq

schema
  ok   the default fixture matches the props schema — fixtures/default.json validates
  ok   malformed props are rejected — required property "title" is missing
  ok   additional props are rejected when the schema forbids them — unknown property "conformanceExtraKey"
  ok   the state version is declared — stateVersion is 0

security
  ok   a forged nonce is rejected — NONCE_MISMATCH
  ok   a message from another window is rejected — SOURCE_MISMATCH
  ok   no secret, shell or approval surface is reachable — none of readAllSecrets, shell, queryCoreDb, disableCSP, approve, installAnything, registerSidebar, grant, fs, readFile, writeFile is on the author API
  ok   the entry reaches no origin the manifest does not declare — the entry names no origin
  ok   a host-owned card cannot be minted by a widget — question-card is recognised as host-owned

lifecycle
  ok   the widget mounts on init — status after init: ready, mount handlers fired: 1
  ok   a props update reaches the widget — subscribers notified: 1
  ok   suspend and resume are delivered — suspended: conformance, resumed: 1
  ok   dispose stops listening — disposed: 1, listener present: false
  ok   the declared state migration carries the previous version's fixture to a valid current state — stateVersion is 0, so there is nothing to migrate

interaction
  ok   a repeated invocation runs the action once — times run: 1
  ok   a stale state write is refused — STALE_REVISION
  ok   an action the host never accepted is refused — ACTION_UNKNOWN
  ok   the definition declares its sizing, which is what pin and detach depend on — compact: true, expanded: true
  n/a  keyboard reachability — needs a rendered frame
  n/a  touch target size — needs a rendered frame
  n/a  detach keeps one live owner — needs a window that can be detached and re-attached; run the dev host's real detach/reattach and pass its facts with --frames
  n/a  a spoken action and the same click agree — needs a rendered frame and a voice session, and a voice session needs a provider account

rendering
  ok   the required fixtures are present — present: default, empty, error, compact
  ok   a text fallback is declared — textFallback: 61 characters
  n/a  the narrow layout — needs a rendered frame at a known viewport
  n/a  the compact layout — needs a rendered frame at a known viewport
  n/a  the expanded layout — needs a rendered frame at a known viewport
  n/a  the loading state — needs a rendered frame at a known viewport
  n/a  the read-only state — needs a rendered frame at a known viewport
  n/a  reduced motion — needs a rendered frame at a known viewport

20 passed, 0 failed, 10 need the dev host
The checks marked n/a are not verified by this command: they need a rendered frame.

packed com.example.clark-widget-vetugq@0.1.0
  sha256:5e0a7e9dcccbbf3be57654d839b0a4ea89914c7505680d844c0b4d79827f9a62
  C:\Users\admin\AppData\Local\Temp\clark-widget-vETUGq\dist\artifact.json
 ✓ apps/runtime/test/package-lifecycle-route.spec.ts (13 tests) 1269ms
prepared the directory entry for com.example.clark-widget-vetugq@0.1.0  risk lane: service  digest: sha256:5e0a7e9dcccbbf3be57654d839b0a4ea89914c7505680d844c0b4d79827f9a62  C:\Users\admin\AppData\Local\Temp\clark-widget-vETUGq\dist\directory-entry.jsonSubmitting needs a directory account; a local path needs none.created a blank widget package in C:\Users\admin\AppData\Local\Temp\clark-widget-u4CFHk
next: clark widget test C:\Users\admin\AppData\Local\Temp\clark-widget-u4CFHk

schema
  ok   the default fixture matches the props schema — fixtures/default.json validates
  ok   malformed props are rejected — required property "title" is missing
  ok   additional props are rejected when the schema forbids them — unknown property "conformanceExtraKey"
  ok   the state version is declared — stateVersion is 0

security
  ok   a forged nonce is rejected — NONCE_MISMATCH
  ok   a message from another window is rejected — SOURCE_MISMATCH
  ok   no secret, shell or approval surface is reachable — none of readAllSecrets, shell, queryCoreDb, disableCSP, approve, installAnything, registerSidebar, grant, fs, readFile, writeFile is on the author API
  ok   the entry reaches no origin the manifest does not declare — the entry names no origin
  ok   a host-owned card cannot be minted by a widget — question-card is recognised as host-owned

lifecycle
  ok   the widget mounts on init — status after init: ready, mount handlers fired: 1
  ok   a props update reaches the widget — subscribers notified: 1
  ok   suspend and resume are delivered — suspended: conformance, resumed: 1
  ok   dispose stops listening — disposed: 1, listener present: false
  ok   the declared state migration carries the previous version's fixture to a valid current state — stateVersion is 0, so there is nothing to migrate

interaction
  ok   a repeated invocation runs the action once — times run: 1
  ok   a stale state write is refused — STALE_REVISION
  ok   an action the host never accepted is refused — ACTION_UNKNOWN
  ok   the definition declares its sizing, which is what pin and detach depend on — compact: true, expanded: true
  n/a  keyboard reachability — needs a rendered frame
  n/a  touch target size — needs a rendered frame
  n/a  detach keeps one live owner — needs a window that can be detached and re-attached; run the dev host's real detach/reattach and pass its facts with --frames
  n/a  a spoken action and the same click agree — needs a rendered frame and a voice session, and a voice session needs a provider account

rendering
  FAIL the required fixtures are present — missing: error
  ok   a text fallback is declared — textFallback: 61 characters
  n/a  the narrow layout — needs a rendered frame at a known viewport
  n/a  the compact layout — needs a rendered frame at a known viewport
  n/a  the expanded layout — needs a rendered frame at a known viewport
  n/a  the loading state — needs a rendered frame at a known viewport
  n/a  the read-only state — needs a rendered frame at a known viewport
  n/a  reduced motion — needs a rendered frame at a known viewport

19 passed, 1 failed, 10 need the dev host
created a blank widget package in C:\Users\admin\AppData\Local\Temp\clark-widget-A5XxTn
next: clark widget test C:\Users\admin\AppData\Local\Temp\clark-widget-A5XxTn

schema
  ok   the default fixture matches the props schema — fixtures/default.json validates
  ok   malformed props are rejected — required property "title" is missing
  ok   additional props are rejected when the schema forbids them — unknown property "conformanceExtraKey"
  ok   the state version is declared — stateVersion is 0

security
  ok   a forged nonce is rejected — NONCE_MISMATCH
  ok   a message from another window is rejected — SOURCE_MISMATCH
  ok   no secret, shell or approval surface is reachable — none of readAllSecrets, shell, queryCoreDb, disableCSP, approve, installAnything, registerSidebar, grant, fs, readFile, writeFile is on the author API
  ok   the entry reaches no origin the manifest does not declare — the entry names no origin
  ok   a host-owned card cannot be minted by a widget — question-card is recognised as host-owned

lifecycle
  ok   the widget mounts on init — status after init: ready, mount handlers fired: 1
  ok   a props update reaches the widget — subscribers notified: 1
  ok   suspend and resume are delivered — suspended: conformance, resumed: 1
  ok   dispose stops listening — disposed: 1, listener present: false
  ok   the declared state migration carries the previous version's fixture to a valid current state — stateVersion is 0, so there is nothing to migrate

interaction
  ok   a repeated invocation runs the action once — times run: 1
  ok   a stale state write is refused — STALE_REVISION
  ok   an action the host never accepted is refused — ACTION_UNKNOWN
  ok   the definition declares its sizing, which is what pin and detach depend on — compact: true, expanded: true
  n/a  keyboard reachability — needs a rendered frame
  n/a  touch target size — needs a rendered frame
  n/a  detach keeps one live owner — needs a window that can be detached and re-attached; run the dev host's real detach/reattach and pass its facts with --frames
  n/a  a spoken action and the same click agree — needs a rendered frame and a voice session, and a voice session needs a provider account

rendering
  ok   the required fixtures are present — present: default, empty, error, compact
  ok   a text fallback is declared — textFallback: 61 characters
  n/a  the narrow layout — needs a rendered frame at a known viewport
  n/a  the compact layout — needs a rendered frame at a known viewport
  n/a  the expanded layout — needs a rendered frame at a known viewport
  n/a  the loading state — needs a rendered frame at a known viewport
  n/a  the read-only state — needs a rendered frame at a known viewport
  n/a  reduced motion — needs a rendered frame at a known viewport

20 passed, 0 failed, 10 need the dev host
The checks marked n/a are not verified by this command: they need a rendered frame.

packed com.example.clark-widget-a5xxtn@0.1.0
  sha256:71ba093a19d9bded08182af02743f734f032dced7111d1980be6e9c6d35654c9
  C:\Users\admin\AppData\Local\Temp\clark-widget-A5XxTn\dist\artifact.json
The checks marked n/a are not verified by this command: they need a rendered frame.Refusing to publish a package that fails conformance.version 0.1.0 was already packed with a different digest.
A version whose bytes changed is a different package wearing the same number; bump the version.
prepared the directory entry for com.example.clark-widget-a5xxtn@0.1.0  risk lane: isolated-ui  digest: sha256:71ba093a19d9bded08182af02743f734f032dced7111d1980be6e9c6d35654c9  C:\Users\admin\AppData\Local\Temp\clark-widget-A5XxTn\dist\directory-entry.jsonSubmitting needs a directory account; a local path needs none. ✓ packages/widget-cli/test/conformance.spec.ts (35 tests) 1879ms
 ✓ apps/runtime/test/update-checks.spec.ts (26 tests) 1772ms
 ✓ apps/runtime/test/mini-app-data.spec.ts (25 tests) 1796ms
 ✓ packages/core/test/preference-registry.spec.ts (35 tests) 961ms
 ✓ apps/runtime/test/composer-references.spec.ts (20 tests) 1503ms
 ✓ apps/desktop/test/file-bridge.spec.ts (19 tests | 2 skipped) 1017ms
   ✓ writing a file whole (6)
     ✓ leaves the original as it was and removes its temporary file when the write cannot finish 826ms
 ✓ apps/runtime/test/pack-load.spec.ts (9 tests) 1107ms
   ✓ the node's own path to loading the pack (1)
     ✓ stops reporting the pack as one no worker has loaded 587ms
 ✓ packages/design-tokens/test/identity-protected.spec.ts (16 tests) 829ms
   ✓ identity (3)
     ✓ writes only closed names and host-written values for every recipe and effect at every bound 785ms
[fts-baseline] lexical 30/31 (96.8%); semantic-only 2/8 (25.0%) — the gap Phase 10 must close
lexical failures:
  phân tích cảm xúc khách hàng → expected (nothing), got msg_meeting
 ✓ apps/runtime/test/session-search.spec.ts (22 tests) 1632ms
 ✓ apps/runtime/test/app-intents.spec.ts (21 tests) 1575ms
 ✓ apps/runtime/test/status-cards.spec.ts (22 tests) 1938ms
 ✓ packages/capability-host/test/quarantine.spec.ts (11 tests | 1 skipped) 908ms
   ✓ the isolated build (3)
     ✓ reports a build that fails, and one that does not finish 473ms
 ✓ apps/runtime/test/calendar-views.spec.ts (23 tests) 1950ms
 ✓ apps/runtime/test/artifact-server.spec.ts (8 tests) 1224ms
   ✓ a Vietnamese file name over the wire (6)
     ✓ opens a widget's file, with the real name for a current reader and an ASCII one for an old one 326ms
 ✓ apps/runtime/test/control-app-tool.spec.ts (20 tests) 1580ms
 ✓ apps/runtime/test/xy-charts.spec.ts (20 tests) 1706ms
 ✓ apps/runtime/test/notice-operations.spec.ts (17 tests) 1625ms
 ✓ apps/runtime/test/package-files-route.spec.ts (14 tests) 1513ms
 ✓ apps/runtime/test/input-primitives.spec.ts (20 tests) 1701ms
 ✓ packages/contracts/test/calendar-view.spec.ts (25 tests) 718ms
   ✓ times without an offset (3)
     ✓ places the same rows on the same days whatever timezone the reading process is in 697ms
 ✓ packages/contracts/test/activity-timeline.spec.ts (25 tests) 731ms
   ✓ grouping by day (7)
     ✓ groups by the same days whatever timezone the reading process is in 704ms
 ✓ apps/runtime/test/mini-app-compose.spec.ts (16 tests) 1285ms
 ✓ apps/runtime/test/install-approval.spec.ts (13 tests) 17604ms
   ✓ an install the policy asks about waits in the inbox (2)
     ✓ is listed under waiting with the package, the version, what it asks for and the artifact it is about 1127ms
     ✓ is not listed once the directory no longer lists the artifact it asked about 1496ms
   ✓ the person's answer (3)
     ✓ installs on Approve, through the same install, once 3013ms
     ✓ installs nothing on Deny 1925ms
     ✓ installs nothing once the approval has expired, decided late or swept 767ms
   ✓ settling an expired install approval (1)
     ✓ leaves one the person decided between the sweep's read and its write as they decided it 778ms
   ✓ an approval stays bound to the artifact it was given for (4)
     ✓ does not install a listing republished after the ask, and leaves the question as it was 1138ms
     ✓ refuses a decision made on another digest than the one asked about 779ms
     ✓ has the install itself refuse an approval given for another artifact 1019ms
     ✓ still honours a policy that now forbids installing, even after Approve 1021ms
   ✓ machine surfaces cannot install or decide an install (3)
     ✓ lists both routes as person-only, matching the raw segments 1107ms
     ✓ refuses a request the MCP endpoint or the relay forwarded, and installs nothing 2340ms
     ✓ gives the model no way to install: the package tool lists, uninstalls, restores and rolls back only 1092ms
 ✓ apps/cli/test/cli.spec.ts (15 tests) 1233ms
 ✓ packages/storage/test/artifact-refs.spec.ts (20 tests) 1320ms
 ✓ packages/conversation-client/test/attachments.spec.ts (11 tests) 584ms
   ✓ encoding the bytes (2)
     ✓ encodes a file larger than the argument limit without overflowing the stack 574ms
 ✓ packages/widget-host/test/session.spec.ts (44 tests) 786ms
   ✓ the artifacts@1 extension (14)
     ✓ keeps only the latest entries of what the frame said, so a frame that keeps asking cannot grow the record 607ms
 ✓ apps/runtime/test/j1-journey.spec.ts (20 tests) 650ms
 ✓ packages/capability-host/test/dependency-lock.spec.ts (23 tests) 535ms
 ✓ apps/runtime/test/attachment-routes.spec.ts (15 tests) 1141ms
 ✓ apps/runtime/test/conversation-delete.spec.ts (15 tests) 516ms
 ✓ apps/runtime/test/embeddings-local.spec.ts (4 tests | 1 skipped) 618ms
   ✓ loading (2)
     ✓ returns a reason, not an exception, when the model cannot be used 614ms
 ✓ apps/runtime/test/compose-layout.spec.ts (13 tests) 986ms
 ✓ apps/runtime/test/jev-decider.spec.ts (19 tests) 1279ms
 ✓ apps/runtime/test/peer-transport-answer.spec.ts (5 tests) 599ms
 ✓ apps/runtime/test/github-polling.spec.ts (10 tests) 872ms
 ✓ apps/runtime/test/effect-reconciliation.spec.ts (13 tests) 1129ms
 ✓ apps/runtime/test/preference-routes.spec.ts (15 tests) 1070ms
 ✓ apps/runtime/test/attachment-in-turn.spec.ts (12 tests) 957ms
 ✓ apps/runtime/test/browser-task-tool.spec.ts (15 tests) 1111ms
 ✓ apps/runtime/test/task-dispatch-project-work-pack.spec.ts (2 tests) 769ms
   ✓ dispatching project.code.change@1 through the project-work pack (2)
     ✓ runs a real worker child that calls write_project_file, and settles the task succeeded with evidence 767ms
 ✓ apps/runtime/test/task-dispatch.spec.ts (12 tests) 1355ms
   ✓ dispatching a task runs a worker (9)
     ✓ runs a real worker child process, which honestly reports not-verified and fails the task 630ms
 ✓ apps/runtime/test/stop-turn.spec.ts (8 tests) 696ms
 ✓ apps/runtime/test/artifact-transfer.spec.ts (13 tests) 558ms
 ✓ apps/runtime/test/hybrid-rank.spec.ts (13 tests) 724ms
 ✓ apps/runtime/test/work-recovery.spec.ts (14 tests) 957ms
 ✓ packages/core/test/hardening.spec.ts (22 tests) 567ms
 ✓ apps/runtime/test/table-export-route.spec.ts (12 tests) 785ms
 ✓ packages/core/test/automation.spec.ts (22 tests) 588ms
 ✓ apps/runtime/test/composition-graph.spec.ts (9 tests) 667ms
 ✓ packages/core/test/install-from-source.spec.ts (20 tests) 424ms
 ✓ apps/runtime/test/frame-grant-lifetime.spec.ts (7 tests) 549ms
 ✓ apps/runtime/test/attachments.spec.ts (15 tests) 798ms
 ✓ apps/runtime/test/delegated-artifacts.spec.ts (18 tests) 540ms
 ✓ apps/runtime/test/task-approval-decide.spec.ts (7 tests) 627ms
 ✓ packages/core/test/consent.spec.ts (21 tests) 450ms
 ✓ apps/runtime/test/read-attachment-tool.spec.ts (11 tests) 825ms
 ✓ packs/google-calendar/test/connector.spec.ts (6 tests) 489ms
   ✓ writing through the connector (3)
     ✓ reports a write that timed out as unknown, not as failed 335ms
 ✓ apps/runtime/test/secret-broker.spec.ts (11 tests) 682ms
 ✓ apps/runtime/test/mini-app-actions.spec.ts (11 tests) 926ms
 ✓ packages/widget-cli/test/theme-cli.spec.ts (11 tests) 848ms
 ✓ apps/runtime/test/vector-index.spec.ts (14 tests) 872ms
 ✓ packages/core/test/widget-lifecycle.spec.ts (18 tests) 374ms
 ✓ packages/core/test/execution-policy-migration.spec.ts (20 tests) 502ms
 ✓ packages/conversation-client/test/appearance.spec.ts (15 tests) 537ms
 ✓ apps/runtime/test/installed-widgets-route.spec.ts (7 tests) 677ms
 ✓ apps/runtime/test/widget-state-route.spec.ts (8 tests) 1051ms
 ✓ apps/runtime/test/autonomy-settings.spec.ts (13 tests) 399ms
 ✓ apps/runtime/test/activity-route.spec.ts (12 tests) 952ms
 ✓ apps/runtime/test/suggestions.spec.ts (12 tests) 717ms
 ✓ apps/runtime/test/conductor-routing.spec.ts (7 tests) 568ms
 ✓ apps/runtime/test/webhook-signals.spec.ts (7 tests) 466ms
 ✓ packages/core/test/onboarding.spec.ts (18 tests) 409ms
 ✓ packages/core/test/surface-snapshot.spec.ts (10 tests) 404ms
 ✓ packages/storage/test/secrets.spec.ts (11 tests) 554ms
 ✓ packages/core/test/widget-state-patch.spec.ts (14 tests) 315ms
created a blank widget package in C:\Users\admin\AppData\Local\Temp\clark-widget-jkIVQv
next: clark widget test C:\Users\admin\AppData\Local\Temp\clark-widget-jkIVQv
 ✓ packages/core/test/package-fetch.spec.ts (46 tests) 27170ms
   ✓ fetchGitArtifact (9)
     ✓ refuses a ref that is not a full commit id, before any fetch 809ms
     ✓ refuses a bare local path unless the caller explicitly opts in (C1: scheme allowlist) 758ms
     ✓ refuses a url crafted to be read as a git option, and spawns no git process at all (C1) 524ms
     ✓ refuses a non-https, non-local scheme outright, even one that names a real transport (C1) 460ms
     ✓ fetches a commit-pinned ref from a local repository and computes a stable digest over it 1326ms
     ✓ keys the cache by url as well as ref, so two remotes sharing a commit id do not collide (M3) 3354ms
     ✓ refuses a commit that does not exist at the remote 2538ms
     ✓ times out rather than hanging forever on an unreachable remote (H4) 2534ms
     ✓ changes digest when the tree changes, so a mutated commit is never mistaken for the pinned one 2584ms
   ✓ N2: expectedDigest is checked before a fetch becomes servable (4)
     ✓ refuses a git fetch whose bytes do not match expectedDigest, and leaves no servable cache directory (staged, before rename) 1320ms
     ✓ refuses a git cache hit whose already-cached bytes do not match a newly expected digest, without deleting the cache 1802ms
     ✓ succeeds when expectedDigest matches what was actually fetched 3308ms
     ✓ [fails on the old behaviour] a digest mismatch used to be caught only by the caller, after the rename already made the bytes servable 1949ms
   ✓ H1: a fetched git artifact actually serves a file end to end (1)
     ✓ resolves the entry's source to the cache path and reads a file out of it, once fetched 2724ms
   ✓ fetchNpmArtifact (19)
     ✓ N3: tar hardening (9)
       ✓ aborts a download that exceeds the size cap while streaming, even when the server sends no content-length at all 365ms

schema
  ok   the default fixture matches the props schema — fixtures/default.json validates
  ok   malformed props are rejected — required property "title" is missing
  ok   additional props are rejected when the schema forbids them — unknown property "conformanceExtraKey"
  ok   the state version is declared — stateVersion is 0

security
  ok   a forged nonce is rejected — NONCE_MISMATCH
  ok   a message from another window is rejected — SOURCE_MISMATCH
  ok   no secret, shell or approval surface is reachable — none of readAllSecrets, shell, queryCoreDb, disableCSP, approve, installAnything, registerSidebar, grant, fs, readFile, writeFile is on the author API
  ok   the entry reaches no origin the manifest does not declare — the entry names no origin
  ok   a host-owned card cannot be minted by a widget — question-card is recognised as host-owned

lifecycle
  ok   the widget mounts on init — status after init: ready, mount handlers fired: 1
  ok   a props update reaches the widget — subscribers notified: 1
  ok   suspend and resume are delivered — suspended: conformance, resumed: 1
  ok   dispose stops listening — disposed: 1, listener present: false
  ok   the declared state migration carries the previous version's fixture to a valid current state — stateVersion is 0, so there is nothing to migrate

interaction
  ok   a repeated invocation runs the action once — times run: 1
  ok   a stale state write is refused — STALE_REVISION
  ok   an action the host never accepted is refused — ACTION_UNKNOWN
  ok   the definition declares its sizing, which is what pin and detach depend on — compact: true, expanded: true
  n/a  keyboard reachability — needs a rendered frame
  n/a  touch target size — needs a rendered frame
  n/a  detach keeps one live owner — needs a window that can be detached and re-attached; run the dev host's real detach/reattach and pass its facts with --frames
  n/a  a spoken action and the same click agree — needs a rendered frame and a voice session, and a voice session needs a provider account

rendering
  ok   the required fixtures are present — present: default, empty, error, compact
  ok   a text fallback is declared — textFallback: 61 characters
  n/a  the narrow layout — needs a rendered frame at a known viewport
  n/a  the compact layout — needs a rendered frame at a known viewport
  n/a  the expanded layout — needs a rendered frame at a known viewport
  n/a  the loading state — needs a rendered frame at a known viewport
  n/a  the read-only state — needs a rendered frame at a known viewport
  n/a  reduced motion — needs a rendered frame at a known viewport

20 passed, 0 failed, 10 need the dev host
The checks marked n/a are not verified by this command: they need a rendered frame.

packed com.example.clark-widget-jkivqv@0.1.0
  sha256:512383b479531fe4a7dd28099c0181073de918e3372fcbe6845758b9b099edfa
  C:\Users\admin\AppData\Local\Temp\clark-widget-jkIVQv\dist\artifact.json
prepared the directory entry for com.example.clark-widget-jkivqv@0.1.0  risk lane: isolated-ui  digest: sha256:512383b479531fe4a7dd28099c0181073de918e3372fcbe6845758b9b099edfa  C:\Users\admin\AppData\Local\Temp\clark-widget-jkIVQv\dist\directory-entry.jsonSubmitting needs a directory account; a local path needs none. ✓ apps/runtime/test/memory.spec.ts (11 tests) 726ms

schema
  ok   the default fixture matches the props schema — fixtures/default.json validates
  ok   malformed props are rejected — required property "title" is missing
  ok   additional props are rejected when the schema forbids them — unknown property "conformanceExtraKey"
  ok   the state version is declared — stateVersion is 0

security
  ok   a forged nonce is rejected — NONCE_MISMATCH
  ok   a message from another window is rejected — SOURCE_MISMATCH
  ok   no secret, shell or approval surface is reachable — none of readAllSecrets, shell, queryCoreDb, disableCSP, approve, installAnything, registerSidebar, grant, fs, readFile, writeFile is on the author API
  ok   the entry reaches no origin the manifest does not declare — the entry names no origin
  ok   a host-owned card cannot be minted by a widget — question-card is recognised as host-owned

lifecycle
  ok   the widget mounts on init — status after init: ready, mount handlers fired: 1
  ok   a props update reaches the widget — subscribers notified: 1
  ok   suspend and resume are delivered — suspended: conformance, resumed: 1
  ok   dispose stops listening — disposed: 1, listener present: false
  ok   the declared state migration carries the previous version's fixture to a valid current state — stateVersion is 0, so there is nothing to migrate

interaction
  ok   a repeated invocation runs the action once — times run: 1
  ok   a stale state write is refused — STALE_REVISION
  ok   an action the host never accepted is refused — ACTION_UNKNOWN
  ok   the definition declares its sizing, which is what pin and detach depend on — compact: true, expanded: true
  n/a  keyboard reachability — needs a rendered frame
  n/a  touch target size — needs a rendered frame
  n/a  detach keeps one live owner — needs a window that can be detached and re-attached; run the dev host's real detach/reattach and pass its facts with --frames
  n/a  a spoken action and the same click agree — needs a rendered frame and a voice session, and a voice session needs a provider account

rendering
  ok   the required fixtures are present — present: default, empty, error, compact
  ok   a text fallback is declared — textFallback: 61 characters
  n/a  the narrow layout — needs a rendered frame at a known viewport
  n/a  the compact layout — needs a rendered frame at a known viewport
  n/a  the expanded layout — needs a rendered frame at a known viewport
  n/a  the loading state — needs a rendered frame at a known viewport
  n/a  the read-only state — needs a rendered frame at a known viewport
  n/a  reduced motion — needs a rendered frame at a known viewport

20 passed, 0 failed, 10 need the dev host
The checks marked n/a are not verified by this command: they need a rendered frame.

packed com.example.clark-widget-jkivqv@0.2.0
  sha256:53c44dc94a06c6c50992fb1a41d8793d284c75ff76ca24aa1bb6351e2e5c17dd
  C:\Users\admin\AppData\Local\Temp\clark-widget-jkIVQv\dist\artifact.json
Refusing to publish com.example.clark-widget-jkivqv@0.2.0:
  com.example.clark-widget-jkivqv.main@1: stateSchema changed but stateVersion is still 0; raise it and add a migration step
 ✓ packages/storage/test/peer-delivery-state.spec.ts (13 tests) 453ms

schema
  ok   the default fixture matches the props schema — fixtures/default.json validates
  ok   malformed props are rejected — required property "title" is missing
  ok   additional props are rejected when the schema forbids them — unknown property "conformanceExtraKey"
  ok   the state version is declared — stateVersion is 1

security
  ok   a forged nonce is rejected — NONCE_MISMATCH
  ok   a message from another window is rejected — SOURCE_MISMATCH
  ok   no secret, shell or approval surface is reachable — none of readAllSecrets, shell, queryCoreDb, disableCSP, approve, installAnything, registerSidebar, grant, fs, readFile, writeFile is on the author API
  ok   the entry reaches no origin the manifest does not declare — the entry names no origin
  ok   a host-owned card cannot be minted by a widget — question-card is recognised as host-owned

lifecycle
  ok   the widget mounts on init — status after init: ready, mount handlers fired: 1
  ok   a props update reaches the widget — subscribers notified: 1
  ok   suspend and resume are delivered — suspended: conformance, resumed: 1
  ok   dispose stops listening — disposed: 1, listener present: false
  ok   the declared state migration carries the previous version's fixture to a valid current state — fixtures/state-v0.json migrates to a state stateSchema accepts (1 operation)

interaction
  ok   a repeated invocation runs the action once — times run: 1
  ok   a stale state write is refused — STALE_REVISION
  ok   an action the host never accepted is refused — ACTION_UNKNOWN
  ok   the definition declares its sizing, which is what pin and detach depend on — compact: true, expanded: true
  n/a  keyboard reachability — needs a rendered frame
  n/a  touch target size — needs a rendered frame
  n/a  detach keeps one live owner — needs a window that can be detached and re-attached; run the dev host's real detach/reattach and pass its facts with --frames
  n/a  a spoken action and the same click agree — needs a rendered frame and a voice session, and a voice session needs a provider account

rendering
  ok   the required fixtures are present — present: default, empty, error, compact
  ok   a text fallback is declared — textFallback: 61 characters
  n/a  the narrow layout — needs a rendered frame at a known viewport
  n/a  the compact layout — needs a rendered frame at a known viewport
  n/a  the expanded layout — needs a rendered frame at a known viewport
  n/a  the loading state — needs a rendered frame at a known viewport
  n/a  the read-only state — needs a rendered frame at a known viewport
  n/a  reduced motion — needs a rendered frame at a known viewport

20 passed, 0 failed, 10 need the dev host
The checks marked n/a are not verified by this command: they need a rendered frame.

packed com.example.clark-widget-jkivqv@0.3.0
  sha256:a2d8a3f7053332a69d4f4eeb8e1ba4a6403bdd1e954c16e737894562f586f307
  C:\Users\admin\AppData\Local\Temp\clark-widget-jkIVQv\dist\artifact.json
prepared the directory entry for com.example.clark-widget-jkivqv@0.3.0  risk lane: isolated-ui  digest: sha256:a2d8a3f7053332a69d4f4eeb8e1ba4a6403bdd1e954c16e737894562f586f307  C:\Users\admin\AppData\Local\Temp\clark-widget-jkIVQv\dist\directory-entry.jsonSubmitting needs a directory account; a local path needs none. ✓ packages/widget-cli/test/version-rules.spec.ts (12 tests) 265ms
 ✓ packages/core/test/mini-app-ownership.spec.ts (12 tests) 320ms
 ✓ packages/node-link/test/node-link.spec.ts (12 tests) 322ms
 ✓ packages/storage/test/audit.spec.ts (7 tests) 403ms
 ✓ apps/runtime/test/session-store.spec.ts (8 tests) 594ms
 ✓ apps/runtime/test/package-install-local-chain.spec.ts (2 tests) 227ms
 ✓ apps/runtime/test/package-install-legacy-grant-resolution.spec.ts (8 tests) 689ms
 ✓ apps/runtime/test/effect-notices.spec.ts (9 tests) 737ms
 ✓ packages/core/test/package-uninstall.spec.ts (11 tests) 253ms
 ✓ packages/core/test/effect-reconciliation.spec.ts (12 tests) 281ms
 ✓ apps/runtime/test/expiry-notices.spec.ts (8 tests) 636ms
 ✓ packages/integration-sdk/test/calendar-api.spec.ts (9 tests) 189ms
 ✓ apps/runtime/test/model-bootstrap-routing.spec.ts (7 tests) 474ms
 ✓ packages/core/test/installed-widgets.spec.ts (11 tests) 212ms
 ✓ apps/runtime/test/attachment-server.spec.ts (4 tests) 329ms
 ✓ packages/integration-sdk/test/token-exchange.spec.ts (8 tests) 173ms
 ✓ packages/core/test/package-manifest.spec.ts (15 tests) 93ms
 ✓ apps/runtime/test/app-intents-appearance.spec.ts (8 tests) 362ms
 ✓ apps/runtime/test/command-policy.spec.ts (27 tests) 385ms
 ✓ examples/media-widget-contract/test/fixture.spec.ts (9 tests) 210ms
 ✓ packages/storage/test/outbox-backoff.spec.ts (10 tests) 252ms
 ✓ packages/storage/test/migration-split-theme-preference.spec.ts (7 tests) 168ms
 ✓ examples/note-widget/test/editor.spec.ts (9 tests) 223ms
 ✓ apps/runtime/test/request-secret.spec.ts (5 tests) 267ms
 ✓ packages/pi-adapter/test/session-persistence.spec.ts (8 tests) 76ms
 ✓ apps/runtime/test/peer-transport-backoff.spec.ts (5 tests) 196ms
 ✓ apps/runtime/test/background-route.spec.ts (5 tests) 395ms
 ✓ apps/runtime/test/identifier-uniqueness.spec.ts (4 tests) 150ms
 ✓ apps/runtime/test/identity.spec.ts (3 tests) 184ms
stdout | packages/core/test/execution-policy-parity.spec.ts > no tuple is looser than the legacy policy it replaced > holds for every surface, category, intent and boundary
legacy-vs-canonical tuples evaluated: 1120 over 10 legacy configurations

 ✓ packages/core/test/execution-policy-parity.spec.ts (9 tests) 154ms
 ✓ apps/runtime/test/credential-vault.spec.ts (4 tests) 221ms
 ✓ packages/core/test/installed-themes.spec.ts (9 tests) 181ms
 ✓ apps/runtime/test/capability-waiters.spec.ts (3 tests) 239ms
 ✓ apps/worker/test/worker.spec.ts (29 tests) 164ms
 ✓ apps/runtime/test/service-container-engine.spec.ts (3 tests | 1 skipped) 28269ms
   ✓ a service container on a real engine (2)
     ✓ refuses the network and every write outside the private folder, and runs unprivileged 23865ms
     ✓ runs the notes package's service: a note is added, listed, and kept in the private folder 3391ms
 ✓ packages/widget-sdk/test/runtime.spec.ts (35 tests) 163ms
 ✓ apps/runtime/test/selector-budget-wiring.spec.ts (2 tests) 169ms
 ✓ packages/storage/test/widget-semantic.spec.ts (3 tests) 134ms
 ✓ packages/core/test/task-cancel.spec.ts (6 tests) 141ms
 ✓ apps/runtime/test/lease-sweeper.spec.ts (5 tests) 119ms
 ✓ packages/storage/test/notice-operations-storage.spec.ts (3 tests) 160ms
 ✓ apps/runtime/test/peer-transport-skip.spec.ts (3 tests) 145ms
 ✓ packages/core/test/task-cancel-peer.spec.ts (4 tests) 120ms
 ✓ packages/contracts/test/table-view.spec.ts (29 tests) 68ms
 ✓ apps/runtime/test/work-supervisor.spec.ts (15 tests) 65ms
 ✓ packages/core/test/package-files.spec.ts (6 tests) 37ms
 ✓ apps/runtime/test/project-session.confinement.spec.ts (4 tests) 130ms
 ✓ packages/host-adapters/test/vault.spec.ts (3 tests) 110ms
 ✓ packages/widget-cli/test/dev-lease.spec.ts (4 tests) 95ms
 ✓ packages/core/test/execution-policy.spec.ts (34 tests) 86ms
 ✓ packages/widget-catalog/test/fixtures.spec.ts (7 tests) 65ms
 ✓ packages/core/test/widget-frame.spec.ts (10 tests) 94ms
 ✓ apps/runtime/test/jev-selector.spec.ts (23 tests) 96ms
 ✓ packages/conversation-client/test/chart-layout.spec.ts (40 tests) 77ms
 ✓ packages/widget-host/test/seams.spec.ts (42 tests) 188ms
 ✓ apps/runtime/test/tool-catalogue.spec.ts (2 tests) 143ms
 ✓ apps/runtime/test/fs-search.spec.ts (12 tests) 50ms
 ✓ apps/runtime/test/turn-control.spec.ts (2 tests) 90ms
 ✓ packages/core/test/lease-sweep.spec.ts (4 tests) 100ms
 ✓ packages/widget-catalog/test/timeline-schemas.spec.ts (4 tests) 72ms
 ✓ packages/contracts/test/artifact-viewers.spec.ts (35 tests) 30ms
 ✓ packages/conversation-client/test/markdown.spec.tsx (17 tests) 61ms
 ✓ packages/storage/test/migration-backfill-granted-capabilities.spec.ts (3 tests) 68ms
 ✓ packages/signal-sources/test/github.spec.ts (18 tests) 52ms
 ✓ apps/runtime/test/terminal-gateway.spec.ts (3 tests | 1 skipped) 88ms
 ✓ packages/pi-adapter/test/scoped-fs-canonicalisation.spec.ts (2 tests) 27ms
 ✓ apps/runtime/test/preflight.spec.ts (25 tests) 50ms
 ✓ packages/core/test/app-intents.spec.ts (31 tests) 49ms
 ✓ packages/design-tokens/test/appearance.spec.ts (21 tests) 39ms
[calibration] BLOCKED: jev-vs-rank calibration was not produced. Set CLARKCANT_JEV_LIVE=1 and TYPESAFE_API_KEY to run it. The default is "rank" until it is measured.
 ✓ packages/contracts/test/contracts.spec.ts (78 tests) 39ms
 ✓ packages/conversation-client/test/styles.spec.ts (16 tests) 59ms
 ✓ apps/runtime/test/jev-calibration-live.spec.ts (3 tests | 2 skipped) 65ms
 ✓ packages/core/test/directory-index.spec.ts (10 tests) 20ms
 ✓ packages/conversation-client/test/locale.spec.ts (15 tests) 37ms
 ✓ packages/conversation-client/test/mini-app-helpers.spec.ts (13 tests) 29ms
 ✓ apps/runtime/test/terminal-tools.spec.ts (16 tests) 74ms
 ✓ packages/conversation-client/test/api-stream.spec.ts (13 tests) 33ms
 ✓ packages/contracts/test/xy-charts.spec.ts (31 tests) 30ms
 ✓ apps/desktop/test/detached-window.spec.ts (18 tests) 35ms
 ✓ packages/conversation-client/test/theme-contrast-lines.spec.ts (6 tests) 28ms
 ✓ packages/conversation-client/test/table-model.spec.ts (19 tests) 52ms
 ✓ packages/conversation-client/test/widget-artifacts.spec.ts (21 tests) 43ms
 ✓ packages/contracts/test/widget-props.spec.ts (13 tests) 26ms
 ✓ packages/widget-catalog/test/xy-chart-schemas.spec.ts (5 tests) 29ms
 ✓ apps/runtime/test/directory-appearance.spec.ts (1 test) 32ms
 ✓ apps/runtime/test/session-preview.spec.ts (8 tests) 31ms
 ✓ packages/widget-catalog/test/status-card-schemas.spec.ts (7 tests) 27ms
 ✓ packages/contracts/test/status-cards.spec.ts (17 tests) 29ms
 ✓ packages/conversation-client/test/package-change-listeners.spec.ts (3 tests) 29ms
 ✓ apps/runtime/test/schema-patterns.spec.ts (70 tests) 29ms
 ✓ packs/browser-playwright/test/click-answer.spec.ts (13 tests) 29608ms
   ✓ a click is judged by the answer to what it sent (13)
     ✓ calls a form POST the server never answers unknown, and blocks sending it again until the page is observed 7621ms
     ✓ calls a script's fetch the server never answers unknown 7729ms
     ✓ calls an answered submission applied, and the page it landed on a new document 927ms
     ✓ calls a client error refused by the site, and a server error unknown 3032ms
     ✓ says a click nobody marked as submitting sent something, when it did 1195ms
     ✓ stops a link to an undeclared origin before anything is sent there 927ms
     ✓ stops a script taking the page to an undeclared origin, and says so 1293ms
     ✓ opens no pop-up a script asks for, on any site 1920ms
     ✓ loads no frame from an undeclared origin 1144ms
     ✓ refuses an address the server redirects to an undeclared origin, and sends nothing there 898ms
     ✓ reports a click that sent nothing as applied without waiting out the deadline 920ms
     ✓ names what each reference is and which of them submit 1713ms
 ✓ packages/conversation-client/test/artifact-viewers.spec.ts (12 tests) 31ms
 ✓ packages/contracts/test/preferences.spec.ts (17 tests) 19ms
 ✓ packages/contracts/test/themes.spec.ts (15 tests) 34ms
 ✓ packages/pi-adapter/test/personal-instructions-wiring.spec.ts (9 tests) 23ms
 ✓ apps/runtime/test/view-tool.spec.ts (12 tests) 32ms
 ✓ packages/contracts/test/notice-actions.spec.ts (12 tests) 20ms
 ✓ apps/runtime/test/e2e-fixture-digests.spec.ts (5 tests) 22ms
 ✓ packages/contracts/test/widget-semantic.spec.ts (14 tests) 18ms
 ✓ packages/conversation-client/test/frame-grant-renewal.spec.ts (7 tests) 29ms
 ✓ packages/conversation-client/test/activity-timeline.spec.ts (10 tests) 21ms
 ✓ packages/contracts/test/models.spec.ts (16 tests) 19ms
 ✓ packages/contracts/test/surface-composition.spec.ts (14 tests) 25ms
 ✓ tools/test/platform-skipped-tests.spec.ts (19 tests) 13ms
 ✓ packages/contracts/test/composition-graph.spec.ts (16 tests) 20ms
 ✓ packages/widget-cli/test/cli-usage.spec.ts (9 tests) 15ms
 ✓ packages/contracts/test/artifacts.spec.ts (24 tests) 17ms
 ✓ packages/widget-sdk/test/dom-appearance.spec.ts (1 test) 20ms
 ✓ packages/widget-catalog/test/calendar-schemas.spec.ts (4 tests) 20ms
 ✓ packages/conversation-client/test/widget-lab.spec.ts (14 tests) 21ms
 ✓ apps/desktop/test/appearance-tokens.spec.ts (4 tests) 17ms
 ✓ packages/contracts/test/composition-layout.spec.ts (10 tests) 20ms
 ✓ packages/conversation-client/test/orb-profile.spec.ts (32 tests) 21ms
 ✓ packages/voice-adapters/test/gemini-live.spec.ts (30 tests) 14ms
 ✓ packages/signal-sources/test/webhook.spec.ts (7 tests) 15ms
 ✓ packages/conversation-client/test/calendar-layout.spec.ts (6 tests) 19ms
 ✓ packages/contracts/test/form-fields.spec.ts (25 tests) 16ms
 ✓ packages/core/test/package-sources.spec.ts (22 tests) 18ms
 ✓ apps/runtime/test/package-install-route.spec.ts (18 tests) 26942ms
   ✓ installing from the directory (6)
     ✓ installs a listed package and says what it verified 2004ms
     ✓ records the effect it performed without a card 3074ms
     ✓ leaves no executed-effect audit row when the fetch fails, unlike a fetch that succeeds 1017ms
     ✓ does not let a forged grantedCapabilities in the request body become authority (issue #93, P1) 2367ms
     ✓ asks first when the policy says to, and installs nothing 817ms
     ✓ refuses on a node that refuses every effect, and installs nothing 818ms
   ✓ what the route refuses, with the code the resolver already uses (6)
     ✓ refuses a package built for another platform, naming both sides 737ms
     ✓ refuses an entry that publishes no digest 849ms
     ✓ refuses a package needing a host API this node does not implement 969ms
     ✓ refuses a package the directory does not list 877ms
     ✓ says the directory is unconfigured rather than that the package is missing 1080ms
     ✓ refuses a request that does not say what to install 1014ms
   ✓ the frozen build input the route records (3)
     ✓ resolves the closure before installing, and reports what the lock covers 2381ms
     ✓ refuses a second install whose resolution is not the frozen one, naming the artifact 2415ms
     ✓ refuses an entry with no digest before it freezes anything 1930ms
   ✓ the frozen closure the install route consumes (3)
     ✓ hands back the artifact a build reads, and keeps its coverage claim honest 1343ms
     ✓ reports that a build would refuse the closure, and the runner really does 2210ms
     ✓ refuses a floating range before anything is frozen 1037ms
 ✓ apps/runtime/test/interactions.spec.ts (13 tests) 15ms
 ✓ packages/conversation-client/test/widget-appearance-disclosure.spec.ts (3 tests) 37ms
 ✓ packages/conversation-client/test/inbox-model.spec.ts (42 tests) 14ms
 ✓ packages/core/test/widget-state-migration.spec.ts (10 tests) 14ms
 ✓ packages/core/test/widget-document.spec.ts (10 tests) 13ms
 ✓ apps/runtime/test/service-container.spec.ts (15 tests) 11ms
 ✓ packs/data-canvas/test/definitions.spec.ts (6 tests) 12ms
 ✓ examples/mcp-app-fixture/test/bridge.spec.ts (9 tests) 11ms
 ✓ packages/widget-catalog/test/fixture-schema.spec.ts (4 tests) 13ms
 ✓ packages/contracts/test/text-rules.spec.ts (36 tests) 20ms
 ✓ apps/runtime/test/peer-delegation.spec.ts (27 tests) 27209ms
   ✓ a task one Clark hands to another (17)
     ✓ runs on the other node within what its owner allowed, and settles the sender's own task 1051ms
     ✓ does not run in a folder outside what the other node's owner allowed 388ms
     ✓ waits for the other node's owner on an effect only one side allowed, and a stop from the sender ends it 462ms
     ✓ stops a worker already running on the other node when the sender stops the task 2181ms
     ✓ stops a worker running here when this node's owner stops the task 3116ms
     ✓ answers a hand-over under a grant no longer live with why it does not run 426ms
     ✓ settles the sender's task when a hand-over or a stop could not be delivered 3373ms
     ✓ tells the sender its outcome is unknown when the node running it restarted part-way 397ms
     ✓ counts a hand-over and its answer once, however often they arrive 877ms
     ✓ takes an answer only from the node the task was handed to, and a grant only from its own sender 507ms
     ✓ tells the sender while its task waits for the other node's owner, and settles it on their decision 1121ms
     ✓ tells the sender once about a hand-over that failed on the other node, through its result and nothing else 321ms
     ✓ settles the sender's task when the other node's owner lets the approval expire 305ms
     ✓ withdraws an automation's own grant on both nodes when it is paused or removed, and writes a new one to resume 1135ms
     ✓ runs an automation only under its own grant, not another that covers the same folders 309ms
     ✓ holds a run on the other node to the sender's time limit and run count 2621ms
   ✓ what the other node can run, asked before a task is handed to it (4)
     ✓ shows the sender a node that cannot run the task yet, warns at setup, and says at once that a hand-over waits there 1572ms
     ✓ stops a hand-over waiting there for a capability when the sender stops it 396ms
   ✓ the files a task handed to another Clark brings back (6)
     ✓ brings a file the task wrote back to the sender within its owner's byte budget, and shows it with the result 1156ms
     ✓ fetches, when it starts again, a file it accepted and had not received, and says it arrived 1090ms
     ✓ leaves on the running node a file larger than the sender's byte budget, stores no copy, and says why 851ms
     ✓ is offered no file when the sender's owner allowed no bytes, and the running node copies none 969ms
     ✓ keeps the files on the running node when its owner let none go back, though the sender asked, and says so 939ms
     ✓ offers nothing to a sender that has not said it takes files, and answers it as before 878ms
 ✓ packages/conversation-client/test/task-cards.spec.ts (17 tests) 13ms
 ✓ packages/conversation-client/test/host-cards.spec.ts (16 tests) 13ms
 ✓ packages/contracts/test/execution.spec.ts (14 tests) 11ms
 ✓ packages/conversation-client/test/input-primitives.spec.ts (7 tests) 12ms
 ✓ packages/voice-adapters/test/voice-capabilities.spec.ts (9 tests) 11ms
 ✓ packages/conversation-client/test/orb.spec.ts (17 tests) 13ms
 ✓ packages/contracts/test/attachments.spec.ts (12 tests) 15ms
 ✓ apps/desktop/test/security.spec.ts (30 tests) 11ms
 ✓ packages/contracts/test/composer-references.spec.ts (18 tests) 13ms
 ✓ apps/runtime/test/model-router.spec.ts (23 tests) 10ms
 ✓ packages/conversation-client/test/memory-groups.spec.ts (6 tests) 8ms
 ✓ apps/runtime/test/terminal-sessions.spec.ts (15 tests | 13 skipped) 8ms
 ✓ packages/conversation-client/test/inbox-notify-decide.spec.ts (22 tests) 10ms
 ✓ packages/conversation-client/test/appearance-actions.spec.ts (10 tests) 11ms
 ✓ packages/conversation-client/test/theme.spec.ts (20 tests) 10ms
 ✓ packages/conversation-client/test/desktop-compact.spec.ts (21 tests) 9ms
 ✓ packages/conversation-client/test/question-card.spec.ts (13 tests) 11ms
 ✓ packages/voice-adapters/test/gemini-tts.spec.ts (11 tests) 9ms
 ✓ apps/runtime/test/background-sessions.spec.ts (8 tests) 8ms
 ✓ packages/widget-catalog/test/search.spec.ts (10 tests) 9ms
 ✓ packages/contracts/test/interactions.spec.ts (23 tests) 9ms
 ✓ apps/runtime/test/session-recap.spec.ts (4 tests) 9ms
 ✓ packages/contracts/test/app-intents-agent-control.spec.ts (11 tests) 10ms
 ✓ packages/conversation-client/test/input-modality.spec.ts (21 tests) 9ms
 ✓ packages/conversation-client/test/card-state-matrix.spec.ts (7 tests) 10ms
 ✓ packages/conversation-client/test/status-cards.spec.ts (6 tests) 10ms
 ✓ packages/conversation-client/test/action-messages.spec.ts (11 tests) 8ms
 ✓ packages/contracts/test/app-intents-widgets.spec.ts (8 tests) 10ms
 ✓ tools/test/tsconfig-coverage.spec.ts (11 tests) 8ms
 ✓ packages/contracts/test/app-intents-appearance.spec.ts (5 tests) 9ms
 ✓ packages/design-tokens/test/contrast-themes.spec.ts (35 tests) 8ms
 ✓ packages/pi-adapter/test/env-file.spec.ts (18 tests) 8ms
 ✓ packages/design-tokens/test/motion.spec.ts (12 tests) 8ms
 ✓ apps/runtime/test/ask-user-question.spec.ts (3 tests) 9ms
 ✓ apps/runtime/test/work-tools.spec.ts (6 tests) 8ms
 ✓ packages/conversation-client/test/widget-library-state.spec.ts (13 tests) 8ms
 ✓ tools/test/setup.spec.ts (12 tests) 11ms
 ✓ packages/conversation-client/test/app-intents-agent-control.spec.ts (15 tests) 7ms
 ✓ packages/core/test/app-intents-widgets.spec.ts (15 tests) 8ms
 ✓ packages/conversation-client/test/orb-theme-default.spec.ts (9 tests) 8ms
 ✓ packages/conversation-client/test/composer.spec.ts (11 tests) 7ms
 ✓ packages/design-tokens/test/contrast.spec.ts (14 tests) 9ms
 ✓ apps/desktop/test/window-mode.spec.ts (14 tests) 7ms
 ✓ packages/capability-host/test/secrets.spec.ts (12 tests) 7ms
 ✓ packages/conversation-client/test/notice-action-surfaces.spec.ts (14 tests) 9ms
 ✓ packages/conversation-client/test/voice-overlay.spec.ts (12 tests) 9ms
 ✓ apps/runtime/test/model-generation.spec.ts (3 tests) 8ms
 ✓ apps/desktop/test/preload-subscriptions.spec.ts (3 tests) 7ms
 ✓ packages/conversation-client/test/terminal-socket.spec.ts (8 tests) 7ms
 ✓ packages/conversation-client/test/app-intents.spec.ts (15 tests) 8ms
 ✓ packages/widget-catalog/test/registry.spec.ts (9 tests) 8ms
 ✓ apps/runtime/test/pdf-text.spec.ts (7 tests) 6ms
 ✓ tools/test/issue-closing-keywords.spec.ts (10 tests) 6ms
 ✓ packages/conversation-client/test/live-reply.spec.ts (5 tests) 6ms
 ✓ packages/conversation-client/test/orb-selection.spec.ts (5 tests) 8ms
 ✓ packages/core/test/control-sessions.spec.ts (11 tests) 6ms
 ✓ packages/conversation-client/test/action-button.spec.ts (5 tests) 7ms
 ✓ packages/conversation-client/test/installed-entries.spec.ts (8 tests) 7ms
 ✓ packages/conversation-client/test/surfaces.spec.ts (5 tests) 7ms
 ✓ apps/runtime/test/terminal-output.spec.ts (7 tests) 5ms
 ✓ packages/conversation-client/test/composer-trigger.spec.ts (11 tests) 8ms
 ✓ packages/conversation-client/test/package-provenance.spec.ts (8 tests) 7ms
 ✓ packages/conversation-client/test/app-intents-appearance.spec.ts (6 tests) 8ms
 ✓ packages/conversation-client/test/settings-rows.spec.ts (7 tests) 6ms
 ✓ packages/design-tokens/test/stylesheet.spec.ts (9 tests) 8ms
 ✓ packages/pi-adapter/test/personal-instructions.spec.ts (12 tests) 6ms
 ✓ packages/core/test/frame-grant.spec.ts (5 tests) 6ms
 ✓ packages/conversation-client/test/artifact-block.spec.ts (6 tests) 8ms
 ✓ packages/widget-catalog/test/preview.spec.ts (9 tests) 5ms
 ✓ packages/conversation-client/test/fill-message.spec.ts (6 tests) 6ms
 ✓ packages/conversation-client/test/wake-word.spec.ts (10 tests) 5ms
 ✓ packages/conversation-client/test/statusline.spec.ts (8 tests) 6ms
 ✓ packages/contracts/test/redaction.spec.ts (5 tests) 5ms
 ✓ packages/conversation-client/test/selection.spec.ts (7 tests) 5ms
 ✓ apps/runtime/test/action-speech.spec.ts (5 tests) 5ms
 ✓ apps/runtime/test/widget-voice-action.spec.ts (10 tests) 7ms
 ✓ packages/core/test/browser-press.spec.ts (6 tests) 6ms
 ✓ packages/core/test/continuation.spec.ts (8 tests) 5ms
 ✓ apps/desktop/test/launch-args.spec.ts (4 tests) 5ms
 ✓ packages/conversation-client/test/desktop-notify-status.spec.ts (3 tests) 4ms
 ✓ packages/conversation-client/test/catalog-coverage.spec.ts (5 tests) 4ms
 ✓ packages/widget-cli/test/dev-shell-convergence.spec.ts (6 tests) 5ms
 ✓ packages/core/test/install-consent.spec.ts (7 tests) 6ms
 ✓ apps/runtime/test/model-catalogue.spec.ts (6 tests) 6ms
 ✓ packages/conversation-client/test/search-select.spec.ts (4 tests) 6ms
 ✓ packages/conversation-client/test/voice-transport.spec.ts (3 tests) 5ms
 ✓ apps/runtime/test/session-search-hosts.spec.ts (6 tests) 5ms
 ✓ packages/conversation-client/test/media-embed.spec.ts (4 tests) 4ms
 ✓ packages/execution-supervisor/test/native-binding.spec.ts (8 tests) 5ms
 ✓ apps/runtime/test/child-env.spec.ts (5 tests) 21ms
 ✓ apps/runtime/test/readiness.spec.ts (3 tests) 4ms
 ✓ apps/runtime/test/voice-live.spec.ts (5 tests) 5ms
 ✓ packages/conversation-client/test/suggestions.spec.ts (4 tests) 4ms
 ✓ packages/conversation-client/test/follow-bottom.spec.ts (5 tests) 4ms
Preparing worktree (new branch 'clarkcant/task-task_earlier')
 ✓ tools/test/invariants-context.spec.ts (3 tests) 3ms
 ✓ packages/conversation-client/test/first-run.spec.ts (3 tests) 4ms
 ✓ apps/runtime/test/voice-answer.spec.ts (2 tests) 4ms
 ✓ apps/runtime/test/portable-runtime.spec.ts (9 tests | 5 skipped) 4ms
 ✓ packages/conversation-client/test/host-card-entries.spec.ts (3 tests) 5ms
 ✓ packages/widget-cli/test/catalog-target.spec.ts (5 tests) 4ms
 ✓ apps/runtime/test/jev-stored-key.spec.ts (4 tests) 4ms
 ✓ packages/conversation-client/test/surface-graph.spec.ts (3 tests) 3ms
 ✓ packages/conversation-client/test/frame-height.spec.ts (3 tests) 3ms
[jev-live] BLOCKED: live provider evidence was not produced. Set CLARKCANT_JEV_LIVE=1 and TYPESAFE_API_KEY to run it.
 ✓ apps/runtime/test/jev-live.spec.ts (4 tests | 3 skipped) 2ms
 ✓ packages/conversation-client/test/keep-mounted-frame.spec.ts (3 tests) 3ms
 ✓ packages/conversation-client/test/recent-effect-text.spec.ts (3 tests) 2ms
 ✓ packages/conversation-client/test/model-switch-shortcut.spec.ts (2 tests) 2ms
 ↓ apps/runtime/test/hybrid-calibration-live.spec.ts (1 test | 1 skipped)
 ✓ packages/conversation-client/test/pin-label.spec.ts (2 tests) 2ms
 ✓ apps/runtime/test/worktree-sweep.spec.ts (6 tests) 31162ms
   ✓ the worktrees a stopped node left behind (6)
     ✓ removes a finished task's clean worktree and keeps its branch with what it committed 3447ms
     ✓ keeps a finished task's worktree holding uncommitted changes, and says where it is once 5585ms
     ✓ leaves the worktree of a task that is still open, and of one this node has never heard of 3470ms
     ✓ tidies each repository's worktree of a finished task, and says once where the kept ones are 12574ms
     ✓ takes a finished task's folder away once every worktree in it is gone 5762ms
     ✓ does nothing on a node that has never made a worktree 323ms
 ✓ packs/browser-playwright/test/submit-once.spec.ts (4 tests) 34232ms
   ✓ a timed-out submit is not sent twice (4)
     ✓ reports the outcome as unknown, not as failed 6509ms
     ✓ refuses to resend the same action, so the submission count stays at one 9174ms
     ✓ allows the action again once the page has been observed 11884ms
     ✓ does not block a different action, because only the unknown one is suspect 6625ms
 ✓ packs/project-work/test/managed-worktree.spec.ts (12 tests) 35699ms
   ✓ a task works in its own worktree, never in the person's tree (6)
     ✓ makes a worktree of HEAD under the node's directory, on a branch named for the task 1894ms
     ✓ leaves what the person has not committed exactly where it is 1007ms
     ✓ reuses the worktree a task already has, keeping what it did 2860ms
     ✓ gives each repository of one task its own worktree, even two that share a folder name 8837ms
     ✓ continues in the worktree a task made before tasks could name several repositories 1389ms
   ✓ taking a finished task's worktree away (2)
     ✓ removes a clean worktree and keeps the branch with what the task committed 2464ms
     ✓ keeps a worktree holding changes nobody committed 2840ms
   ✓ finding what a stopped node left behind (4)
     ✓ names each task's worktree with its repository, branch and whether it holds uncommitted changes 8052ms
     ✓ finds every repository's worktree of a task, and a task's worktree from before 5327ms
     ✓ takes a task's folder away only once nothing is left in it 609ms
     ✓ ignores anything in the folder that is not a worktree git knows about 321ms
 ✓ apps/runtime/test/coding-journey.spec.ts (4 tests) 31102ms
   ✓ a labelled issue becomes a draft pull request (4)
     ✓ fixes, tests, commits, pushes and opens the pull request in the task's own worktree, and says so 9146ms
     ✓ reports a failing test as not done, and pushes nothing 3901ms
     ✓ stops the command it is running when the task is stopped, and says it stopped 8398ms
     ✓ calls a pull request it was stopped in the middle of unknown, and tells the person once 9657ms

 Test Files  374 passed | 1 skipped (375)
      Tests  4954 passed | 34 skipped (4988)
   Start at  19:43:20
   Duration  36.55s (tests 74%, import 19%, transform 7%)

    Isolate  375 workers spawned · ~213ms startup each (spawn + environment, per file)
             at least ~2.74s faster with isolate: false — reuses workers across files instead of one per file

$ playwright test
[WebServer] (node:8724) Warning: The 'NO_COLOR' env is ignored due to the 'FORCE_COLOR' env being set.
[WebServer] (Use `node --trace-warnings ...` to show where the warning was created)
[WebServer] no model configured; the node will answer with scripts and capabilities only
[WebServer] frame grants: fixture lifetime seam loaded (CC_FRAME_GRANT_FIXTURE=1)
[WebServer] project sessions: FIXTURE starter loaded — a session is reported, and no worker is spawned
[WebServer] overview: FIXTURE composer loaded — overview requests are scripted, and no provider is called for them
[WebServer] filesystem search: read-only over C:\, D:\, E:\, G:\ — no index is built; matches are sent to the model provider
[WebServer] views: 25 definition(s) the model may show — canvas.line@1, canvas.bar@1, canvas.donut@1, canvas.table@1, canvas.metrics@1, canvas.filter@1, canvas.image@1, canvas.carousel@1, canvas.gallery@1, canvas.youtube@1, canvas.video@1, canvas.action@1, canvas.form@1, canvas.list@1, canvas.status@1, canvas.progress@1, canvas.details@1, canvas.code@1, canvas.diff@1, canvas.file@1, canvas.area@1, canvas.scatter@1, canvas.calendar@1, canvas.timeline@1, canvas.overview@1
[WebServer] catalog: every family a composed surface needs is drawable
[WebServer] session transcripts: .data\e2e\sessions
[WebServer] selector: disabled (no credential or local-only); composed surfaces use the deterministic path
[WebServer] update check: FIXTURE — no periodic job started, no registry is called
[WebServer] voice: FIXTURE provider loaded — audio and transcripts on /voice are scripted, not model output
[WebServer] clarkcant node "e2e-node" listening on http://127.0.0.1:9286
[WebServer] node id: node_45dac53a75a74dfdb9646086
[WebServer] data dir: .data/e2e
[WebServer] container engine: docker 29.8.0 — the OCI image can be built on this machine
[WebServer] commands require the bearer token stored in the node's identity.json
[WebServer] project index: 1 scanned, 1 kept, 1 removed
[WebServer] (node:35700) Warning: The 'NO_COLOR' env is ignored due to the 'FORCE_COLOR' env being set.
[WebServer] (Use `node --trace-warnings ...` to show where the warning was created)
[WebServer] npm fixture registry listening on http://127.0.0.1:8878
[WebServer] (node:71508) Warning: The 'NO_COLOR' env is ignored due to the 'FORCE_COLOR' env being set.
[WebServer] (Use `node --trace-warnings ...` to show where the warning was created)
[WebServer] $ vite build --outDir dist
[WebServer] (node:39436) Warning: The 'NO_COLOR' env is ignored due to the 'FORCE_COLOR' env being set.
[WebServer] (Use `node --trace-warnings ...` to show where the warning was created)
[WebServer] vite v8.3.0 building client environment for production...
[WebServer] transforming...
[WebServer] ✓ 370 modules transformed.
[WebServer] rendering chunks...
[WebServer] computing gzip size...
[WebServer] dist/assets/plus-jakarta-sans-cyrillic-ext-wght-normal-lLTsRRxN.woff2      1.71 kB
[WebServer] dist/assets/voice-capture-worklet-DsmQparT.js                              1.99 kB
[WebServer] dist/index.html                                                            2.49 kB │ gzip:   1.19 kB
[WebServer] dist/assets/plus-jakarta-sans-vietnamese-wght-normal-qRpaaN48.woff2        8.35 kB
[WebServer] dist/assets/plus-jakarta-sans-latin-ext-wght-normal-DmpS2jIq.woff2        21.72 kB
[WebServer] dist/assets/plus-jakarta-sans-latin-wght-normal-eXO_dkmS.woff2            27.34 kB
[WebServer] dist/assets/main-DjYd3uYR.css                                              1.36 kB │ gzip:   0.51 kB
[WebServer] dist/widget-runtime.js                                                     0.51 kB │ gzip:   0.35 kB │ map:     2.08 kB
[WebServer] dist/assets/rolldown-runtime-hePW80VL.js                                   0.71 kB │ gzip:   0.42 kB
[WebServer] dist/assets/addon-fit-DIOBYJe3.js                                          1.25 kB │ gzip:   0.53 kB │ map:     3.37 kB
[WebServer] dist/assets/src-CIK1j5Ap.js                                              314.41 kB │ gzip:  94.72 kB │ map: 1,728.85 kB
[WebServer] dist/assets/xterm-ScmBfeDI.js                                            331.22 kB │ gzip:  83.07 kB │ map:   675.33 kB
[WebServer] dist/assets/main-Do8RvaPw.js                                           1,443.15 kB │ gzip: 393.70 kB │ map: 4,174.24 kB
[WebServer] 
[WebServer] ✓ built in 456ms
[WebServer] [plugin builtin:vite-reporter] 
[WebServer] (!) Some chunks are larger than 500 kB after minification. Consider:
[WebServer] - Using dynamic import() to code-split the application
[WebServer] - Use build.rolldownOptions.output.codeSplitting to improve chunking: https://rolldown.rs/reference/OutputOptions.codeSplitting
[WebServer] - Adjust chunk size limit for this warning via build.chunkSizeWarningLimit.
[WebServer] (node:80400) Warning: The 'NO_COLOR' env is ignored due to the 'FORCE_COLOR' env being set.
[WebServer] (Use `node --trace-warnings ...` to show where the warning was created)
[WebServer] (node:70256) Warning: The 'NO_COLOR' env is ignored due to the 'FORCE_COLOR' env being set.
[WebServer] (Use `node --trace-warnings ...` to show where the warning was created)
[WebServer]   ➜  Local:   http://127.0.0.1:4683/

Running 331 tests using 1 worker

(node:5248) Warning: The 'NO_COLOR' env is ignored due to the 'FORCE_COLOR' env being set.
(Use `node --trace-warnings ...` to show where the warning was created)
  ok   1 [chromium] › apps\web\e2e\accessibility.spec.ts:52:1 › the main journey can be completed with the keyboard alone (683ms)
  ok   2 [chromium] › apps\web\e2e\accessibility.spec.ts:66:1 › every control is at least the size the tokens set (536ms)
  ok   3 [chromium] › apps\web\e2e\accessibility.spec.ts:84:1 › the live regions are bounded rather than re-reading the conversation (656ms)
  ok   4 [chromium] › apps\web\e2e\accessibility.spec.ts:112:1 › the controls a screen reader lands on have names (568ms)
  ok   5 [chromium] › apps\web\e2e\accessibility.spec.ts:129:1 › a host card offers a text alternative to its visual form (661ms)
[WebServer] services: docker 29.8.0 runs package services on this node
  ok   6 [chromium] › apps\web\e2e\action-widget.spec.ts:116:1 › an agent button starts a turn whose message is exactly its label (751ms)
  ok   7 [chromium] › apps\web\e2e\action-widget.spec.ts:136:1 › a view button pins itself to the conversation (808ms)
  ok   8 [chromium] › apps\web\e2e\action-widget.spec.ts:147:1 › an invoke button calls the package's service and shows what it answered (1.9s)
  ok   9 [chromium] › apps\web\e2e\action-widget.spec.ts:165:1 › a workflow button adds a note through the package's service and reads the list back (710ms)
  ok  10 [chromium] › apps\web\e2e\action-widget.spec.ts:187:1 › an agent button with a context reference gives the model what the host read, not what the frame said (840ms)
  ok  11 [chromium] › apps\web\e2e\action-widget.spec.ts:210:1 › Stop cancels an invoke still waiting on the service, and says whether it took effect is unknown (1.7s)
[WebServer] services: com.example.notes@1.0.0:codegen_muo3jyjt2448acm#com.example.notes.service stopped: mcp server com.example.notes@1.0.0:codegen_muo3jyjt2448acm#com.example.notes.service exited with code 137
  ok  12 [chromium] › apps\web\e2e\action-widget.spec.ts:261:1 › a press the node refuses shows the reason, and an unknown or stale binding is refused (3.5s)
  ok  13 [chromium] › apps\web\e2e\action-widget.spec.ts:303:1 › the buttons read at phone width without horizontal scrolling (2.1s)
  ok  14 [chromium] › apps\web\e2e\activity-timeline.spec.ts:99:1 › the timeline groups entries by its own timezone, walks them from the keyboard, and keeps a selection across a reload (2.4s)
  ok  15 [chromium] › apps\web\e2e\activity-timeline.spec.ts:175:1 › a selection the node refuses is undrawn, the reason is said in the person's language, and the kept one stays (2.0s)
  ok  16 [chromium] › apps\web\e2e\activity-timeline.spec.ts:203:1 › a timeline with a repeated id or a hidden character is refused with the host's reason, and none is drawn (653ms)
  ok  17 [chromium] › apps\web\e2e\activity-timeline.spec.ts:214:1 › the oldest-first timeline pages five entries at a time, and the keyboard stays on the page shown (1.8s)
  ok  18 [chromium] › apps\web\e2e\activity-timeline.spec.ts:241:1 › the timeline adds no motion of its own when motion is reduced (578ms)
  ok  19 [chromium] › apps\web\e2e\activity-timeline.spec.ts:256:1 › the library previews the timeline fixtures through the production renderer, usable without a node (2.7s)
  ok  20 [chromium] › apps\web\e2e\activity-timeline.spec.ts:287:1 › the timeline is usable at phone width with touch, without scrolling sideways, in the light theme (4.5s)
  ok  21 [chromium] › apps\web\e2e\agent-app-control.spec.ts:71:1 › the agent opens Settings on a tab and is told it is done only because the page ran it (3.0s)
  ok  22 [chromium] › apps\web\e2e\agent-app-control.spec.ts:88:1 › a model switch the page could not make is reported to the agent as a failure, with the page's reason (2.6s)
  ok  23 [chromium] › apps\web\e2e\agent-app-control.spec.ts:106:1 › a model switch the page made is reported as done, and the label and note follow it (2.6s)
  ok  24 [chromium] › apps\web\e2e\agent-app-control.spec.ts:119:1 › a command the page cannot carry out says so in a readable notice, inside the page's gutter (2.6s)
  ok  25 [chromium] › apps\web\e2e\agent-app-control.spec.ts:140:1 › the agent opens voice mode and is told so only once the session is listening (2.7s)
  ok  26 [chromium] › apps\web\e2e\agent-app-control.spec.ts:149:1 › the agent returns to the conversation from Settings without leaving it, unlike going home (2.6s)
  ok  27 [chromium] › apps\web\e2e\agent-app-control.spec.ts:174:1 › the agent cycles the model the way the hotkey does, and the label says where it moved (2.6s)
  ok  28 [chromium] › apps\web\e2e\agent-app-control.spec.ts:192:1 › the agent changes the orb's style through the preference Settings writes, and the orb on screen follows (4.5s)
  ok  29 [chromium] › apps\web\e2e\agent-app-control.spec.ts:230:1 › an orb style the agent chooses while Settings is open becomes the selected style there (2.8s)
  ok  30 [chromium] › apps\web\e2e\agent-app-control.spec.ts:260:1 › the voice agent ends voice mode through the same contract, and the page confirms it (3.9s)
[overflow] 298-clark-default-1280-dark: scrollWidth 1280 - clientWidth 1280 = 0
[overflow] 298-clark-default-390-dark: scrollWidth 390 - clientWidth 390 = 0
[overflow] 298-clark-default-1280-light: scrollWidth 1280 - clientWidth 1280 = 0
[overflow] 298-clark-default-390-light: scrollWidth 390 - clientWidth 390 = 0
[overflow] 298-depth-1280-dark: scrollWidth 1280 - clientWidth 1280 = 0
[overflow] 298-depth-390-dark: scrollWidth 390 - clientWidth 390 = 0
[overflow] 298-depth-1280-light: scrollWidth 1280 - clientWidth 1280 = 0
[overflow] 298-depth-390-light: scrollWidth 390 - clientWidth 390 = 0
  ok  31 [chromium] › apps\web\e2e\appearance-depth.spec.ts:165:1 › a recipe-and-effect theme reaches the page, brings its Orb default, and loses the Orb to the person's choice (9.6s)
[overflow] 298-flatline-1280-dark: scrollWidth 1280 - clientWidth 1280 = 0
[overflow] 298-flatline-390-dark: scrollWidth 390 - clientWidth 390 = 0
[overflow] 298-flatline-1280-light: scrollWidth 1280 - clientWidth 1280 = 0
[overflow] 298-flatline-390-light: scrollWidth 390 - clientWidth 390 = 0
  ok  32 [chromium] › apps\web\e2e\appearance-depth.spec.ts:200:1 › a hostile theme cannot hide Stop, the approval card, or a focus ring, and a camouflaged one is refused (8.8s)
  ok  33 [chromium] › apps\web\e2e\appearance-depth.spec.ts:310:1 › a theme's button recipe never reaches the host's answers or Stop (9.8s)
  ok  34 [chromium] › apps\web\e2e\appearance-depth.spec.ts:369:1 › reduced motion stills the theme's motion, its backdrop light and its Orb (641ms)
  ok  35 [chromium] › apps\web\e2e\appearance-depth.spec.ts:393:1 › the person's own Reduced setting stills the theme's motion and backdrop light as the system's does (694ms)
[overflow] 298-typed-depth-390-dark: scrollWidth 390 - clientWidth 390 = 0
[overflow] 298-keyboard-gallery-390-dark: scrollWidth 390 - clientWidth 390 = 0
  ok  36 [chromium] › apps\web\e2e\appearance-depth.spec.ts:423:1 › a typed sentence and the keyboard alone choose a theme through the same write as a click (4.4s)
  ok  37 [chromium] › apps\web\e2e\appearance.spec.ts:46:1 › a theme choice changes the surface, follows the system, and survives a reload (2.2s)
  ok  38 [chromium] › apps\web\e2e\appearance.spec.ts:80:1 › settings is a modal whose tabs each show their own content, and Escape returns focus to the gear (1.4s)
  ok  39 [chromium] › apps\web\e2e\appearance.spec.ts:122:1 › the settings tabs are operable from the keyboard alone (947ms)
  ok  40 [chromium] › apps\web\e2e\appearance.spec.ts:163:1 › the orb is centred on the screen it is drawn over (1.4s)
  ok  41 [chromium] › apps\web\e2e\appearance.spec.ts:193:1 › the header is a gradient rather than a bar above the page (508ms)
  ok  42 [chromium] › apps\web\e2e\appearance.spec.ts:209:1 › the extensions tab tells the node's tools from the agent's (999ms)
  ok  43 [chromium] › apps\web\e2e\appearance.spec.ts:230:1 › the settings panel lists what this node can run, or says plainly that it can run nothing (1.0s)
  ok  44 [chromium] › apps\web\e2e\appearance.spec.ts:265:1 › every key in settings can be taken back again, which is how a provider is logged out of (997ms)
  ok  45 [chromium] › apps\web\e2e\appearance.spec.ts:287:1 › the model in use is what the fields show before anybody types (1.0s)
  ok  46 [chromium] › apps\web\e2e\appearance.spec.ts:320:1 › the extensions tab says which extensions pi loads on this machine (1.0s)
  ok  47 [chromium] › apps\web\e2e\appearance.spec.ts:335:1 › pi's own configuration is in the developer tab, behind a disclosure, as lines rather than as a file (1.9s)
  ok  48 [chromium] › apps\web\e2e\appearance.spec.ts:362:1 › personal instructions can be written, survive a reload, and are never sent as the user's message (3.0s)
  ok  49 [chromium] › apps\web\e2e\appearance.spec.ts:453:1 › the voice picker is drawn from what the provider says it can do (1.1s)
  ok  50 [chromium] › apps\web\e2e\approval.spec.ts:45:1 › a proposed command runs only after the user approves it (776ms)
  ok  51 [chromium] › apps\web\e2e\approval.spec.ts:76:1 › refusing runs nothing and says so (707ms)
  ok  52 [chromium] › apps\web\e2e\artifact-reopen.spec.ts:40:1 › reopening an artifact asks the node what it still holds (764ms)
  ok  53 [chromium] › apps\web\e2e\artifact-viewers.spec.ts:126:1 › code, a diff and a file show what the model wrote, as text, and nothing claims to be live (4.7s)
  ok  54 [chromium] › apps\web\e2e\artifact-viewers.spec.ts:259:1 › a diff whose hunk cannot be numbered is refused with the host's reason, and no card is drawn (588ms)
  ok  55 [chromium] › apps\web\e2e\artifact-viewers.spec.ts:268:1 › a line break inside one line of a diff is refused with the host's reason, and no card is drawn (620ms)
  ok  56 [chromium] › apps\web\e2e\artifact-viewers.spec.ts:294:1 › hidden characters in code and a diff are drawn as markers with a warning, and a line separator counts as a line (7.1s)
  ok  57 [chromium] › apps\web\e2e\artifact-viewers.spec.ts:367:1 › a copy the browser refuses says so in words, and a second try is announced again (1.6s)
  ok  58 [chromium] › apps\web\e2e\artifact-viewers.spec.ts:395:1 › the cards add no motion of their own when motion is reduced (553ms)
  ok  59 [chromium] › apps\web\e2e\artifact-viewers.spec.ts:413:1 › the cards read at phone width; a long line scrolls inside its card, not the page (2.4s)
  ok  60 [chromium] › apps\web\e2e\artifact-viewers.spec.ts:444:1 › the library previews each card through the production renderer (4.1s)
  ok  61 [chromium] › apps\web\e2e\attachments.spec.ts:105:1 › the attach button is enabled and offers a file input (535ms)
  ok  62 [chromium] › apps\web\e2e\attachments.spec.ts:121:1 › two attached files show chips with name, size and state (729ms)
  ok  63 [chromium] › apps\web\e2e\attachments.spec.ts:142:1 › sending stores one attachment block per file in the timeline (728ms)
  ok  64 [chromium] › apps\web\e2e\attachments.spec.ts:163:1 › the agent answers using the content of an attached file (961ms)
  ok  65 [chromium] › apps\web\e2e\attachments.spec.ts:187:1 › the agent answers using the content of an attached pdf (677ms)
  ok  66 [chromium] › apps\web\e2e\attachments.spec.ts:200:1 › the attachments are still in the timeline after a reload (916ms)
  ok  67 [chromium] › apps\web\e2e\attachments.spec.ts:214:1 › the image attachment renders as an image after reload (1.5s)
  ok  68 [chromium] › apps\web\e2e\attachments.spec.ts:235:1 › an oversized file is refused on the chip with a stated reason (2.1s)
  ok  69 [chromium] › apps\web\e2e\attachments.spec.ts:247:1 › a declined type is refused before any request is made (546ms)
  ok  70 [chromium] › apps\web\e2e\attachments.spec.ts:269:1 › a chip can be removed before sending (927ms)
  ok  71 [chromium] › apps\web\e2e\attachments.spec.ts:285:1 › a pasted image becomes a chip (531ms)
  ok  72 [chromium] › apps\web\e2e\attachments.spec.ts:307:1 › a chip whose upload failed is not sent with the message (2.3s)
  ok  73 [chromium] › apps\web\e2e\automation.spec.ts:30:1 › a reminder set up in the conversation is said there, and left in the inbox, when its signal arrives (5.7s)
  ok  74 [chromium] › apps\web\e2e\automation.spec.ts:76:1 › an address in what the node says on its own opens as a link, the way a task's pull request is reported (6.5s)
  ok  75 [chromium] › apps\web\e2e\autonomy.spec.ts:39:1 › a command runs without an approval card under the default policy (811ms)
  ok  76 [chromium] › apps\web\e2e\autonomy.spec.ts:55:1 › the Autonomy control lives in the Control tab, and saving it reaches the node (2.1s)
  ok  77 [chromium] › apps\web\e2e\background-work.spec.ts:44:1 › the background limit chosen in Settings is the one the node admits work under (1.2s)
  ok  78 [chromium] › apps\web\e2e\background-work.spec.ts:63:1 › a running background request is stopped from the process panel and reported as stopped (10.8s)
  ok  79 [chromium] › apps\web\e2e\browser-takeover.spec.ts:41:1 › a takeover changes who may act, and a stop ends the session (2.0s)
  ok  80 [chromium] › apps\web\e2e\browser-task-effect.spec.ts:57:1 › a submit the page never answers is held as unknown, heard in the inbox, and answered by the person once (6.5s)
  ok  81 [chromium] › apps\web\e2e\calendar-views.spec.ts:118:1 › the month view places events by the calendar's timezone, walks days from the keyboard, and keeps a selected event (2.1s)
  ok  82 [chromium] › apps\web\e2e\calendar-views.spec.ts:193:1 › the week view shows all-day and overnight events on each of their days, with now among today's events (1.6s)
  ok  83 [chromium] › apps\web\e2e\calendar-views.spec.ts:268:1 › the agenda lists the month's days with events, marks now, and switches views from the same calendar (2.3s)
  ok  84 [chromium] › apps\web\e2e\calendar-views.spec.ts:303:1 › a page that asks for an event the node no longer holds is told so in the person's language (1.7s)
  ok  85 [chromium] › apps\web\e2e\calendar-views.spec.ts:339:1 › an event written with no offset is at its time in the calendar's timezone, in the browser as on the node (1.8s)
  ok  86 [chromium] › apps\web\e2e\calendar-views.spec.ts:366:1 › a month that does not exist is refused with the host's reason, and no calendar is drawn (609ms)
  ok  87 [chromium] › apps\web\e2e\calendar-views.spec.ts:375:1 › the calendar adds no motion of its own when motion is reduced (571ms)
  ok  88 [chromium] › apps\web\e2e\calendar-views.spec.ts:391:1 › the library previews the week and agenda fixtures through the production renderer, usable without a node (2.5s)
  ok  89 [chromium] › apps\web\e2e\calendar-views.spec.ts:422:1 › the week view is usable at phone width without scrolling sideways, in the light theme (1.7s)
  ok  90 [chromium] › apps\web\e2e\capability-approvals.spec.ts:68:1 › nothing is shown when there is nothing to decide (931ms)
  ok  91 [chromium] › apps\web\e2e\capability-approvals.spec.ts:74:1 › a question is answered with the digest it was shown under, and the outcome takes focus (1.0s)
  ok  92 [chromium] › apps\web\e2e\capability-approvals.spec.ts:98:1 › a refused answer says nothing was granted and keeps the question (1.1s)
  ok  93 [chromium] › apps\web\e2e\composer-draft.spec.ts:37:1 › a sent message leaves the composer empty (610ms)
  ok  94 [chromium] › apps\web\e2e\composer-draft.spec.ts:53:1 › a refused send gives the typed text back (1.6s)
  ok  95 [chromium] › apps\web\e2e\composer-references.spec.ts:65:1 › a skill chosen after a slash with the keyboard is sent, shown and briefed to the turn (869ms)
  ok  96 [chromium] › apps\web\e2e\composer-references.spec.ts:105:1 › a file inside a project is reached by opening folders with Tab and sent with Enter (1.2s)
  ok  97 [chromium] › apps\web\e2e\composer-references.spec.ts:144:1 › Escape closes the picker and leaves the draft as it was (725ms)
  ok  98 [chromium] › apps\web\e2e\composer-references.spec.ts:162:1 › the pointer chooses a row and opens a folder, and removing a chip takes its token out (1.3s)
  ok  99 [chromium] › apps\web\e2e\composer-references.spec.ts:190:1 › a file deleted after it was chosen refuses the send by name and keeps the draft (1.9s)
  ok 100 [chromium] › apps\web\e2e\composer-references.spec.ts:217:1 › an input method's Enter finishes its word instead of choosing a row or sending, and Shift+Enter starts a line (903ms)
  ok 101 [chromium] › apps\web\e2e\composer-references.spec.ts:259:1 › background work is pointed at with an at sign and briefed by what the node holds of it (944ms)
  ok 102 [chromium] › apps\web\e2e\composer-references.spec.ts:301:1 › a package's service is pointed at by its name and offered with its state only (792ms)
  ok 103 [chromium] › apps\web\e2e\composition-graph.spec.ts:64:1 › a choice switches the chart's series and a search narrows the table, and the live surface keeps both (3.3s)
  ok 104 [chromium] › apps\web\e2e\composition-graph.spec.ts:157:1 › the transcript's copy can be explored on the page, and nothing is sent (1.9s)
  ok 105 [chromium] › apps\web\e2e\composition-graph.spec.ts:177:1 › a graph the node cannot check is refused in the conversation, with the reason, and nothing is drawn (642ms)
  ok 106 [chromium] › apps\web\e2e\computer-session.spec.ts:41:1 › a desktop session reports the permission it does not own, and still lets the user take it (1.6s)
  ok 107 [chromium] › apps\web\e2e\conversation-delete.spec.ts:43:3 › policy asks, keeps on decline and deletes once approved at 1280 light (1.3s)
  ok 108 [chromium] › apps\web\e2e\conversation-delete.spec.ts:43:3 › policy asks, keeps on decline and deletes once approved at 1280 dark (1.3s)
  ok 109 [chromium] › apps\web\e2e\conversation-delete.spec.ts:43:3 › policy asks, keeps on decline and deletes once approved at 390 light (1.2s)
  ok 110 [chromium] › apps\web\e2e\conversation-delete.spec.ts:43:3 › policy asks, keeps on decline and deletes once approved at 390 dark (1.3s)
  ok 111 [chromium] › apps\web\e2e\conversation-delete.spec.ts:81:1 › an explicit English request in autonomous mode deletes without adding a confirmation (1.0s)
  ok 112 [chromium] › apps\web\e2e\credentials.spec.ts:51:1 › lists every stored key by name, with connection status, and never shows the value that was typed (1.1s)
  ok 113 [chromium] › apps\web\e2e\credentials.spec.ts:91:1 › replace and remove both work, and removing drops the connected status (2.2s)
  ok 114 [chromium] › apps\web\e2e\credentials.spec.ts:117:1 › Devices & Voice no longer embeds a key form, and points at the Credentials section instead (1.1s)
  ok 115 [chromium] › apps\web\e2e\desktop-window-controls.spec.ts:98:1 › a plain browser draws no window chrome at all (543ms)
  ok 116 [chromium] › apps\web\e2e\desktop-window-controls.spec.ts:103:1 › an older shell keeps its chrome but gets no minimize or full screen button (512ms)
  ok 117 [chromium] › apps\web\e2e\desktop-window-controls.spec.ts:111:1 › full screen and back from the keyboard, showing what the window reported (598ms)
  ok 118 [chromium] › apps\web\e2e\desktop-window-controls.spec.ts:134:1 › a change the OS made on its own is reflected without anybody clicking (543ms)
  ok 119 [chromium] › apps\web\e2e\desktop-window-controls.spec.ts:147:1 › a shell that refuses full screen says so and the button does not pretend (580ms)
  ok 120 [chromium] › apps\web\e2e\desktop-window-controls.spec.ts:165:1 › saying “phóng to toàn màn hình” reaches the same verb as the button (4.4s)
  ok 121 [chromium] › apps\web\e2e\detach.spec.ts:72:1 › the detached composition draws the host revision and follows a checked appearance relay in place (342ms)
  ok 122 [chromium] › apps\web\e2e\detach.spec.ts:102:1 › the detached window draws the instance the host handed over, and asks it to hand back (313ms)
  ok 123 [chromium] › apps\web\e2e\detach.spec.ts:118:1 › a window that was handed nothing says so instead of showing an empty frame (279ms)
  ok 124 [chromium] › apps\web\e2e\detach.spec.ts:131:1 › a token in the address bar buys the detached window no conversation (279ms)
  ok 125 [chromium] › apps\web\e2e\diff-keyboard.spec.ts:57:1 › a diff is reachable and visibly focused using only the keyboard (1.6s)
  ok 126 [chromium] › apps\web\e2e\inbox-copy-details.spec.ts:122:1 › Copy details puts the notice's own fields on the clipboard, hidden characters as markers, and says so where focus stays (5.2s)
  ok 127 [chromium] › apps\web\e2e\inbox-copy-details.spec.ts:175:1 › a clipboard the browser refuses is said in words, the inbox stays open, and only the latest press is said (6.1s)
  ok 128 [chromium] › apps\web\e2e\inbox-notifications.spec.ts:137:1 › disabling a group silences its notification, the other group's still shows, and neither carries a secret (6.1s)
  ok 129 [chromium] › apps\web\e2e\inbox-notifications.spec.ts:201:1 › a notification for a waiting item never carries its command or a secret-shaped token (6.2s)
  ok 130 [chromium] › apps\web\e2e\inbox-notifications.spec.ts:274:1 › no notification appears while the window is focused, since the in-app mark already covers it (13.1s)
  ok 131 [chromium] › apps\web\e2e\inbox-notifications.spec.ts:312:1 › a desktop notification the OS refused is reported beside the OS toggle, and clears once the OS accepts one again (10.7s)
  ok 132 [chromium] › apps\web\e2e\inbox-notifications.spec.ts:392:1 › clicking a desktop notification opens the inbox on the item it was about, and says so once that item is gone (6.3s)
  ok 133 [chromium] › apps\web\e2e\inbox.spec.ts:81:1 › a pending approval raises the mark, and denying it from the inbox answers in its conversation (1.7s)
  ok 134 [chromium] › apps\web\e2e\inbox.spec.ts:122:1 › approving from the inbox runs the command in its conversation (1.8s)
  ok 135 [chromium] › apps\web\e2e\inbox.spec.ts:142:1 › a typed command opens the same inbox, and Escape hands focus back (833ms)
  ok 136 [chromium] › apps\web\e2e\inbox.spec.ts:174:1 › the inbox fits a narrow window and works with reduced motion (735ms)
  ok 137 [chromium] › apps\web\e2e\inbox.spec.ts:204:1 › background work that finishes leaves a notice, and the notice leads back to its conversation (6.5s)
  ok 138 [chromium] › apps\web\e2e\inbox.spec.ts:295:1 › a notice can be marked unread, dismissed and brought back, added to a message and asked about (4.1s)
  ok 139 [chromium] › apps\web\e2e\inbox.spec.ts:386:1 › a snoozed notice leaves the inbox and the count, and comes back unread when its time passes (18.5s)
  ok 140 [chromium] › apps\web\e2e\inbox.spec.ts:438:1 › quieting a kind of notice keeps later ones out of the count, and notifying again is one press away (7.4s)
  ok 141 [chromium] › apps\web\e2e\inbox.spec.ts:496:1 › asking Clark about the latest notice, typed, sends the newest notice as a reference (2.6s)
  ok 142 [chromium] › apps\web\e2e\inbox.spec.ts:512:1 › an approval from another conversation is decided from the inbox without leaving the one on screen (2.7s)
  ok 143 [chromium] › apps\web\e2e\inbox.spec.ts:578:1 › answering an unknown outcome from the inbox resolves its notice and tells the conversation (920ms)
  ok 144 [chromium] › apps\web\e2e\inbox.spec.ts:621:1 › saying it did not take effect, typed, opens the inbox on the answer instead of recording it unasked (1.3s)
  ok 145 [chromium] › apps\web\e2e\inbox.spec.ts:669:1 › dismissing the latest notification, typed, is done by the node on the notice it names, and says so (3.2s)
  ok 146 [chromium] › apps\web\e2e\inbox.spec.ts:744:1 › the Undo under a dismissal's reply says quietly when its five minutes have passed (2.5s)
  ok 147 [chromium] › apps\web\e2e\inbox.spec.ts:763:1 › undoing a dismissal, said in words, brings back the notice most recently dismissed (2.6s)
  ok 148 [chromium] › apps\web\e2e\inbox.spec.ts:782:1 › background work that failed is run again from its notice, and the new run reports for itself (4.5s)
  ok 149 [chromium] › apps\web\e2e\inbox.spec.ts:813:1 › a question nobody answered in time is asked again from its notice (1.1s)
  ok 150 [chromium] › apps\web\e2e\inbox.spec.ts:858:1 › an update notice updates through the install route, opens Settings to review, and skips a version undoably (2.2s)
  ok 151 [chromium] › apps\web\e2e\input-primitives.spec.ts:89:1 › a form shows what is wrong where it is, then sends what was filled in to Clark (2.0s)
  ok 152 [chromium] › apps\web\e2e\input-primitives.spec.ts:188:1 › a form asking for a secret is refused before it is drawn (606ms)
  ok 153 [chromium] › apps\web\e2e\input-primitives.spec.ts:199:1 › a list pages, picks by id, and sends the item a person pressed (2.2s)
  ok 154 [chromium] › apps\web\e2e\input-primitives.spec.ts:263:1 › a search box in a composed surface narrows the table beside it, and nothing is sent (1.6s)
  ok 155 [chromium] › apps\web\e2e\input-primitives.spec.ts:317:1 › a form and a list read at phone width, and a finger can use them (1.6s)
  ok 156 [chromium] › apps\web\e2e\install-approval.spec.ts:106:1 › Deny leaves what is installed as it was (2.8s)
  ok 157 [chromium] › apps\web\e2e\install-approval.spec.ts:119:1 › Approve installs exactly the version that was asked about (2.8s)
  ok 158 [chromium] › apps\web\e2e\installed-packages.spec.ts:41:1 › the installed list says it is empty rather than showing a placeholder (1.0s)
  ok 159 [chromium] › apps\web\e2e\installed-packages.spec.ts:85:1 › the lane is carried on the row, so two very different trust levels cannot read the same (945ms)
  ok 160 [chromium] › apps\web\e2e\interaction-state.spec.ts:52:1 › the shell publishes window mode, policy mode and input modality as root attributes (526ms)
  ok 161 [chromium] › apps\web\e2e\interaction-state.spec.ts:62:1 › data-input-modality follows the keyboard, not a component's own guess (564ms)
  ok 162 [chromium] › apps\web\e2e\interaction-state.spec.ts:78:1 › data-policy-mode follows a saved change to the execution policy (2.1s)
  ok 163 [chromium] › apps\web\e2e\interaction-state.spec.ts:120:1 › Tab produces a visible, non-accent focus ring on the settings gear (577ms)
  ok 164 [chromium] › apps\web\e2e\interaction-state.spec.ts:144:1 › reduced motion collapses every animation's duration, none left spinning at zero forever (595ms)
  ok 165 [chromium] › apps\web\e2e\interactions.spec.ts:38:1 › a question is asked, answered, and the answer opens the next turn (1.6s)
  ok 166 [chromium] › apps\web\e2e\j1.spec.ts:78:1 › the client loads, reports a real connection, and asks what to do (590ms)
  ok 167 [chromium] › apps\web\e2e\j1.spec.ts:98:1 › a suggestion produces a labelled sample with a real widget (1.6s)
  ok 168 [chromium] › apps\web\e2e\j1.spec.ts:118:1 › typing a message works, and the answer comes back from the node (765ms)
  ok 169 [chromium] › apps\web\e2e\j1.spec.ts:134:1 › pinning and unpinning keeps the widget data (2.5s)
  ok 170 [chromium] › apps\web\e2e\j1.spec.ts:153:1 › reopening the app resumes the same conversation (1.8s)
  ok 171 [chromium] › apps\web\e2e\j1.spec.ts:164:1 › the composer is keyboard operable end to end (2.9s)
  ok 172 [chromium] › apps\web\e2e\j1.spec.ts:184:1 › the bearer token is never written into the page (1.5s)
  ok 173 [chromium] › apps\web\e2e\j1.spec.ts:194:1 › an unauthenticated client is told what it needs instead of failing silently (283ms)
  ok 174 [chromium] › apps\web\e2e\j1.spec.ts:200:1 › a highlighted passage can be attached to the next prompt (752ms)
  ok 175 [chromium] › apps\web\e2e\j1.spec.ts:226:1 › the header says nothing about background work when there is none (535ms)
  ok 176 [chromium] › apps\web\e2e\j1.spec.ts:233:1 › a selected passage can be sent to a background session (6.2s)
  ok 177 [chromium] › apps\web\e2e\language-settings-en.spec.ts:100:1 › every Settings tab renders with no leftover Vietnamese chrome once English is chosen (2.3s)
  ok 178 [chromium] › apps\web\e2e\language-shell-en.spec.ts:66:1 › the hero empty state, header and an attachment failure read in English once the language is switched (1.1s)
  ok 179 [chromium] › apps\web\e2e\language-shell-en.spec.ts:105:1 › the voice overlay's dialog chrome reads in English once the language is switched (1.3s)
  ok 180 [chromium] › apps\web\e2e\language-switch.spec.ts:58:1 › choosing English changes the composer, a voice control, and the marketplace heading (3.3s)
  ok 181 [chromium] › apps\web\e2e\language-timeline-en.spec.ts:63:1 › switching to English translates an approval card and a tool call's chrome (1.2s)
  ok 182 [chromium] › apps\web\e2e\language.spec.ts:44:1 › switching the UI language changes visible labels, sets <html lang>, and survives a reload (1.9s)
  ok 183 [chromium] › apps\web\e2e\layout-tree.spec.ts:59:1 › a grid of two tiles and a card is drawn as the tree says, and again from history after a reload (3.2s)
  ok 184 [chromium] › apps\web\e2e\layout-tree.spec.ts:103:1 › tabs follow the keyboard, a collapsible opens, and a split stacks when narrow (2.2s)
  ok 185 [chromium] › apps\web\e2e\layout-tree.spec.ts:167:1 › a tree the node cannot honour is refused in the conversation, with the reason, and nothing is drawn (667ms)
  ok 186 [chromium] › apps\web\e2e\marketplace-search.spec.ts:42:1 › a search result names its directory, its source and its risk lane (622ms)
  ok 187 [chromium] › apps\web\e2e\marketplace-search.spec.ts:61:1 › every install control belongs to the row it acts on (610ms)
  ok 188 [chromium] › apps\web\e2e\memory.spec.ts:57:1 › a node that has remembered nothing says so (1.1s)
  ok 189 [chromium] › apps\web\e2e\memory.spec.ts:76:1 › a remembered thing shows its source and its kind (1.2s)
  ok 190 [chromium] › apps\web\e2e\memory.spec.ts:95:1 › deleting a remembered thing removes it rather than hiding it (1.7s)
  ok 191 [chromium] › apps\web\e2e\mini-app.spec.ts:97:1 › renders a composed overview whose figures come from the node's own records (3.5s)
  ok 192 [chromium] › apps\web\e2e\mini-app.spec.ts:182:1 › the live view changes while the transcript keeps what it showed (3.3s)
  ok 193 [chromium] › apps\web\e2e\mini-app.spec.ts:218:1 › the expanded view is operable and dismissible from the keyboard alone (1.0s)
  ok 194 [chromium] › apps\web\e2e\mini-app.spec.ts:270:1 › a second surface is refused the live view and says so instead of taking over (1.8s)
  ok 195 [chromium] › apps\web\e2e\mini-app.spec.ts:311:1 › a pinned surface mounts near the viewport and suspends when it leaves (2.9s)
  ok 196 [chromium] › apps\web\e2e\model-pool.spec.ts:37:1 › the hotkey moves to the next profile and the label follows (1.1s)
  ok 197 [chromium] › apps\web\e2e\onboarding.spec.ts:55:1 › the empty state offers four chips and says which need a model (602ms)
  ok 198 [chromium] › apps\web\e2e\onboarding.spec.ts:74:1 › a chip sends a real message and the empty state goes away (2.3s)
  ok 199 [chromium] › apps\web\e2e\onboarding.spec.ts:94:3 › the first run › shows the name, the tagline and one way in, and does not come back (1.7s)
  ok 200 [chromium] › apps\web\e2e\onboarding.spec.ts:130:3 › the first run on a node that has been told nothing › asks for nothing it does not need, and offers setup where the answer is used (2.4s)
  ok 201 [chromium] › apps\web\e2e\onboarding.spec.ts:159:3 › the first run on a node that has been told nothing › a reload after the first run does not ask again (1.7s)
  ok 202 [chromium] › apps\web\e2e\onboarding.spec.ts:187:3 › the first run carries the orb › the first run carries the same orb, drawn into the space it reserves (1.3s)
  ok 203 [chromium] › apps\web\e2e\onboarding.spec.ts:222:3 › the first run is not covered by its own orb › what is on top at the point somebody aims at is the control, not the orb (344ms)
  ok 204 [chromium] › apps\web\e2e\orb.spec.ts:117:1 › the shipped orb is what an unpersonalized node draws (570ms)
  ok 205 [chromium] › apps\web\e2e\orb.spec.ts:129:1 › a stored profile reaches the renderer and survives a reload (1.2s)
  ok 206 [chromium] › apps\web\e2e\orb.spec.ts:160:1 › the node refuses a profile value outside the declared bounds, and the orb keeps drawing (847ms)
  ok 207 [chromium] › apps\web\e2e\orb.spec.ts:179:1 › typing does not rebuild the orb (911ms)
  ok 208 [chromium] › apps\web\e2e\orb.spec.ts:195:1 › reduced motion wins over a profile that asks for motion (592ms)
  ok 209 [chromium] › apps\web\e2e\orb.spec.ts:253:1 › a style chosen in Settings changes the orb at once, keeps its colours in the preview, and survives a reload (3.4s)
  ok 210 [chromium] › apps\web\e2e\orb.spec.ts:385:1 › on the light theme every style's interior shows through the glass, and the styles look different (4.5s)
  ok 211 [chromium] › apps\web\e2e\orb.spec.ts:427:1 › the styles are chosen from the keyboard alone, with a visible focus ring (899ms)
  ok 212 [chromium] › apps\web\e2e\orb.spec.ts:448:3 › on a phone › the styles fit a 390px screen and answer a tap (1.9s)
  ok 213 [chromium] › apps\web\e2e\orb.spec.ts:490:1 › reduced motion stills every style, and the preview says so (3.8s)
  ok 214 [chromium] › apps\web\e2e\orb.spec.ts:524:1 › without WebGL the orb stays visible in its style's colours, and Settings says why it is still (1.2s)
  ok 215 [chromium] › apps\web\e2e\orb.spec.ts:562:1 › the shell publishes how the user is interacting and what the agent is doing (611ms)
  ok 216 [chromium] › apps\web\e2e\orb.spec.ts:579:1 › the agent state follows a real turn (654ms)
  -  217 [chromium] › apps\web\e2e\orb.spec.ts:610:1 › the orb is not rebuilt while the pointer moves across it
  ok 218 [chromium] › apps\web\e2e\package-install.spec.ts:42:1 › a listing can be installed, and says so (690ms)
  ok 219 [chromium] › apps\web\e2e\package-install.spec.ts:53:1 › a package the directory does not list is refused by name, in place (677ms)
  ok 220 [chromium] › apps\web\e2e\package-install.spec.ts:73:3 › a result's source, risk lane and digest read apart at 1280 px, dark (1.7s)
  ok 221 [chromium] › apps\web\e2e\package-install.spec.ts:73:3 › a result's source, risk lane and digest read apart at 390 px, light (1.6s)
  ok 222 [chromium] › apps\web\e2e\package-install.spec.ts:73:3 › a result's source, risk lane and digest read apart at 390 px, dark (1.6s)
  ok 223 [chromium] › apps\web\e2e\package-install.spec.ts:101:1 › only the listing that was pressed reports an outcome (668ms)
  ok 224 [chromium] › apps\web\e2e\package-lifecycle.spec.ts:39:1 › an uninstalled package keeps a restore control, and restoring brings it back (1.2s)
  ok 225 [chromium] › apps\web\e2e\package-lifecycle.spec.ts:77:1 › a package that is not installed is refused by name (5ms)
  ok 226 [chromium] › apps\web\e2e\question-voice.spec.ts:57:1 › an answer spoken out loud lands in the transcript exactly where a pressed one does (3.0s)
  ok 227 [chromium] › apps\web\e2e\question.spec.ts:38:1 › an answer becomes the user's own message, and the card stops asking (768ms)
  ok 228 [chromium] › apps\web\e2e\question.spec.ts:73:1 › a form's draft survives a rerender, and submitting sends the answers as a message (1.8s)
  ok 229 [chromium] › apps\web\e2e\reasoning-writing.spec.ts:143:1 › the reasoning block says it is still being written, and stops when the writing stops (707ms)
  ok 230 [chromium] › apps\web\e2e\reasoning-writing.spec.ts:179:1 › a reasoning block the node recorded never claims to be still being written (673ms)
  ok 231 [chromium] › apps\web\e2e\restart-session.spec.ts:62:1 › the logo returns to the start screen, and the fresh start survives a reload (2.7s)
  ok 232 [chromium] › apps\web\e2e\restart-session.spec.ts:85:1 › the next message opens a new conversation rather than continuing the old one (3.3s)
  ok 233 [chromium] › apps\web\e2e\secret-input.spec.ts:39:1 › a secret typed into the card is stored, and is nowhere afterwards (766ms)
  ok 234 [chromium] › apps\web\e2e\secrets.spec.ts:42:1 › a secret typed into the card is stored, and is nowhere afterwards (1.7s)
  ok 235 [chromium] › apps\web\e2e\service-facet.spec.ts:93:1 › the widget's button calls the package's service and shows what it answered (1.0s)
  ok 236 [chromium] › apps\web\e2e\service-facet.spec.ts:110:1 › the agent calls the same capability, and the widget reads back what it added (1.0s)
  ok 237 [chromium] › apps\web\e2e\service-facet.spec.ts:126:1 › a spoken command runs the widget's action through the same host path (3.7s)
[WebServer] services: com.example.notes@1.0.0:codegen_muo3jyjt2448acm#com.example.notes.service stopped: mcp server com.example.notes@1.0.0:codegen_muo3jyjt2448acm#com.example.notes.service exited with code 137
  ok 238 [chromium] › apps\web\e2e\service-facet.spec.ts:145:1 › a killed service shows as unavailable with its reason, the frame stays usable, and it comes back (6.2s)
  ok 239 [chromium] › apps\web\e2e\status-cards.spec.ts:197:1 › a status, a progress and a details card say what the model wrote, and nothing claims to be live (4.8s)
  ok 240 [chromium] › apps\web\e2e\status-cards.spec.ts:285:1 › a progress value above its maximum is refused with the host's reason, and no card is drawn (644ms)
  ok 241 [chromium] › apps\web\e2e\status-cards.spec.ts:294:1 › the cards add no motion of their own when motion is reduced (638ms)
  ok 242 [chromium] › apps\web\e2e\status-cards.spec.ts:308:1 › the cards read at phone width without scrolling sideways (2.5s)
  ok 243 [chromium] › apps\web\e2e\status-cards.spec.ts:336:1 › the library previews each card through the production renderer (4.2s)
  ok 244 [chromium] › apps\web\e2e\status-cards.spec.ts:393:1 › a details card as a tile of a grid asked for three columns keeps each label beside or above its own value (2.6s)
  ok 245 [chromium] › apps\web\e2e\status-cards.spec.ts:444:1 › the grid of cards reads at phone width, each fact's value under its label (1.6s)
  ok 246 [chromium] › apps\web\e2e\status-cards.spec.ts:468:1 › a status card an older node stored with a line break in its label says it cannot be read, and draws no forged line (611ms)
  ok 247 [chromium] › apps\web\e2e\suggestions.spec.ts:53:1 › a chip drawn from the node's own records says where it came from (544ms)
  ok 248 [chromium] › apps\web\e2e\suggestions.spec.ts:64:1 › pressing a suggestion sends the sentence it showed (1.5s)
  ok 249 [chromium] › apps\web\e2e\suggestions.spec.ts:88:1 › with two sessions behind it, the offer is the one touched last (565ms)
  ok 250 [chromium] › apps\web\e2e\table-contract.spec.ts:68:1 › a table sorts, pages, searches, selects and exports a CSV with its formulas defused (1.4s)
  ok 251 [chromium] › apps\web\e2e\table-contract.spec.ts:158:1 › the table stays usable on a phone-sized screen (2.8s)
  ok 252 [chromium] › apps\web\e2e\task-stop.spec.ts:42:1 › pressing Stop changes the task's state on the node, and says which of the two things happened (1.0s)
  ok 253 [chromium] › apps\web\e2e\terminal.spec.ts:46:1 › a command typed into the terminal runs, and its result goes back to the conversation (3.8s)
  ok 254 [chromium] › apps\web\e2e\terminal.spec.ts:73:1 › the keyboard can leave the terminal, and the process panel closes back to its button (1.8s)
  ok 255 [chromium] › apps\web\e2e\terminal.spec.ts:98:1 › closing the terminal says the shell ended instead of leaving a dead prompt that looks live (1.8s)
  ok 256 [chromium] › apps\web\e2e\terminal.spec.ts:107:1 › the card fits a narrow window without scrolling the page sideways (641ms)
  ok 257 [chromium] › apps\web\e2e\terminal.spec.ts:118:1 › a terminal asked for a conversation that does not exist is never opened (20ms)
  ok 258 [chromium] › apps\web\e2e\theme-authoring.spec.ts:11:5 › a theme author previews production components and reloads data in place at 1280 dark (2.0s)
  ok 259 [chromium] › apps\web\e2e\theme-authoring.spec.ts:11:5 › a theme author previews production components and reloads data in place at 1280 light (1.8s)
  ok 260 [chromium] › apps\web\e2e\theme-authoring.spec.ts:11:5 › a theme author previews production components and reloads data in place at 390 dark (1.6s)
  ok 261 [chromium] › apps\web\e2e\theme-authoring.spec.ts:11:5 › a theme author previews production components and reloads data in place at 390 light (1.8s)
  ok 262 [chromium] › apps\web\e2e\theme-gallery.spec.ts:13:3 › theme gallery previews without writes, customizes and resets in place at 1280 dark (3.3s)
  ok 263 [chromium] › apps\web\e2e\theme-gallery.spec.ts:13:3 › theme gallery previews without writes, customizes and resets in place at 1280 light (3.4s)
  ok 264 [chromium] › apps\web\e2e\theme-gallery.spec.ts:13:3 › theme gallery previews without writes, customizes and resets in place at 390 dark (3.3s)
  ok 265 [chromium] › apps\web\e2e\theme-gallery.spec.ts:13:3 › theme gallery previews without writes, customizes and resets in place at 390 light (3.2s)
[overflow] theme-picker-1280-dark: scrollWidth 1280 - clientWidth 1280 = 0
[overflow] theme-picker-1280-light: scrollWidth 1280 - clientWidth 1280 = 0
[overflow] theme-picker-390-dark: scrollWidth 390 - clientWidth 390 = 0
[overflow] theme-picker-390-dark-details: scrollWidth 390 - clientWidth 390 = 0
[overflow] theme-picker-1280-fallback: scrollWidth 1280 - clientWidth 1280 = 0
[overflow] theme-fallback-low-contrast-1280-dark: scrollWidth 1280 - clientWidth 1280 = 0
[overflow] theme-fallback-low-contrast-1280-light: scrollWidth 1280 - clientWidth 1280 = 0
[overflow] theme-fallback-low-contrast-390-dark: scrollWidth 390 - clientWidth 390 = 0
  ok 266 [chromium] › apps\web\e2e\themes.spec.ts:83:1 › a package theme restyles the window in place, falls back when removed or unreadable, and returns when restored (16.4s)
  ok 267 [chromium] › apps\web\e2e\turn-stop.spec.ts:70:1 › pressing Stop ends the reply, keeps what it wrote with a stopped label, and nothing more arrives (2.5s)
  ok 268 [chromium] › apps\web\e2e\turn-stop.spec.ts:78:1 › Escape in the composer stops the reply the same way (2.5s)
  ok 269 [chromium] › apps\web\e2e\turn-stop.spec.ts:84:1 › typing "dừng lại" while the reply is being written stops it, and the sentence is not left in the composer (2.5s)
  ok 270 [chromium] › apps\web\e2e\turn-stop.spec.ts:95:1 › an ordinary sentence typed while the reply is being written stays in the composer and does not stop it (1.6s)
  ok 271 [chromium] › apps\web\e2e\voice-agent-control.spec.ts:90:1 › the header's home button and a typed control_app decision land on the same start screen (2.6s)
  ok 272 [chromium] › apps\web\e2e\voice-agent-control.spec.ts:112:1 › a spoken sentence the registry does not match reaches control_app, with the same read-back the typed route gets (3.8s)
  ok 273 [chromium] › apps\web\e2e\voice-bar.spec.ts:46:1 › the compact surface is the whole window when the client is asked for it (644ms)
  ok 274 [chromium] › apps\web\e2e\voice-bar.spec.ts:64:1 › the session survives both directions of the change (696ms)
  ok 275 [chromium] › apps\web\e2e\voice-control.spec.ts:94:1 › a spoken command and the same click open Settings in the same state (4.1s)
  ok 276 [chromium] › apps\web\e2e\voice-control.spec.ts:124:1 › a spoken tab change lands on the tab that was named (3.6s)
  ok 277 [chromium] › apps\web\e2e\voice-control.spec.ts:141:1 › a spoken quit asks instead of closing anything (3.9s)
  ok 278 [chromium] › apps\web\e2e\voice-control.spec.ts:158:1 › a command the registry does not know is refused and changes nothing (3.9s)
  ok 279 [chromium] › apps\web\e2e\voice-control.spec.ts:180:1 › a spoken end closes the voice session (3.9s)
  ok 280 [chromium] › apps\web\e2e\voice-control.spec.ts:191:1 › a spoken home returns to the start screen (3.8s)
  ok 281 [chromium] › apps\web\e2e\voice-control.spec.ts:208:1 › a spoken attach opens the file picker (3.6s)
  ok 282 [chromium] › apps\web\e2e\voice-control.spec.ts:223:1 › a spoken window command is refused here rather than reported as done (3.9s)
  ok 283 [chromium] › apps\web\e2e\voice-control.spec.ts:234:1 › the fixture route is not there unless a scripted provider is loaded (537ms)
  -  284 [chromium] › apps\web\e2e\voice-live-provider.spec.ts:137:1 › a spoken settings-open command reaches control_app and lands on the same panel as a click
  -  285 [chromium] › apps\web\e2e\voice-live-provider.spec.ts:183:1 › a spoken home-navigation command reaches control_app
  ok 286 [chromium] › apps\web\e2e\voice-widget-action.spec.ts:90:1 › a spoken action the widget does not offer changes nothing (5.4s)
  ok 287 [chromium] › apps\web\e2e\voice-widget-action.spec.ts:120:1 › a spoken action and the same click reach the same state (5.3s)
  ok 288 [chromium] › apps\web\e2e\voice.spec.ts:76:1 › a session opened before any conversation exists still gets an answer (2.1s)
  ok 289 [chromium] › apps\web\e2e\voice.spec.ts:103:1 › a microphone session carries audio both ways and records the transcript (4.8s)
  ok 290 [chromium] › apps\web\e2e\widget-appearance.spec.ts:24:3 › an isolated widget follows appearance in place at 1280 dark (2.7s)
  ok 291 [chromium] › apps\web\e2e\widget-appearance.spec.ts:24:3 › an isolated widget follows appearance in place at 1280 light (2.8s)
  ok 292 [chromium] › apps\web\e2e\widget-appearance.spec.ts:24:3 › an isolated widget follows appearance in place at 390 dark (3.8s)
  ok 293 [chromium] › apps\web\e2e\widget-appearance.spec.ts:24:3 › an isolated widget follows appearance in place at 390 light (3.9s)
  ok 294 [chromium] › apps\web\e2e\widget-artifacts.spec.ts:93:1 › a widget picks through host chrome, reads in chunks, and saves and attaches a copy it wrote (13.2s)
  ok 295 [chromium] › apps\web\e2e\widget-artifacts.spec.ts:212:1 › the widget's file comes back as a card the person can open and save, in both themes and on a phone (4.5s)
  ok 296 [chromium] › apps\web\e2e\widget-artifacts.spec.ts:269:1 › the host's file questions fit a phone and both themes (4.9s)
  ok 297 [chromium] › apps\web\e2e\widget-frame-grant.spec.ts:158:1 › a frame reloaded after its URL lapsed reads a fresh URL once and runs again, with its state (12.3s)
  ok 298 [chromium] › apps\web\e2e\widget-frame-grant.spec.ts:210:1 › a lapsed frame URL fetched on its own is refused, with no bearer token to fall back on (7.0s)
  ok 299 [chromium] › apps\web\e2e\widget-frame-grant.spec.ts:224:1 › when the one re-read fails too, the failure is shown once with a way to try again, and nothing loops (18.3s)
  ok 300 [chromium] › apps\web\e2e\widget-frame.spec.ts:51:1 › a widget package runs in a sandboxed frame, and its code is the package's (911ms)
  ok 301 [chromium] › apps\web\e2e\widget-frame.spec.ts:66:1 › the frame is sandboxed with scripts and without a shared origin (876ms)
  ok 302 [chromium] › apps\web\e2e\widget-frame.spec.ts:73:1 › an action the widget invokes reaches the host and comes back (915ms)
  ok 303 [chromium] › apps\web\e2e\widget-frame.spec.ts:94:1 › one frame load hands the widget exactly one init and gets exactly one ready back (1.9s)
  ok 304 [chromium] › apps\web\e2e\widget-frame.spec.ts:134:1 › an action binding the host never accepted is refused, and nothing is performed (908ms)
  ok 305 [chromium] › apps\web\e2e\widget-frame.spec.ts:155:1 › the widget document is served under a policy that only this app may frame and nothing may widen (824ms)
  ok 306 [chromium] › apps\web\e2e\widget-frame.spec.ts:170:1 › state the widget saves is stored by the node and is there when the frame is opened again (2.2s)
  ok 307 [chromium] › apps\web\e2e\widget-library.spec.ts:62:1 › the library opens from Extensions and the conversation stays mounted (1.2s)
  ok 308 [chromium] › apps\web\e2e\widget-library.spec.ts:83:1 › the terminal is listed as a host card, described and never opened from the library (1.3s)
  ok 309 [chromium] › apps\web\e2e\widget-library.spec.ts:104:1 › every catalog card previews through the production renderer (6.3s)
  ok 310 [chromium] › apps\web\e2e\widget-library.spec.ts:135:1 › a click anywhere on a card opens it, even on a control drawn inside its preview (2.3s)
  ok 311 [chromium] › apps\web\e2e\widget-library.spec.ts:160:1 › a data-backed widget renders instead of reporting its dataset unavailable (1.5s)
  ok 312 [chromium] › apps\web\e2e\widget-library.spec.ts:174:1 › browsing the catalog does not fetch third-party media (1.5s)
  ok 313 [chromium] › apps\web\e2e\widget-library.spec.ts:194:1 › the Lab shows developer controls that actually change the preview (1.9s)
  ok 314 [chromium] › apps\web\e2e\widget-library.spec.ts:258:1 › Escape closes the library and focus returns to the control that opened it (1.2s)
  ok 315 [chromium] › apps\web\e2e\widget-library.spec.ts:278:1 › a typed command opens the same library surface (847ms)
  ok 316 [chromium] › apps\web\e2e\widget-library.spec.ts:290:1 › installed packages are reported as provenance, never as catalog cards (1.3s)
  ok 317 [chromium] › apps\web\e2e\widget-library.spec.ts:319:1 › an installed package's widget becomes a card, rendered by the catalog (1.5s)
  ok 318 [chromium] › apps\web\e2e\widget-semantic.spec.ts:89:1 › a pick on a live surface reaches the next turn as a note, then as a delta, and not at all when nothing changed (4.4s)
  ok 319 [chromium] › apps\web\e2e\widget-semantic.spec.ts:132:1 › a frame's own words about what it shows reach the next turn, cleaned and marked as its own (1.3s)
  ok 320 [chromium] › apps\web\e2e\widget.spec.ts:104:1 › a scripted table recipe renders a real widget inside the conversation (1.7s)
  ok 321 [chromium] › apps\web\e2e\widget.spec.ts:128:1 › a widget the client cannot render shows its text alternative instead of nothing (977ms)
  ok 322 [chromium] › apps\web\e2e\widget.spec.ts:194:1 › a gallery widget draws pictures the node actually holds (833ms)
  ok 323 [chromium] › apps\web\e2e\widget.spec.ts:232:1 › a youtube widget embeds the video the host named, and nothing else (858ms)
  ok 324 [chromium] › apps\web\e2e\xy-charts.spec.ts:97:1 › an area chart hides a series from its legend, selects a point from the keyboard, and keeps both after a reload (2.3s)
  ok 325 [chromium] › apps\web\e2e\xy-charts.spec.ts:173:1 › a stacked area says it is stacked, and a chart over more rows than it holds says it draws only the first (1.1s)
  ok 326 [chromium] › apps\web\e2e\xy-charts.spec.ts:198:1 › the arrow keys walk a scatter plot's points in the order of x, not the order of its rows (941ms)
  ok 327 [chromium] › apps\web\e2e\xy-charts.spec.ts:240:1 › a field the rows lack and a value that is not a number are refused with the host's reason, and no chart is drawn (763ms)
  ok 328 [chromium] › apps\web\e2e\xy-charts.spec.ts:251:1 › a page that asks for a point the node no longer holds says it was refused and draws the rows it holds (822ms)
  ok 329 [chromium] › apps\web\e2e\xy-charts.spec.ts:285:1 › the charts add no motion of their own when motion is reduced (707ms)
  ok 330 [chromium] › apps\web\e2e\xy-charts.spec.ts:298:1 › the charts are usable at phone width without scrolling sideways, in the light theme (2.6s)
  ok 331 [chromium] › apps\web\e2e\xy-charts.spec.ts:321:1 › the library previews both charts through the production renderer, usable without a node (3.0s)

  3 skipped
  328 passed (12.9m)
