$ pnpm run invariants && pnpm run typecheck && pnpm run lint && pnpm run test
$ node tools/check-invariants.mjs
PASS  docs-manifest-integrity
      · 32 manifest entries verified
PASS  workspace-phase-traceability
      · 32 workspace packages carry phase + status metadata
PASS  stub-marks-owning-phase
      · 7 stub files carry an owning-phase marker
PASS  node-type-stripping-syntax
      · 907 TypeScript files checked for transform-only syntax
PASS  no-committed-secrets
      · 1155 files scanned for credential patterns
PASS  pinned-dependency-specifiers
      · 125 dependency specifiers checked for pinning
PASS  scope-and-acceptance-traceability
      · 151 cited test titles checked against 447 spec files; rows that cite a path rather than a quoted title are not matched to a case
PASS  browser-entries-avoid-node-builtins
      · 220 module(s) reachable from 3 browser entry/entries
PASS  single-execution-policy-reader
      · 1 canonical policy read(s) across 467 module(s), 2 allowed to open the key
PASS  implementation-status-registry
      · 34 entries (16 implemented, 14 partial, 4 blocked, 0 not-implemented) verified against 32 workspace packages
      · 15 @status-ref reference(s) across 998 source files
      · 18 V row(s) agree with the registry; gates #2/#3/#4/#5 represented
      · V02, runtime.local-transport cite a test a platform condition skips on some runners, so their evidence is thinner there than on this one
      · evidence is checked for existence and for a platform-conditional skip: a runtime condition that is not derived from process.platform or process.arch (an opt-in live provider, for instance) is not this check's subject
PASS  tsx-files-are-typechecked
      · 64 .tsx file(s) checked against 2 typecheck config(s) — tsconfig.json, tsconfig.web.json
PASS  pr-bodies-close-nothing
      · 10 checked-in PR body file(s) checked for a closing keyword beside an issue reference; 0 such pair(s) found

all 12 invariant checks passed
$ tsc -p tsconfig.json && tsc -p tsconfig.web.json
$ eslint .
$ vitest run

 RUN  v5.0.0 D:/wt300

 ✓ apps/runtime/test/service-container-engine.spec.ts (3 tests | 1 skipped) 2166ms
   ✓ a service container on a real engine (2)
     ✓ refuses the network and every write outside the private folder, and runs unprivileged 694ms
     ✓ runs the notes package's service: a note is added, listed, and kept in the private folder 967ms
 ✓ tools/test/ci-test-scope.spec.ts (18 tests) 3783ms
   ✓ conservative documentation scope (18)
     ✓ skips runtime tests for a real prose-only commit and appends output 793ms
     ✓ retains both sides of a source-to-documentation rename 741ms
     ✓ keeps mixed documentation and code commits full 999ms
     ✓ keeps empty diffs and missing or invalid bases full 1244ms
HEAD is now at 11f40dc initial
 ✓ tools/test/scan-secret-history.spec.ts (5 tests) 5559ms
   ✓ secret scanning across reachable Git history (5)
     ✓ accepts clean history and scans repeated blobs only once 867ms
     ✓ finds a deleted credential in docs and never prints its value 1378ms
     ✓ includes other refs, merge results, binary bytes and every credential category 1715ms
     ✓ fails closed for a shallow clone or a non-repository 1588ms
widget action: could not settle eff_muo44s6yb2caa839 in the effect ledger (the disk is full)
 ✓ packages/mcp-adapters/test/stdio.spec.ts (19 tests) 7142ms
   ✓ failure modes each settle (6)
     ✓ times out a server that stops answering, instead of hanging 2583ms
   ✓ liveness (4)
     ✓ fails a ping to a server that stopped answering, within the ceiling 2623ms
     ✓ tells its owner once when the server goes away on its own 307ms
 ✓ apps/runtime/test/worker-process.spec.ts (7 tests) 3268ms
   ✓ the runtime starts a worker of its own (7)
     ✓ runs it in a separate process and returns the record it produced 470ms
     ✓ reports the capability it withheld when the brief does not grant it 445ms
     ✓ registers the granted capability instead of withholding it 561ms
     ✓ reports a run that demonstrated nothing as a result rather than as an error 634ms
     ✓ refuses a brief the worker cannot run, naming it as the worker's failure 560ms
     ✓ refuses to run a real model it was given no model for, rather than letting one be picked 592ms
 ✓ apps/runtime/test/inbox.spec.ts (40 tests) 2429ms
   ✓ what is waiting for the person (13)
     ✓ finds what is open at the end of a conversation longer than a timeline page, and can decide it 393ms
 ✓ packs/browser-playwright/test/driver.spec.ts (12 tests) 6705ms
   ✓ a managed profile is a separate identity (2)
     ✓ refuses to navigate outside the declared origins 388ms
   ✓ observation and action correlation (T53) (5)
     ✓ refuses an observation it no longer retains 382ms
     ✓ refuses an element reference that is no longer in the document 318ms
     ✓ applies a click on a real element and reports it as observed 729ms
     ✓ invalidates the plan when the target version moves 474ms
   ✓ secret entry suspends capture and input (T56) (1)
     ✓ reports sensitive input once a password field has focus, and refuses input 699ms
   ✓ local stop and human takeover outrank a plan (T59) (2)
     ✓ refuses every action after a stop, including navigation 461ms
     ✓ refuses input while a human has takeover 779ms
   ✓ consequential operations and unsupported operations (2)
     ✓ refuses an unapproved submit 1228ms
     ✓ refuses an operation it does not implement rather than substituting one 740ms
 ✓ packages/pi-adapter/test/scoped-fs.spec.ts (30 tests) 7348ms
   ✓ the scoped tools (15)
     ✓ returns no match from a search that has to stop its matching thread 5070ms
     ✓ refuses a find glob that cannot finish matching, instead of holding the event loop 1027ms
     ✓ matches a glob, and a pattern with no wildcard as a substring 393ms
 ✓ apps/runtime/test/session-preview-real.spec.ts (3 tests) 3695ms
   ✓ a frame captured from a real browser (3)
     ✓ is served back from the route under its own digest, with the size it was captured at 972ms
     ✓ changes digest when the page changes, and keeps both frames addressable 1976ms
     ✓ is not served to a caller without this node's token, and a digest it does not hold is not found 612ms
 ✓ apps/runtime/test/peer-notices.spec.ts (12 tests) 3948ms
   ✓ a paired Clark's notice (5)
     ✓ is recorded once in the other node's inbox, under the sender's name, however often it is sent 680ms
     ✓ is taken only under a decision of the receiving node's owner, and is refused whole when it brings anything else 642ms
     ✓ is sent only to a node that said it takes notices, which a node paired before learns from the next answer 361ms
     ✓ holds one peer to its rate and to its own share of the inbox, and a refusal past the rate is final 669ms
   ✓ a paired node that cannot be reached (7)
     ✓ is told once per outage, after a while, and the notice goes when the node answers again 328ms
 ✓ apps/runtime/test/process-tree.spec.ts (14 tests | 4 skipped) 9214ms
   ✓ stopping a command a .cmd shim started, on Windows (3)
     ✓ ends the command a shim left running when the stop comes after the shim has gone 2597ms
     ✓ ends the command a shim left running when the shim goes while the stop is under way 2866ms
     ✓ leaves alone a process the shim did not start 3356ms
 ✓ apps/runtime/test/api.spec.ts (39 tests) 1952ms
 ✓ apps/runtime/test/notice-action-surfaces.spec.ts (33 tests) 5346ms
   ✓ installing a notice's update is the person's own decision (6)
     ✓ installs from the person's press, dismisses the notice, and says what the update runs without 2118ms
     ✓ installs one update once: a second press while the first is installing is told so 1741ms
 ✓ apps/runtime/test/worker-command-broker.spec.ts (22 tests) 2355ms
   ✓ stopping a task stops what it started on the host (1)
     ✓ ends a real command the task's worker is still running 1496ms
 ✓ apps/runtime/test/project-finder.spec.ts (31 tests) 1771ms
 ✓ apps/runtime/test/artifact-broker.spec.ts (31 tests) 1663ms
 ✓ apps/runtime/test/peer-skip.spec.ts (13 tests) 6182ms
   ✓ a message given up on, to a peer that takes skips (7)
     ✓ is skipped, so what follows is delivered, and each owner is told once, with the skip audited on both sides 767ms
     ✓ settles, as uncertain, the task whose result was lost on its way back 660ms
     ✓ gives up on a hand-over queued behind an unreachable peer on its own schedule, even while the one ahead waits out its backoff, and settles it as not run 431ms
     ✓ sends every skip a long run of given-up messages needs before what the gap refuses is sent again 401ms
     ✓ tells and audits a skip only once it has read the peer's answer, so a crash or a lost answer cannot lose either 630ms
   ✓ the receiving side of a skip (2)
     ✓ tells its owner about at most 30 skips a minute from one peer, and still takes and audits the rest 613ms
   ✓ a message given up on, to a peer too old to take a skip (2)
     ✓ keeps today's behaviour, sends no skip, and tells the owner once that the pairing is stuck until that device updates 1088ms
     ✓ frees itself once that device is updated: its next refusal says it takes skips, and what was lost is skipped 991ms
 ✓ packages/mcp-adapters/test/streamable-http.spec.ts (10 tests) 2686ms
   ✓ failure modes (4)
     ✓ settles a request the server never answers 1173ms
 ✓ apps/runtime/test/task-browser.spec.ts (20 tests) 7537ms
   ✓ a lost submit in a real browser (1)
     ✓ leaves one unknown row, an uncertain task and one notice, and sends the form once 6615ms
 ✓ packages/storage/test/notifications.spec.ts (40 tests) 1903ms
 ✓ apps/runtime/test/browser-effects.spec.ts (11 tests) 6354ms
   ✓ a submit that really timed out (1)
     ✓ writes an unknown row and one notice pointing at the task, and answers nothing twice 5836ms
 ✓ apps/runtime/test/run-command.spec.ts (17 tests) 4250ms
   ✓ running a real command (5)
     ✓ kills a command that overruns its deadline instead of holding the turn open 1924ms
     ✓ does not hand the command the node's own keys 384ms
     ✓ stops one running command by its work id and reports it as stopped, not timed out 1495ms
 ✓ apps/runtime/test/action-widget.spec.ts (59 tests) 8226ms
   ✓ an invoke button (15)
     ✓ promises no inbox question when the ledger could not record the call as unknown 1061ms
     ✓ ends a call past the binding's deadline as uncertain: into the ledger, recorded, and never sent again 1046ms
     ✓ reports a read that ran out of time plainly and frees the press, because nothing changed 1053ms
   ✓ a workflow button (6)
     ✓ ends a step past the total deadline as uncertain, into the ledger 1078ms
     ✓ says a read step that ran out of time changed nothing, and opens no ledger entry for it 1052ms
 ✓ apps/runtime/test/github-signals.spec.ts (11 tests) 2392ms
   ✓ what a delivery starts (5)
     ✓ refuses to start work in a checkout that is not a clone of the repository the signal is about 700ms
     ✓ starts work in a clone of that repository, whichever way its remote is written 770ms
     ✓ asks for a token only a task's git and gh, and the repository poller, can receive, when the automation will push 425ms
 ✓ packages/storage/test/storage.spec.ts (32 tests) 1698ms
   ✓ failure injection around a backup (V18) (6)
     ✓ keeps verifying over many rounds, so a leak or a drift fails here rather than later 843ms
 ✓ packs/browser-playwright/test/injection.spec.ts (6 tests) 6628ms
   ✓ instruction text on a page is data, not authority (6)
     ✓ does not grant a capability the page asks for 875ms
     ✓ does not talk the driver out of requiring approval 731ms
     ✓ still applies approval when it was granted, so the refusal above was about approval 778ms
     ✓ does not widen the secret-entry suspension the page asks it to ignore 935ms
     ✓ does not act on a link the page supplies, because the driver acts on references it issued 1562ms
     ✓ carries the injected text as page content rather than as an instruction 1597ms
 ✓ apps/runtime/test/status-cards.spec.ts (22 tests) 1000ms
 ✓ apps/runtime/test/pi-session-watch.spec.ts (6 tests) 2709ms
   ✓ watching a session (2)
     ✓ lists sessions by their first question, and follows appended messages 2678ms
 ✓ apps/runtime/test/theme-routes.spec.ts (19 tests) 1622ms
 ✓ apps/runtime/test/calendar-views.spec.ts (23 tests) 995ms
 ✓ apps/runtime/test/activity-timeline.spec.ts (31 tests) 1357ms
Preparing worktree (new branch 'clarkcant/task-task_earlier')
created a dashboard widget package in C:\Users\admin\AppData\Local\Temp\clark-widget-a0rZeB
next: clark widget test C:\Users\admin\AppData\Local\Temp\clark-widget-a0rZeB
created a form widget package in C:\Users\admin\AppData\Local\Temp\clark-widget-K2EH6q
next: clark widget test C:\Users\admin\AppData\Local\Temp\clark-widget-K2EH6q
created a blank widget package in C:\Users\admin\AppData\Local\Temp\clark-widget-rzG628
next: clark widget test C:\Users\admin\AppData\Local\Temp\clark-widget-rzG628
unknown template "nope"; expected one of blank, form, dashboard
created a blank widget package in C:\Users\admin\AppData\Local\Temp\clark-widget-VuJ4xY
next: clark widget test C:\Users\admin\AppData\Local\Temp\clark-widget-VuJ4xY
created a blank widget package in C:\Users\admin\AppData\Local\Temp\clark-widget-LG3Keg
next: clark widget test C:\Users\admin\AppData\Local\Temp\clark-widget-LG3Keg
created a form widget package in C:\Users\admin\AppData\Local\Temp\clark-widget-3hebUu
next: clark widget test C:\Users\admin\AppData\Local\Temp\clark-widget-3hebUu
created a form widget package in C:\Users\admin\AppData\Local\Temp\clark-widget-x7g74u
next: clark widget test C:\Users\admin\AppData\Local\Temp\clark-widget-x7g74u
 ✓ apps/runtime/test/automations.spec.ts (12 tests) 1841ms
   ✓ quieting an automation's notices (1)
     ✓ quiets that one automation, and never another automation or a reminder 979ms
created a form widget package in C:\Users\admin\AppData\Local\Temp\clark-widget-DzURk3
next: clark widget test C:\Users\admin\AppData\Local\Temp\clark-widget-DzURk3
 ✓ apps/runtime/test/stop-and-audit.spec.ts (5 tests) 2012ms
   ✓ stopping a command that is running (2)
     ✓ kills it, settles the promise, and does not report success 1860ms
created a form widget package in C:\Users\admin\AppData\Local\Temp\clark-widget-lq7Ve4
next: clark widget test C:\Users\admin\AppData\Local\Temp\clark-widget-lq7Ve4
created a blank widget package in C:\Users\admin\AppData\Local\Temp\clark-widget-dxCMcI
next: clark widget test C:\Users\admin\AppData\Local\Temp\clark-widget-dxCMcI
created a form widget package in C:\Users\admin\AppData\Local\Temp\clark-widget-4Lm0Vp
next: clark widget test C:\Users\admin\AppData\Local\Temp\clark-widget-4Lm0Vp
created a form widget package in C:\Users\admin\AppData\Local\Temp\clark-widget-QHaS1G
next: clark widget test C:\Users\admin\AppData\Local\Temp\clark-widget-QHaS1G
created a form widget package in C:\Users\admin\AppData\Local\Temp\clark-widget-TmOelK
next: clark widget test C:\Users\admin\AppData\Local\Temp\clark-widget-TmOelK
created a form widget package in C:\Users\admin\AppData\Local\Temp\clark-widget-9VvTZI
next: clark widget test C:\Users\admin\AppData\Local\Temp\clark-widget-9VvTZI
created a form widget package in C:\Users\admin\AppData\Local\Temp\clark-widget-b8MGeR
next: clark widget test C:\Users\admin\AppData\Local\Temp\clark-widget-b8MGeR

schema
  ok   the default fixture matches the props schema — fixtures/default.json validates
  ok   malformed props are rejected — required property "title" is missing
  ok   additional props are rejected when the schema forbids them — unknown property "conformanceExtraKey"
  ok   the state version is declared — stateVersion is 0

security
  ok   a forged nonce is rejected — NONCE_MISMATCH
  ok   a message from another window is rejected — SOURCE_MISMATCH
  ok   no secret, shell or approval surface is reachable — none of readAllSecrets, shell, queryCoreDb, disableCSP, approve, installAnything, registerSidebar, grant, fs, readFile, writeFile is on the author API
  ok   the entry reaches no origin the manifest does not declare — the entry names no origin
  ok   a host-owned card cannot be minted by a widget — question-card is recognised as host-owned

lifecycle
  ok   the widget mounts on init — status after init: ready, mount handlers fired: 1
  ok   a props update reaches the widget — subscribers notified: 1
  ok   suspend and resume are delivered — suspended: conformance, resumed: 1
  ok   dispose stops listening — disposed: 1, listener present: false
  ok   the declared state migration carries the previous version's fixture to a valid current state — stateVersion is 0, so there is nothing to migrate

interaction
  ok   a repeated invocation runs the action once — times run: 1
  ok   a stale state write is refused — STALE_REVISION
  ok   an action the host never accepted is refused — ACTION_UNKNOWN
  ok   the definition declares its sizing, which is what pin and detach depend on — compact: true, expanded: true
  ok   keyboard reachability — 1 reachable element(s), each with a visible focus ring
  ok   touch target size — 1 interactive element(s), all at or above the minimum
  n/a  detach keeps one live owner — needs a window that can be detached and re-attached; run the dev host's real detach/reattach and pass its facts with --frames
  n/a  a spoken action and the same click agree — needs a rendered frame and a voice session, and a voice session needs a provider account

rendering
  ok   the required fixtures are present — present: default, empty, error, compact
  ok   a text fallback is declared — textFallback: 60 characters
  ok   the narrow layout — 320px: rendered=true, overflows=false
  ok   the compact layout — 480px: rendered=true, overflows=false
  ok   the expanded layout — 1024px: rendered=true, overflows=false
  ok   the loading state — rendered=true
  ok   the read-only state — rendered=true
  ok   reduced motion — rendered with reduced motion: nothing animates, and no text sits over motion

28 passed, 0 failed, 2 need the dev host
The checks marked n/a are not verified by this command: they need a rendered frame.
--frames C:\Users\admin\AppData\Local\Temp\clark-widget-b8MGeR\not-there.json could not be read as frame facts
created a blank widget package in C:\Users\admin\AppData\Local\Temp\clark-widget-JllgLg
next: clark widget test C:\Users\admin\AppData\Local\Temp\clark-widget-JllgLg
created a blank widget package in C:\Users\admin\AppData\Local\Temp\clark-widget-chqOly
next: clark widget test C:\Users\admin\AppData\Local\Temp\clark-widget-chqOly
created a blank widget package in C:\Users\admin\AppData\Local\Temp\clark-widget-aGlDGv
next: clark widget test C:\Users\admin\AppData\Local\Temp\clark-widget-aGlDGv
created a blank widget package in C:\Users\admin\AppData\Local\Temp\clark-widget-FcxS6S
next: clark widget test C:\Users\admin\AppData\Local\Temp\clark-widget-FcxS6S
created a blank widget package in C:\Users\admin\AppData\Local\Temp\clark-widget-8b0OU6
next: clark widget test C:\Users\admin\AppData\Local\Temp\clark-widget-8b0OU6
created a blank widget package in C:\Users\admin\AppData\Local\Temp\clark-widget-b1eXdE
next: clark widget test C:\Users\admin\AppData\Local\Temp\clark-widget-b1eXdE
 ✓ apps/runtime/test/peers.spec.ts (10 tests) 1400ms
created a blank widget package in C:\Users\admin\AppData\Local\Temp\clark-widget-PQXvNj
next: clark widget test C:\Users\admin\AppData\Local\Temp\clark-widget-PQXvNj
 ✓ apps/runtime/test/env-file-flag.spec.ts (2 tests) 2755ms
   ✓ the node's .env file (2)
     ✓ is read by default 1373ms
     ✓ is not read with --no-env-file 1381ms
created a blank widget package in C:\Users\admin\AppData\Local\Temp\clark-widget-2nF4cW
next: clark widget test C:\Users\admin\AppData\Local\Temp\clark-widget-2nF4cW
created a blank widget package in C:\Users\admin\AppData\Local\Temp\clark-widget-B5M8tN
next: clark widget test C:\Users\admin\AppData\Local\Temp\clark-widget-B5M8tN
created a blank widget package in C:\Users\admin\AppData\Local\Temp\clark-widget-qpz8yQ
next: clark widget test C:\Users\admin\AppData\Local\Temp\clark-widget-qpz8yQ
created a blank widget package in C:\Users\admin\AppData\Local\Temp\clark-widget-89phZm
next: clark widget test C:\Users\admin\AppData\Local\Temp\clark-widget-89phZm
 ✓ apps/runtime/test/artifact-viewers.spec.ts (31 tests) 1314ms

schema
  ok   the default fixture matches the props schema — fixtures/default.json validates
  ok   malformed props are rejected — required property "title" is missing
  ok   additional props are rejected when the schema forbids them — unknown property "conformanceExtraKey"
  ok   the state version is declared — stateVersion is 0

security
  ok   a forged nonce is rejected — NONCE_MISMATCH
  ok   a message from another window is rejected — SOURCE_MISMATCH
  ok   no secret, shell or approval surface is reachable — none of readAllSecrets, shell, queryCoreDb, disableCSP, approve, installAnything, registerSidebar, grant, fs, readFile, writeFile is on the author API
  ok   the entry reaches no origin the manifest does not declare — the entry names no origin
  ok   a host-owned card cannot be minted by a widget — question-card is recognised as host-owned

lifecycle
  ok   the widget mounts on init — status after init: ready, mount handlers fired: 1
  ok   a props update reaches the widget — subscribers notified: 1
  ok   suspend and resume are delivered — suspended: conformance, resumed: 1
  ok   dispose stops listening — disposed: 1, listener present: false
  ok   the declared state migration carries the previous version's fixture to a valid current state — stateVersion is 0, so there is nothing to migrate

interaction
  ok   a repeated invocation runs the action once — times run: 1
  ok   a stale state write is refused — STALE_REVISION
  ok   an action the host never accepted is refused — ACTION_UNKNOWN
  ok   the definition declares its sizing, which is what pin and detach depend on — compact: true, expanded: true
  n/a  keyboard reachability — needs a rendered frame
  n/a  touch target size — needs a rendered frame
  n/a  detach keeps one live owner — needs a window that can be detached and re-attached; run the dev host's real detach/reattach and pass its facts with --frames
  n/a  a spoken action and the same click agree — needs a rendered frame and a voice session, and a voice session needs a provider account

rendering
  ok   the required fixtures are present — present: default, empty, error, compact
  ok   a text fallback is declared — textFallback: 61 characters
  n/a  the narrow layout — needs a rendered frame at a known viewport
  n/a  the compact layout — needs a rendered frame at a known viewport
  n/a  the expanded layout — needs a rendered frame at a known viewport
  n/a  the loading state — needs a rendered frame at a known viewport
  n/a  the read-only state — needs a rendered frame at a known viewport
  n/a  reduced motion — needs a rendered frame at a known viewport

20 passed, 0 failed, 10 need the dev host
The checks marked n/a are not verified by this command: they need a rendered frame.

packed com.example.clark-widget-89phzm@0.1.0
  sha256:144035643e1b33dfc6bf34d1bba933bd6abef1bd030206f7a78a20fc5d532d18
  C:\Users\admin\AppData\Local\Temp\clark-widget-89phZm\dist\artifact.json
created a blank widget package in C:\Users\admin\AppData\Local\Temp\clark-widget-nL2GUP
next: clark widget test C:\Users\admin\AppData\Local\Temp\clark-widget-nL2GUP

schema
  ok   the default fixture matches the props schema — fixtures/default.json validates
  ok   malformed props are rejected — required property "title" is missing
  ok   additional props are rejected when the schema forbids them — unknown property "conformanceExtraKey"
  ok   the state version is declared — stateVersion is 0

security
  ok   a forged nonce is rejected — NONCE_MISMATCH
  ok   a message from another window is rejected — SOURCE_MISMATCH
  ok   no secret, shell or approval surface is reachable — none of readAllSecrets, shell, queryCoreDb, disableCSP, approve, installAnything, registerSidebar, grant, fs, readFile, writeFile is on the author API
  ok   the entry reaches no origin the manifest does not declare — the entry names no origin
  ok   a host-owned card cannot be minted by a widget — question-card is recognised as host-owned

lifecycle
  ok   the widget mounts on init — status after init: ready, mount handlers fired: 1
  ok   a props update reaches the widget — subscribers notified: 1
  ok   suspend and resume are delivered — suspended: conformance, resumed: 1
  ok   dispose stops listening — disposed: 1, listener present: false
  ok   the declared state migration carries the previous version's fixture to a valid current state — stateVersion is 0, so there is nothing to migrate

interaction
  ok   a repeated invocation runs the action once — times run: 1
  ok   a stale state write is refused — STALE_REVISION
  ok   an action the host never accepted is refused — ACTION_UNKNOWN
  ok   the definition declares its sizing, which is what pin and detach depend on — compact: true, expanded: true
  n/a  keyboard reachability — needs a rendered frame
  n/a  touch target size — needs a rendered frame
  n/a  detach keeps one live owner — needs a window that can be detached and re-attached; run the dev host's real detach/reattach and pass its facts with --frames
  n/a  a spoken action and the same click agree — needs a rendered frame and a voice session, and a voice session needs a provider account

rendering
  ok   the required fixtures are present — present: default, empty, error, compact
  ok   a text fallback is declared — textFallback: 61 characters
  n/a  the narrow layout — needs a rendered frame at a known viewport
  n/a  the compact layout — needs a rendered frame at a known viewport
  n/a  the expanded layout — needs a rendered frame at a known viewport
  n/a  the loading state — needs a rendered frame at a known viewport
  n/a  the read-only state — needs a rendered frame at a known viewport
  n/a  reduced motion — needs a rendered frame at a known viewport

20 passed, 0 failed, 10 need the dev host
The checks marked n/a are not verified by this command: they need a rendered frame.

packed com.example.clark-widget-nl2gup@0.1.0
  sha256:77af161e59363cc769667288108a5c6cc43fad48318121b1951ebd6db9399c54
  C:\Users\admin\AppData\Local\Temp\clark-widget-nL2GUP\dist\artifact.json
version 0.1.0 was already packed with a different digest.
A version whose bytes changed is a different package wearing the same number; bump the version.
created a blank widget package in C:\Users\admin\AppData\Local\Temp\clark-widget-FXaJ3L
next: clark widget test C:\Users\admin\AppData\Local\Temp\clark-widget-FXaJ3L
 ✓ apps/runtime/test/voice-gateway.spec.ts (43 tests) 2322ms
   ✓ a lease whose peer cannot be reached (2)
     ✓ is kept while the peer keeps answering, so a live session is never ended for being quiet 677ms

schema
  ok   the default fixture matches the props schema — fixtures/default.json validates
  ok   malformed props are rejected — required property "title" is missing
  ok   additional props are rejected when the schema forbids them — unknown property "conformanceExtraKey"
  ok   the state version is declared — stateVersion is 0

security
  ok   a forged nonce is rejected — NONCE_MISMATCH
  ok   a message from another window is rejected — SOURCE_MISMATCH
  ok   no secret, shell or approval surface is reachable — none of readAllSecrets, shell, queryCoreDb, disableCSP, approve, installAnything, registerSidebar, grant, fs, readFile, writeFile is on the author API
  ok   the entry reaches no origin the manifest does not declare — the entry names no origin
  ok   a host-owned card cannot be minted by a widget — question-card is recognised as host-owned

lifecycle
  ok   the widget mounts on init — status after init: ready, mount handlers fired: 1
  ok   a props update reaches the widget — subscribers notified: 1
  ok   suspend and resume are delivered — suspended: conformance, resumed: 1
  ok   dispose stops listening — disposed: 1, listener present: false
  ok   the declared state migration carries the previous version's fixture to a valid current state — stateVersion is 0, so there is nothing to migrate

interaction
  ok   a repeated invocation runs the action once — times run: 1
  ok   a stale state write is refused — STALE_REVISION
  ok   an action the host never accepted is refused — ACTION_UNKNOWN
  ok   the definition declares its sizing, which is what pin and detach depend on — compact: true, expanded: true
  n/a  keyboard reachability — needs a rendered frame
  n/a  touch target size — needs a rendered frame
  n/a  detach keeps one live owner — needs a window that can be detached and re-attached; run the dev host's real detach/reattach and pass its facts with --frames
  n/a  a spoken action and the same click agree — needs a rendered frame and a voice session, and a voice session needs a provider account

rendering
  FAIL the required fixtures are present — missing: empty
  ok   a text fallback is declared — textFallback: 61 characters
  n/a  the narrow layout — needs a rendered frame at a known viewport
  n/a  the compact layout — needs a rendered frame at a known viewport
  n/a  the expanded layout — needs a rendered frame at a known viewport
  n/a  the loading state — needs a rendered frame at a known viewport
  n/a  the read-only state — needs a rendered frame at a known viewport
  n/a  reduced motion — needs a rendered frame at a known viewport

19 passed, 1 failed, 10 need the dev host
The checks marked n/a are not verified by this command: they need a rendered frame.

Refusing to pack a package that fails conformance.
clark widget <command> [dir]

  clark widget init <dir> [--template blank|form|dashboard]   scaffold a package
  clark widget test [dir]                                     run the conformance suite
  clark widget pack [dir]                                     build the artifact and its digest
  clark widget dev [dir] [--port N] [--builtin <id>]          run the dev host and its browser shell
  clark widget publish [dir]                                  prepare the directory submission
  clark theme init <dir>                              scaffold a data-only theme package
  clark theme dev [dir] [--port N]                     preview production components with live reload
  clark theme test [dir]                              audit documents, assets and both schemes
  clark theme pack [dir]                              pack through the shared immutable artifact path

A local path needs no account. init, test, pack and dev all work without a directory or a login.
clark widget <command> [dir]

  clark widget init <dir> [--template blank|form|dashboard]   scaffold a package
  clark widget test [dir]                                     run the conformance suite
  clark widget pack [dir]                                     build the artifact and its digest
  clark widget dev [dir] [--port N] [--builtin <id>]          run the dev host and its browser shell
  clark widget publish [dir]                                  prepare the directory submission
  clark theme init <dir>                              scaffold a data-only theme package
  clark theme dev [dir] [--port N]                     preview production components with live reload
  clark theme test [dir]                              audit documents, assets and both schemes
  clark theme pack [dir]                              pack through the shared immutable artifact path

A local path needs no account. init, test, pack and dev all work without a directory or a login.
created a blank widget package in C:\Users\admin\AppData\Local\Temp\clark-widget-hNzbBi
next: clark widget test C:\Users\admin\AppData\Local\Temp\clark-widget-hNzbBi

schema
  ok   the default fixture matches the props schema — fixtures/default.json validates
  ok   malformed props are rejected — required property "title" is missing
  ok   additional props are rejected when the schema forbids them — unknown property "conformanceExtraKey"
  ok   the state version is declared — stateVersion is 0

security
  ok   a forged nonce is rejected — NONCE_MISMATCH
  ok   a message from another window is rejected — SOURCE_MISMATCH
  ok   no secret, shell or approval surface is reachable — none of readAllSecrets, shell, queryCoreDb, disableCSP, approve, installAnything, registerSidebar, grant, fs, readFile, writeFile is on the author API
  ok   the entry reaches no origin the manifest does not declare — the entry names no origin
  ok   a host-owned card cannot be minted by a widget — question-card is recognised as host-owned

lifecycle
  ok   the widget mounts on init — status after init: ready, mount handlers fired: 1
  ok   a props update reaches the widget — subscribers notified: 1
  ok   suspend and resume are delivered — suspended: conformance, resumed: 1
  ok   dispose stops listening — disposed: 1, listener present: false
  ok   the declared state migration carries the previous version's fixture to a valid current state — stateVersion is 0, so there is nothing to migrate

interaction
  ok   a repeated invocation runs the action once — times run: 1
  ok   a stale state write is refused — STALE_REVISION
  ok   an action the host never accepted is refused — ACTION_UNKNOWN
  ok   the definition declares its sizing, which is what pin and detach depend on — compact: true, expanded: true
  n/a  keyboard reachability — needs a rendered frame
  n/a  touch target size — needs a rendered frame
  n/a  detach keeps one live owner — needs a window that can be detached and re-attached; run the dev host's real detach/reattach and pass its facts with --frames
  n/a  a spoken action and the same click agree — needs a rendered frame and a voice session, and a voice session needs a provider account

rendering
  ok   the required fixtures are present — present: default, empty, error, compact
  ok   a text fallback is declared — textFallback: 61 characters
  n/a  the narrow layout — needs a rendered frame at a known viewport
  n/a  the compact layout — needs a rendered frame at a known viewport
  n/a  the expanded layout — needs a rendered frame at a known viewport
  n/a  the loading state — needs a rendered frame at a known viewport
  n/a  the read-only state — needs a rendered frame at a known viewport
  n/a  reduced motion — needs a rendered frame at a known viewport

20 passed, 0 failed, 10 need the dev host
The checks marked n/a are not verified by this command: they need a rendered frame.

packed com.example.clark-widget-hnzbbi@0.1.0
  sha256:676182f10dcd0bbab0c2d084e8198809297dae501b4c675a9308c9d7a7fa6ddb
  C:\Users\admin\AppData\Local\Temp\clark-widget-hNzbBi\dist\artifact.json
prepared the directory entry for com.example.clark-widget-hnzbbi@0.1.0  risk lane: isolated-ui  digest: sha256:676182f10dcd0bbab0c2d084e8198809297dae501b4c675a9308c9d7a7fa6ddb  C:\Users\admin\AppData\Local\Temp\clark-widget-hNzbBi\dist\directory-entry.jsonSubmitting needs a directory account; a local path needs none.created a dashboard widget package in C:\Users\admin\AppData\Local\Temp\clark-widget-dxUBnB
next: clark widget test C:\Users\admin\AppData\Local\Temp\clark-widget-dxUBnB
 ✓ apps/runtime/test/mini-app-data.spec.ts (25 tests) 1222ms

schema
  ok   the default fixture matches the props schema — fixtures/default.json validates
  ok   malformed props are rejected — required property "title" is missing
  ok   additional props are rejected when the schema forbids them — unknown property "conformanceExtraKey"
  ok   the state version is declared — stateVersion is 0

security
  ok   a forged nonce is rejected — NONCE_MISMATCH
  ok   a message from another window is rejected — SOURCE_MISMATCH
  ok   no secret, shell or approval surface is reachable — none of readAllSecrets, shell, queryCoreDb, disableCSP, approve, installAnything, registerSidebar, grant, fs, readFile, writeFile is on the author API
  ok   the entry reaches no origin the manifest does not declare — the entry names no origin
  ok   a host-owned card cannot be minted by a widget — question-card is recognised as host-owned

lifecycle
  ok   the widget mounts on init — status after init: ready, mount handlers fired: 1
  ok   a props update reaches the widget — subscribers notified: 1
  ok   suspend and resume are delivered — suspended: conformance, resumed: 1
  ok   dispose stops listening — disposed: 1, listener present: false
  ok   the declared state migration carries the previous version's fixture to a valid current state — stateVersion is 0, so there is nothing to migrate

interaction
  ok   a repeated invocation runs the action once — times run: 1
  ok   a stale state write is refused — STALE_REVISION
  ok   an action the host never accepted is refused — ACTION_UNKNOWN
  ok   the definition declares its sizing, which is what pin and detach depend on — compact: true, expanded: true
  n/a  keyboard reachability — needs a rendered frame
  n/a  touch target size — needs a rendered frame
  n/a  detach keeps one live owner — needs a window that can be detached and re-attached; run the dev host's real detach/reattach and pass its facts with --frames
  n/a  a spoken action and the same click agree — needs a rendered frame and a voice session, and a voice session needs a provider account

rendering
  ok   the required fixtures are present — present: default, empty, error, compact
  ok   a text fallback is declared — textFallback: 65 characters
  n/a  the narrow layout — needs a rendered frame at a known viewport
  n/a  the compact layout — needs a rendered frame at a known viewport
  n/a  the expanded layout — needs a rendered frame at a known viewport
  n/a  the loading state — needs a rendered frame at a known viewport
  n/a  the read-only state — needs a rendered frame at a known viewport
  n/a  reduced motion — needs a rendered frame at a known viewport

20 passed, 0 failed, 10 need the dev host
The checks marked n/a are not verified by this command: they need a rendered frame.

packed com.example.clark-widget-dxubnb@0.1.0
  sha256:03495813bc689387fb0489d3e4b8813fd3f7f49325d310286d186f3a9fbaffd2
  C:\Users\admin\AppData\Local\Temp\clark-widget-dxUBnB\dist\artifact.json
prepared the directory entry for com.example.clark-widget-dxubnb@0.1.0  risk lane: isolated-ui  digest: sha256:03495813bc689387fb0489d3e4b8813fd3f7f49325d310286d186f3a9fbaffd2  C:\Users\admin\AppData\Local\Temp\clark-widget-dxUBnB\dist\directory-entry.jsonSubmitting needs a directory account; a local path needs none.created a blank widget package in C:\Users\admin\AppData\Local\Temp\clark-widget-CZEfLP
next: clark widget test C:\Users\admin\AppData\Local\Temp\clark-widget-CZEfLP

schema
  ok   the default fixture matches the props schema — fixtures/default.json validates
  ok   malformed props are rejected — required property "title" is missing
  ok   additional props are rejected when the schema forbids them — unknown property "conformanceExtraKey"
  ok   the state version is declared — stateVersion is 0

security
  ok   a forged nonce is rejected — NONCE_MISMATCH
  ok   a message from another window is rejected — SOURCE_MISMATCH
  ok   no secret, shell or approval surface is reachable — none of readAllSecrets, shell, queryCoreDb, disableCSP, approve, installAnything, registerSidebar, grant, fs, readFile, writeFile is on the author API
  ok   the entry reaches no origin the manifest does not declare — the entry names no origin
  ok   a host-owned card cannot be minted by a widget — question-card is recognised as host-owned

lifecycle
  ok   the widget mounts on init — status after init: ready, mount handlers fired: 1
  ok   a props update reaches the widget — subscribers notified: 1
  ok   suspend and resume are delivered — suspended: conformance, resumed: 1
  ok   dispose stops listening — disposed: 1, listener present: false
  ok   the declared state migration carries the previous version's fixture to a valid current state — stateVersion is 0, so there is nothing to migrate

interaction
  ok   a repeated invocation runs the action once — times run: 1
  ok   a stale state write is refused — STALE_REVISION
  ok   an action the host never accepted is refused — ACTION_UNKNOWN
  ok   the definition declares its sizing, which is what pin and detach depend on — compact: true, expanded: true
  n/a  keyboard reachability — needs a rendered frame
  n/a  touch target size — needs a rendered frame
  n/a  detach keeps one live owner — needs a window that can be detached and re-attached; run the dev host's real detach/reattach and pass its facts with --frames
  n/a  a spoken action and the same click agree — needs a rendered frame and a voice session, and a voice session needs a provider account

rendering
  ok   the required fixtures are present — present: default, empty, error, compact
  ok   a text fallback is declared — textFallback: 61 characters
  n/a  the narrow layout — needs a rendered frame at a known viewport
  n/a  the compact layout — needs a rendered frame at a known viewport
  n/a  the expanded layout — needs a rendered frame at a known viewport
  n/a  the loading state — needs a rendered frame at a known viewport
  n/a  the read-only state — needs a rendered frame at a known viewport
  n/a  reduced motion — needs a rendered frame at a known viewport

20 passed, 0 failed, 10 need the dev host
The checks marked n/a are not verified by this command: they need a rendered frame.

packed com.example.clark-widget-czeflp@0.1.0
  sha256:a60f7d2a0878f456f4070628274085702294ec1007d4c1e51cf59898fc1756a7
  C:\Users\admin\AppData\Local\Temp\clark-widget-CZEfLP\dist\artifact.json
prepared the directory entry for com.example.clark-widget-czeflp@0.1.0  risk lane: service  digest: sha256:a60f7d2a0878f456f4070628274085702294ec1007d4c1e51cf59898fc1756a7  C:\Users\admin\AppData\Local\Temp\clark-widget-CZEfLP\dist\directory-entry.jsonSubmitting needs a directory account; a local path needs none.created a blank widget package in C:\Users\admin\AppData\Local\Temp\clark-widget-9PMlpc
next: clark widget test C:\Users\admin\AppData\Local\Temp\clark-widget-9PMlpc

schema
  ok   the default fixture matches the props schema — fixtures/default.json validates
  ok   malformed props are rejected — required property "title" is missing
  ok   additional props are rejected when the schema forbids them — unknown property "conformanceExtraKey"
  ok   the state version is declared — stateVersion is 0

security
  ok   a forged nonce is rejected — NONCE_MISMATCH
  ok   a message from another window is rejected — SOURCE_MISMATCH
  ok   no secret, shell or approval surface is reachable — none of readAllSecrets, shell, queryCoreDb, disableCSP, approve, installAnything, registerSidebar, grant, fs, readFile, writeFile is on the author API
  ok   the entry reaches no origin the manifest does not declare — the entry names no origin
  ok   a host-owned card cannot be minted by a widget — question-card is recognised as host-owned

lifecycle
  ok   the widget mounts on init — status after init: ready, mount handlers fired: 1
  ok   a props update reaches the widget — subscribers notified: 1
  ok   suspend and resume are delivered — suspended: conformance, resumed: 1
  ok   dispose stops listening — disposed: 1, listener present: false
  ok   the declared state migration carries the previous version's fixture to a valid current state — stateVersion is 0, so there is nothing to migrate

interaction
  ok   a repeated invocation runs the action once — times run: 1
  ok   a stale state write is refused — STALE_REVISION
  ok   an action the host never accepted is refused — ACTION_UNKNOWN
  ok   the definition declares its sizing, which is what pin and detach depend on — compact: true, expanded: true
  n/a  keyboard reachability — needs a rendered frame
  n/a  touch target size — needs a rendered frame
  n/a  detach keeps one live owner — needs a window that can be detached and re-attached; run the dev host's real detach/reattach and pass its facts with --frames
  n/a  a spoken action and the same click agree — needs a rendered frame and a voice session, and a voice session needs a provider account

rendering
  FAIL the required fixtures are present — missing: error
  ok   a text fallback is declared — textFallback: 61 characters
  n/a  the narrow layout — needs a rendered frame at a known viewport
  n/a  the compact layout — needs a rendered frame at a known viewport
  n/a  the expanded layout — needs a rendered frame at a known viewport
  n/a  the loading state — needs a rendered frame at a known viewport
  n/a  the read-only state — needs a rendered frame at a known viewport
  n/a  reduced motion — needs a rendered frame at a known viewport

19 passed, 1 failed, 10 need the dev host
created a blank widget package in C:\Users\admin\AppData\Local\Temp\clark-widget-I7eNem
next: clark widget test C:\Users\admin\AppData\Local\Temp\clark-widget-I7eNem
 ✓ apps/runtime/test/xy-charts.spec.ts (20 tests) 972ms

schema
  ok   the default fixture matches the props schema — fixtures/default.json validates
  ok   malformed props are rejected — required property "title" is missing
  ok   additional props are rejected when the schema forbids them — unknown property "conformanceExtraKey"
  ok   the state version is declared — stateVersion is 0

security
  ok   a forged nonce is rejected — NONCE_MISMATCH
  ok   a message from another window is rejected — SOURCE_MISMATCH
  ok   no secret, shell or approval surface is reachable — none of readAllSecrets, shell, queryCoreDb, disableCSP, approve, installAnything, registerSidebar, grant, fs, readFile, writeFile is on the author API
  ok   the entry reaches no origin the manifest does not declare — the entry names no origin
  ok   a host-owned card cannot be minted by a widget — question-card is recognised as host-owned

lifecycle
  ok   the widget mounts on init — status after init: ready, mount handlers fired: 1
  ok   a props update reaches the widget — subscribers notified: 1
  ok   suspend and resume are delivered — suspended: conformance, resumed: 1
  ok   dispose stops listening — disposed: 1, listener present: false
  ok   the declared state migration carries the previous version's fixture to a valid current state — stateVersion is 0, so there is nothing to migrate

interaction
  ok   a repeated invocation runs the action once — times run: 1
  ok   a stale state write is refused — STALE_REVISION
  ok   an action the host never accepted is refused — ACTION_UNKNOWN
  ok   the definition declares its sizing, which is what pin and detach depend on — compact: true, expanded: true
  n/a  keyboard reachability — needs a rendered frame
  n/a  touch target size — needs a rendered frame
  n/a  detach keeps one live owner — needs a window that can be detached and re-attached; run the dev host's real detach/reattach and pass its facts with --frames
  n/a  a spoken action and the same click agree — needs a rendered frame and a voice session, and a voice session needs a provider account

rendering
  ok   the required fixtures are present — present: default, empty, error, compact
  ok   a text fallback is declared — textFallback: 61 characters
  n/a  the narrow layout — needs a rendered frame at a known viewport
  n/a  the compact layout — needs a rendered frame at a known viewport
  n/a  the expanded layout — needs a rendered frame at a known viewport
  n/a  the loading state — needs a rendered frame at a known viewport
  n/a  the read-only state — needs a rendered frame at a known viewport
  n/a  reduced motion — needs a rendered frame at a known viewport

20 passed, 0 failed, 10 need the dev host
The checks marked n/a are not verified by this command: they need a rendered frame.

packed com.example.clark-widget-i7enem@0.1.0
  sha256:8cc4514df1d745d5b265370c13b1c4a3823553858ec0f2bcf523f3e0bbd43713
  C:\Users\admin\AppData\Local\Temp\clark-widget-I7eNem\dist\artifact.json
The checks marked n/a are not verified by this command: they need a rendered frame.Refusing to publish a package that fails conformance.version 0.1.0 was already packed with a different digest.
A version whose bytes changed is a different package wearing the same number; bump the version.
prepared the directory entry for com.example.clark-widget-i7enem@0.1.0  risk lane: isolated-ui  digest: sha256:8cc4514df1d745d5b265370c13b1c4a3823553858ec0f2bcf523f3e0bbd43713  C:\Users\admin\AppData\Local\Temp\clark-widget-I7eNem\dist\directory-entry.jsonSubmitting needs a directory account; a local path needs none. ✓ apps/runtime/test/update-checks.spec.ts (26 tests) 1206ms
 ✓ packages/widget-cli/test/conformance.spec.ts (35 tests) 1496ms
 ✓ apps/runtime/test/input-primitives.spec.ts (20 tests) 1021ms
[fts-baseline] lexical 30/31 (96.8%); semantic-only 2/8 (25.0%) — the gap Phase 10 must close
lexical failures:
  phân tích cảm xúc khách hàng → expected (nothing), got msg_meeting
 ✓ apps/runtime/test/session-search.spec.ts (22 tests) 969ms
 ✓ apps/runtime/test/node-tools.spec.ts (11 tests) 1470ms
   ✓ the command tool obeys the execution policy (5)
     ✓ runs a command the default policy allows, with no card anywhere 364ms
     ✓ runs even when the node has nowhere to write the trail, because a record is not a permission 481ms
 ✓ apps/runtime/test/notice-operations.spec.ts (17 tests) 849ms
 ✓ apps/runtime/test/open-interfaces.spec.ts (23 tests) 1520ms
created a form widget package in C:\Users\admin\AppData\Local\Temp\clark-devhost-ssmNfj
next: clark widget test C:\Users\admin\AppData\Local\Temp\clark-devhost-ssmNfj
created a form widget package in C:\Users\admin\AppData\Local\Temp\clark-devhost-R7sDdg
next: clark widget test C:\Users\admin\AppData\Local\Temp\clark-devhost-R7sDdg
created a form widget package in C:\Users\admin\AppData\Local\Temp\clark-devhost-9qEUar
next: clark widget test C:\Users\admin\AppData\Local\Temp\clark-devhost-9qEUar
created a form widget package in C:\Users\admin\AppData\Local\Temp\clark-devhost-FeyxTx
next: clark widget test C:\Users\admin\AppData\Local\Temp\clark-devhost-FeyxTx
 ✓ packages/pi-adapter/test/sdk-compatibility.spec.ts (7 tests) 2140ms
   ✓ the extension seam this feature depends on (6)
     ✓ exports the loader, the session factory and the extension runtime 1603ms
created a form widget package in C:\Users\admin\AppData\Local\Temp\clark-devhost-pnExxF
next: clark widget test C:\Users\admin\AppData\Local\Temp\clark-devhost-pnExxF
created a form widget package in C:\Users\admin\AppData\Local\Temp\clark-devhost-AjZiOL
next: clark widget test C:\Users\admin\AppData\Local\Temp\clark-devhost-AjZiOL
created a form widget package in C:\Users\admin\AppData\Local\Temp\clark-devhost-RAAHrG
next: clark widget test C:\Users\admin\AppData\Local\Temp\clark-devhost-RAAHrG
 ✓ apps/runtime/test/control-app-tool.spec.ts (20 tests) 1037ms
created a form widget package in C:\Users\admin\AppData\Local\Temp\clark-devhost-X9qpCF
next: clark widget test C:\Users\admin\AppData\Local\Temp\clark-devhost-X9qpCF
 ✓ apps/runtime/test/app-intents.spec.ts (21 tests) 960ms
created a form widget package in C:\Users\admin\AppData\Local\Temp\clark-devhost-ymrxY2
next: clark widget test C:\Users\admin\AppData\Local\Temp\clark-devhost-ymrxY2
 ✓ apps/runtime/test/bind-failure.spec.ts (1 test) 1570ms
   ✓ a node that cannot bind its port (1)
     ✓ names the port and says what to do, instead of a stack trace 1568ms
 ✓ apps/runtime/test/package-files-route.spec.ts (14 tests) 978ms
 ✓ apps/runtime/test/workflow-executor.spec.ts (21 tests) 1464ms
   ✓ a run (14)
     ✓ ends a step still running at the total deadline as uncertain, with the arguments it was sent 622ms
     ✓ promises no inbox question when the ledger could not hold the call 412ms
     ✓ says a read that did not finish changed nothing, and asks nobody about it 407ms
 ✓ apps/runtime/test/composer-references.spec.ts (20 tests) 1005ms
created a form widget package in C:\Users\admin\AppData\Local\Temp\clark-devhost-X1ZBca
next: clark widget test C:\Users\admin\AppData\Local\Temp\clark-devhost-X1ZBca
created a form widget package in C:\Users\admin\AppData\Local\Temp\clark-devhost-pMFQjy
next: clark widget test C:\Users\admin\AppData\Local\Temp\clark-devhost-pMFQjy
 ✓ packages/widget-cli/test/dev-host.spec.ts (40 tests) 1547ms
 ✓ packages/storage/test/artifact-refs.spec.ts (20 tests) 724ms
 ✓ packages/core/test/core.spec.ts (49 tests) 1173ms
 ✓ apps/runtime/test/package-install-capability-approval.spec.ts (17 tests) 1311ms
 ✓ apps/runtime/test/peer-signals.spec.ts (6 tests) 1302ms
   ✓ a paired Clark's news (6)
     ✓ reaches the standing request the person set up on the other node, under the sender's name 310ms
 ✓ apps/runtime/test/jev-decider.spec.ts (19 tests) 720ms
 ✓ apps/runtime/test/task-dispatch-scoped.spec.ts (8 tests) 13327ms
   ✓ a repository is worked on in the task's own worktree (3)
     ✓ runs a real worker whose command commits on the task's branch, and leaves the person's tree alone 3589ms
     ✓ gives each repository of one task its own worktree, and takes them all away when it ends 6329ms
     ✓ refuses a repository task on a node that keeps no place for worktrees, rather than working in place 1396ms
   ✓ stopping a task stops the commands its worker started on the host (1)
     ✓ ends a long command when the task is stopped 1676ms
 ✓ apps/runtime/test/widget-semantic.spec.ts (14 tests) 1036ms
 ✓ apps/runtime/test/mini-app-compose.spec.ts (16 tests) 732ms
 ✓ apps/runtime/test/task-dispatch.spec.ts (12 tests) 1457ms
   ✓ dispatching a task runs a worker (9)
     ✓ runs a real worker child process, which honestly reports not-verified and fails the task 913ms
 ✓ packages/pi-adapter/test/pi-adapter.spec.ts (30 tests) 1899ms
   ✓ real SDK adapter availability (P0.1) (1)
     ✓ loads the installed Pi SDK and reports the required exports as present 1652ms
 ✓ apps/runtime/test/package-lifecycle-route.spec.ts (13 tests) 1015ms
 ✓ apps/desktop/test/file-bridge.spec.ts (19 tests | 2 skipped) 897ms
   ✓ writing a file whole (6)
     ✓ leaves the original as it was and removes its temporary file when the write cannot finish 754ms
 ✓ apps/runtime/test/artifact-server.spec.ts (8 tests) 790ms
 ✓ apps/runtime/test/widget-state-route.spec.ts (8 tests) 515ms
 ✓ apps/runtime/test/attachment-routes.spec.ts (15 tests) 841ms
 ✓ apps/runtime/test/effect-reconciliation.spec.ts (13 tests) 792ms
 ✓ apps/runtime/test/browser-task-tool.spec.ts (15 tests) 685ms
 ✓ packs/project-work/test/worktree.spec.ts (12 tests) 19006ms
   ✓ a lock records the repository, not just the path (T15) (5)
     ✓ reads the identity of a real repository 620ms
     ✓ accepts a lock while nothing has moved 782ms
     ✓ catches HEAD moving under a running task 1150ms
     ✓ catches the same path belonging to a different repository 937ms
     ✓ does not treat a detached HEAD as a branch named HEAD 984ms
   ✓ a dirty working tree is refused, never cleaned (T16) (7)
     ✓ refuses an uncommitted edit and names the file 1679ms
     ✓ refuses an untracked file too, because it is also work that exists nowhere else 2137ms
     ✓ leaves the user's edit exactly as it was 1780ms
     ✓ does not commit, checkout or reset anything while refusing 2675ms
     ✓ allows a clean tree 2173ms
     ✓ refuses on the lock before it even looks at the tree 2996ms
     ✓ reports a clean tree as clean 1091ms
 ✓ apps/runtime/test/preference-routes.spec.ts (15 tests) 671ms
 ✓ packages/pi-adapter/test/skills.spec.ts (5 tests) 1653ms
   ✓ the real adapter's skills (4)
     ✓ lists personal and project skills with a revision and no path 1585ms
 ✓ apps/cli/test/cli.spec.ts (15 tests) 856ms
 ✓ apps/runtime/test/work-recovery.spec.ts (14 tests) 619ms
 ✓ packages/core/test/preference-registry.spec.ts (35 tests) 934ms
 ✓ apps/runtime/test/pack-load.spec.ts (9 tests) 1022ms
   ✓ the node's own path to loading the pack (1)
     ✓ stops reporting the pack as one no worker has loaded 637ms
 ✓ apps/runtime/test/compose-layout.spec.ts (13 tests) 745ms
 ✓ apps/runtime/test/task-dispatch-browser.spec.ts (15 tests) 15279ms
   ✓ a task dispatched to the browser (8)
     ✓ runs a worker whose lost submit becomes an unknown effect, an uncertain task and one notice 582ms
   ✓ a task dispatched to the browser, on the node's model (7)
     ✓ works the task on the node's model, offered use_browser and nothing else, with the key over stdin only 2592ms
     ✓ stops the worker at its token budget after the turn that crossed it, before asking the model again 2186ms
     ✓ ends the provider call when the person stops the task 3912ms
     ✓ keeps the key out of what comes back even when the provider's error quotes it and the quote is cut short 2670ms
     ✓ says the model answered without using the browser when it replied in words and called nothing 2546ms
 ✓ apps/runtime/test/activity-route.spec.ts (12 tests) 527ms
 ✓ apps/runtime/test/attachment-in-turn.spec.ts (12 tests) 716ms
 ✓ apps/runtime/test/service-host.spec.ts (29 tests) 16761ms
   ✓ a capability another package held when this one started (1)
     ✓ is served by this package after the next reconcile once that package is gone, without restarting its service 302ms
   ✓ what the manifest declares against what the service lists (2)
     ✓ registers a declared tool the service does not list as not loaded, with that as the reason 394ms
   ✓ a service that is not running (9)
     ✓ starts the service once an engine appears, without restarting the node 364ms
     ✓ does not come back after a stop that landed while it was waiting to restart 1488ms
     ✓ marks the capabilities down when the service is killed, and brings it back with its data 1939ms
     ✓ reports a call whose service exits mid-call as sent, so the caller keeps it as one that may have run 625ms
     ✓ leaves a service that keeps dying stopped, and says so 1254ms
     ✓ marks the capabilities as no longer installed when the package is uninstalled 334ms
   ✓ a call its caller bounds (5)
     ✓ ends a call past the caller's deadline as timed out, says it may have run, and tells the service to drop it 2896ms
     ✓ withdraws a call when the caller's signal aborts, as cancelled rather than as nothing having happened 2753ms
     ✓ never gives a call more time than the host's own ceiling, and answers a quick one as usual 1259ms
 ✓ apps/runtime/test/vector-index.spec.ts (14 tests) 546ms
 ✓ packages/widget-cli/test/theme-cli.spec.ts (11 tests) 473ms
 ✓ packages/design-tokens/test/identity-protected.spec.ts (16 tests) 772ms
   ✓ identity (3)
     ✓ writes only closed names and host-written values for every recipe and effect at every bound 700ms
 ✓ apps/runtime/test/attachments.spec.ts (15 tests) 616ms
 ✓ apps/runtime/test/github-polling.spec.ts (10 tests) 606ms
 ✓ packages/capability-host/test/quarantine.spec.ts (11 tests | 1 skipped) 927ms
   ✓ the isolated build (3)
     ✓ reports a build that fails, and one that does not finish 457ms
 ✓ apps/runtime/test/read-attachment-tool.spec.ts (11 tests) 516ms
 ✓ apps/runtime/test/effect-notices.spec.ts (9 tests) 485ms
 ✓ apps/runtime/test/mini-app-actions.spec.ts (11 tests) 570ms
 ✓ packages/contracts/test/activity-timeline.spec.ts (25 tests) 759ms
   ✓ grouping by day (7)
     ✓ groups by the same days whatever timezone the reading process is in 716ms
created a form widget package in C:\Users\admin\AppData\Local\Temp\clark-widget-detach-0A283Y
next: clark widget test C:\Users\admin\AppData\Local\Temp\clark-widget-detach-0A283Y
 ✓ apps/runtime/test/memory.spec.ts (11 tests) 462ms
 ✓ apps/runtime/test/table-export-route.spec.ts (12 tests) 648ms
 ✓ packages/widget-host/test/session.spec.ts (44 tests) 1096ms
   ✓ the artifacts@1 extension (14)
     ✓ keeps only the latest entries of what the frame said, so a frame that keeps asking cannot grow the record 862ms
 ✓ apps/runtime/test/hybrid-rank.spec.ts (13 tests) 503ms
 ✓ apps/runtime/test/suggestions.spec.ts (12 tests) 468ms
 ✓ apps/runtime/test/task-dispatch-project-work-pack.spec.ts (2 tests) 942ms
   ✓ dispatching project.code.change@1 through the project-work pack (2)
     ✓ runs a real worker child that calls write_project_file, and settles the task succeeded with evidence 940ms
 ✓ packages/contracts/test/calendar-view.spec.ts (25 tests) 856ms
   ✓ times without an offset (3)
     ✓ places the same rows on the same days whatever timezone the reading process is in 835ms
 ✓ apps/runtime/test/secret-broker.spec.ts (11 tests) 421ms
 ✓ apps/runtime/test/package-install-legacy-grant-resolution.spec.ts (8 tests) 448ms
 ✓ apps/runtime/test/session-store.spec.ts (8 tests) 375ms
 ✓ apps/runtime/test/embeddings-local.spec.ts (4 tests | 1 skipped) 795ms
   ✓ loading (2)
     ✓ returns a reason, not an exception, when the model cannot be used 790ms
 ✓ apps/runtime/test/stop-turn.spec.ts (8 tests) 684ms
 ✓ apps/runtime/test/j1-journey.spec.ts (20 tests) 583ms
 ✓ packages/widget-cli/test/detach-real-browser.e2e.spec.ts (1 test) 1252ms
   ✓ detach against a real browser (1)
     ✓ moves the lease to a real detached window and back, with never more than one owner 1250ms
 ✓ apps/runtime/test/expiry-notices.spec.ts (8 tests) 443ms
 ✓ apps/runtime/test/peer-transport-answer.spec.ts (5 tests) 581ms
 ✓ apps/runtime/test/installed-widgets-route.spec.ts (7 tests) 496ms
 ✓ packages/conversation-client/test/attachments.spec.ts (11 tests) 551ms
   ✓ encoding the bytes (2)
     ✓ encodes a file larger than the argument limit without overflowing the stack 542ms
 ✓ apps/runtime/test/composition-graph.spec.ts (9 tests) 561ms
 ✓ apps/runtime/test/task-approval-decide.spec.ts (7 tests) 535ms
 ✓ apps/runtime/test/conductor-routing.spec.ts (7 tests) 434ms
 ✓ packages/core/test/automation.spec.ts (22 tests) 556ms
 ✓ packages/storage/test/secrets.spec.ts (11 tests) 401ms
 ✓ packages/widget-cli/test/theme-dev-host.spec.ts (2 tests) 595ms
   ✓ the production theme author dev host (2)
     ✓ serves checked theme data and the production module entry, refusing other origins and package file browsing 358ms
 ✓ packages/core/test/hardening.spec.ts (22 tests) 518ms
 ✓ packages/storage/test/audit.spec.ts (7 tests) 264ms
 ✓ apps/runtime/test/artifact-transfer.spec.ts (13 tests) 575ms
   ✓ a node serving the bytes it holds (3)
     ✓ serves a blob it offered a confirmed peer to that peer, and refuses everyone else 325ms
 ✓ packages/conversation-client/test/appearance.spec.ts (15 tests) 448ms
 ✓ packs/google-calendar/test/connector.spec.ts (6 tests) 500ms
   ✓ writing through the connector (3)
     ✓ reports a write that timed out as unknown, not as failed 346ms
 ✓ packages/storage/test/peer-delivery-state.spec.ts (13 tests) 349ms
 ✓ packages/core/test/execution-policy-migration.spec.ts (20 tests) 417ms
 ✓ apps/runtime/test/frame-grant-lifetime.spec.ts (7 tests) 454ms
 ✓ packages/core/test/consent.spec.ts (21 tests) 493ms
 ✓ packages/core/test/onboarding.spec.ts (18 tests) 393ms
 ✓ packages/core/test/surface-snapshot.spec.ts (10 tests) 351ms
 ✓ packages/core/test/install-from-source.spec.ts (20 tests) 507ms
 ✓ apps/runtime/test/install-approval.spec.ts (13 tests) 18064ms
   ✓ an install the policy asks about waits in the inbox (2)
     ✓ is listed under waiting with the package, the version, what it asks for and the artifact it is about 1154ms
     ✓ is not listed once the directory no longer lists the artifact it asked about 1544ms
   ✓ the person's answer (3)
     ✓ installs on Approve, through the same install, once 1771ms
     ✓ installs nothing on Deny 1211ms
     ✓ installs nothing once the approval has expired, decided late or swept 1097ms
   ✓ settling an expired install approval (1)
     ✓ leaves one the person decided between the sweep's read and its write as they decided it 963ms
   ✓ an approval stays bound to the artifact it was given for (4)
     ✓ does not install a listing republished after the ask, and leaves the question as it was 1475ms
     ✓ refuses a decision made on another digest than the one asked about 1486ms
     ✓ has the install itself refuse an approval given for another artifact 1256ms
     ✓ still honours a policy that now forbids installing, even after Approve 1010ms
   ✓ machine surfaces cannot install or decide an install (3)
     ✓ lists both routes as person-only, matching the raw segments 1006ms
     ✓ refuses a request the MCP endpoint or the relay forwarded, and installs nothing 2812ms
     ✓ gives the model no way to install: the package tool lists, uninstalls, restores and rolls back only 1277ms
 ✓ apps/runtime/test/delegated-artifacts.spec.ts (18 tests) 494ms
 ✓ apps/runtime/test/model-bootstrap-routing.spec.ts (7 tests) 312ms
 ✓ apps/runtime/test/background-route.spec.ts (5 tests) 224ms
 ✓ packages/capability-host/test/dependency-lock.spec.ts (23 tests) 765ms
 ✓ apps/runtime/test/conversation-delete.spec.ts (15 tests) 576ms
 ✓ apps/runtime/test/webhook-signals.spec.ts (7 tests) 367ms
 ✓ apps/runtime/test/autonomy-settings.spec.ts (13 tests) 458ms
 ✓ packages/core/test/widget-lifecycle.spec.ts (18 tests) 435ms
 ✓ packages/node-link/test/node-link.spec.ts (12 tests) 278ms
 ✓ apps/runtime/test/command-policy.spec.ts (27 tests) 285ms
 ✓ apps/runtime/test/request-secret.spec.ts (5 tests) 179ms
 ✓ packages/storage/test/outbox-backoff.spec.ts (10 tests) 207ms
 ✓ packages/core/test/widget-state-patch.spec.ts (14 tests) 310ms
 ✓ apps/runtime/test/credential-vault.spec.ts (4 tests) 148ms
 ✓ packages/core/test/mini-app-ownership.spec.ts (12 tests) 296ms
 ✓ packages/core/test/installed-widgets.spec.ts (11 tests) 147ms
 ✓ packages/core/test/effect-reconciliation.spec.ts (12 tests) 263ms
 ✓ packages/core/test/package-uninstall.spec.ts (11 tests) 316ms
 ✓ examples/note-widget/test/editor.spec.ts (9 tests) 191ms
 ✓ apps/runtime/test/attachment-server.spec.ts (4 tests) 287ms
created a blank widget package in C:\Users\admin\AppData\Local\Temp\clark-widget-uNfTJd
next: clark widget test C:\Users\admin\AppData\Local\Temp\clark-widget-uNfTJd
 ✓ examples/media-widget-contract/test/fixture.spec.ts (9 tests) 224ms

schema
  ok   the default fixture matches the props schema — fixtures/default.json validates
  ok   malformed props are rejected — required property "title" is missing
  ok   additional props are rejected when the schema forbids them — unknown property "conformanceExtraKey"
  ok   the state version is declared — stateVersion is 0

security
  ok   a forged nonce is rejected — NONCE_MISMATCH
  ok   a message from another window is rejected — SOURCE_MISMATCH
  ok   no secret, shell or approval surface is reachable — none of readAllSecrets, shell, queryCoreDb, disableCSP, approve, installAnything, registerSidebar, grant, fs, readFile, writeFile is on the author API
  ok   the entry reaches no origin the manifest does not declare — the entry names no origin
  ok   a host-owned card cannot be minted by a widget — question-card is recognised as host-owned

lifecycle
  ok   the widget mounts on init — status after init: ready, mount handlers fired: 1
  ok   a props update reaches the widget — subscribers notified: 1
  ok   suspend and resume are delivered — suspended: conformance, resumed: 1
  ok   dispose stops listening — disposed: 1, listener present: false
  ok   the declared state migration carries the previous version's fixture to a valid current state — stateVersion is 0, so there is nothing to migrate

interaction
  ok   a repeated invocation runs the action once — times run: 1
  ok   a stale state write is refused — STALE_REVISION
  ok   an action the host never accepted is refused — ACTION_UNKNOWN
  ok   the definition declares its sizing, which is what pin and detach depend on — compact: true, expanded: true
  n/a  keyboard reachability — needs a rendered frame
  n/a  touch target size — needs a rendered frame
  n/a  detach keeps one live owner — needs a window that can be detached and re-attached; run the dev host's real detach/reattach and pass its facts with --frames
  n/a  a spoken action and the same click agree — needs a rendered frame and a voice session, and a voice session needs a provider account

rendering
  ok   the required fixtures are present — present: default, empty, error, compact
  ok   a text fallback is declared — textFallback: 61 characters
  n/a  the narrow layout — needs a rendered frame at a known viewport
  n/a  the compact layout — needs a rendered frame at a known viewport
  n/a  the expanded layout — needs a rendered frame at a known viewport
  n/a  the loading state — needs a rendered frame at a known viewport
  n/a  the read-only state — needs a rendered frame at a known viewport
  n/a  reduced motion — needs a rendered frame at a known viewport

20 passed, 0 failed, 10 need the dev host
The checks marked n/a are not verified by this command: they need a rendered frame.

packed com.example.clark-widget-unftjd@0.1.0
  sha256:6abd4bcbbc43a2136cea8c0366e01fd12d73f142371be9153173710a02ce47ba
  C:\Users\admin\AppData\Local\Temp\clark-widget-uNfTJd\dist\artifact.json
prepared the directory entry for com.example.clark-widget-unftjd@0.1.0  risk lane: isolated-ui ✓ apps/runtime/test/app-intents-appearance.spec.ts (8 tests) 274ms
  digest: sha256:6abd4bcbbc43a2136cea8c0366e01fd12d73f142371be9153173710a02ce47ba  C:\Users\admin\AppData\Local\Temp\clark-widget-uNfTJd\dist\directory-entry.jsonSubmitting needs a directory account; a local path needs none.
schema
  ok   the default fixture matches the props schema — fixtures/default.json validates
  ok   malformed props are rejected — required property "title" is missing
  ok   additional props are rejected when the schema forbids them — unknown property "conformanceExtraKey"
  ok   the state version is declared — stateVersion is 0

security
  ok   a forged nonce is rejected — NONCE_MISMATCH
  ok   a message from another window is rejected — SOURCE_MISMATCH
  ok   no secret, shell or approval surface is reachable — none of readAllSecrets, shell, queryCoreDb, disableCSP, approve, installAnything, registerSidebar, grant, fs, readFile, writeFile is on the author API
  ok   the entry reaches no origin the manifest does not declare — the entry names no origin
  ok   a host-owned card cannot be minted by a widget — question-card is recognised as host-owned

lifecycle
  ok   the widget mounts on init — status after init: ready, mount handlers fired: 1
  ok   a props update reaches the widget — subscribers notified: 1
  ok   suspend and resume are delivered — suspended: conformance, resumed: 1
  ok   dispose stops listening — disposed: 1, listener present: false
  ok   the declared state migration carries the previous version's fixture to a valid current state — stateVersion is 0, so there is nothing to migrate

interaction
  ok   a repeated invocation runs the action once — times run: 1
  ok   a stale state write is refused — STALE_REVISION
  ok   an action the host never accepted is refused — ACTION_UNKNOWN
  ok   the definition declares its sizing, which is what pin and detach depend on — compact: true, expanded: true
  n/a  keyboard reachability — needs a rendered frame
  n/a  touch target size — needs a rendered frame
  n/a  detach keeps one live owner — needs a window that can be detached and re-attached; run the dev host's real detach/reattach and pass its facts with --frames
  n/a  a spoken action and the same click agree — needs a rendered frame and a voice session, and a voice session needs a provider account

rendering
  ok   the required fixtures are present — present: default, empty, error, compact
  ok   a text fallback is declared — textFallback: 61 characters
  n/a  the narrow layout — needs a rendered frame at a known viewport
  n/a  the compact layout — needs a rendered frame at a known viewport
  n/a  the expanded layout — needs a rendered frame at a known viewport
  n/a  the loading state — needs a rendered frame at a known viewport
  n/a  the read-only state — needs a rendered frame at a known viewport
  n/a  reduced motion — needs a rendered frame at a known viewport

20 passed, 0 failed, 10 need the dev host
The checks marked n/a are not verified by this command: they need a rendered frame.

packed com.example.clark-widget-unftjd@0.2.0
  sha256:69b3363e24f3e324a37158eced9e904a7c9d4a182dc12a13f80ad73824d40fca
  C:\Users\admin\AppData\Local\Temp\clark-widget-uNfTJd\dist\artifact.json
Refusing to publish com.example.clark-widget-unftjd@0.2.0:
  com.example.clark-widget-unftjd.main@1: stateSchema changed but stateVersion is still 0; raise it and add a migration step
 ✓ packages/integration-sdk/test/calendar-api.spec.ts (9 tests) 221ms

schema
  ok   the default fixture matches the props schema — fixtures/default.json validates
  ok   malformed props are rejected — required property "title" is missing
  ok   additional props are rejected when the schema forbids them — unknown property "conformanceExtraKey"
  ok   the state version is declared — stateVersion is 1

security
  ok   a forged nonce is rejected — NONCE_MISMATCH
  ok   a message from another window is rejected — SOURCE_MISMATCH
  ok   no secret, shell or approval surface is reachable — none of readAllSecrets, shell, queryCoreDb, disableCSP, approve, installAnything, registerSidebar, grant, fs, readFile, writeFile is on the author API
  ok   the entry reaches no origin the manifest does not declare — the entry names no origin
  ok   a host-owned card cannot be minted by a widget — question-card is recognised as host-owned

lifecycle
  ok   the widget mounts on init — status after init: ready, mount handlers fired: 1
  ok   a props update reaches the widget — subscribers notified: 1
  ok   suspend and resume are delivered — suspended: conformance, resumed: 1
  ok   dispose stops listening — disposed: 1, listener present: false
  ok   the declared state migration carries the previous version's fixture to a valid current state — fixtures/state-v0.json migrates to a state stateSchema accepts (1 operation)

interaction
  ok   a repeated invocation runs the action once — times run: 1
  ok   a stale state write is refused — STALE_REVISION
  ok   an action the host never accepted is refused — ACTION_UNKNOWN
  ok   the definition declares its sizing, which is what pin and detach depend on — compact: true, expanded: true
  n/a  keyboard reachability — needs a rendered frame
  n/a  touch target size — needs a rendered frame
  n/a  detach keeps one live owner — needs a window that can be detached and re-attached; run the dev host's real detach/reattach and pass its facts with --frames
  n/a  a spoken action and the same click agree — needs a rendered frame and a voice session, and a voice session needs a provider account

rendering
  ok   the required fixtures are present — present: default, empty, error, compact
  ok   a text fallback is declared — textFallback: 61 characters
  n/a  the narrow layout — needs a rendered frame at a known viewport
  n/a  the compact layout — needs a rendered frame at a known viewport
  n/a  the expanded layout — needs a rendered frame at a known viewport
  n/a  the loading state — needs a rendered frame at a known viewport
  n/a  the read-only state — needs a rendered frame at a known viewport
  n/a  reduced motion — needs a rendered frame at a known viewport

20 passed, 0 failed, 10 need the dev host
The checks marked n/a are not verified by this command: they need a rendered frame.

packed com.example.clark-widget-unftjd@0.3.0
  sha256:a7fcb0ce554d2ef654fec66f6ea5148fa8f3c4e4cbc8e1006fba11b1b1747e53
  C:\Users\admin\AppData\Local\Temp\clark-widget-uNfTJd\dist\artifact.json
prepared the directory entry for com.example.clark-widget-unftjd@0.3.0  risk lane: isolated-ui  digest: sha256:a7fcb0ce554d2ef654fec66f6ea5148fa8f3c4e4cbc8e1006fba11b1b1747e53  C:\Users\admin\AppData\Local\Temp\clark-widget-uNfTJd\dist\directory-entry.jsonSubmitting needs a directory account; a local path needs none. ✓ packages/integration-sdk/test/token-exchange.spec.ts (8 tests) 158ms
 ✓ packages/widget-cli/test/version-rules.spec.ts (12 tests) 200ms
 ✓ apps/runtime/test/package-install-local-chain.spec.ts (2 tests) 213ms
 ✓ apps/runtime/test/peer-transport-backoff.spec.ts (5 tests) 165ms
 ✓ apps/runtime/test/capability-waiters.spec.ts (3 tests) 197ms
 ✓ apps/runtime/test/identity.spec.ts (3 tests) 142ms
 ✓ packages/core/test/installed-themes.spec.ts (9 tests) 167ms
 ✓ packages/storage/test/migration-split-theme-preference.spec.ts (7 tests) 156ms
 ✓ packages/storage/test/notice-operations-storage.spec.ts (3 tests) 133ms
 ✓ apps/worker/test/worker.spec.ts (29 tests) 149ms
 ✓ packages/widget-sdk/test/runtime.spec.ts (35 tests) 194ms
 ✓ packages/host-adapters/test/vault.spec.ts (3 tests) 79ms
 ✓ apps/runtime/test/selector-budget-wiring.spec.ts (2 tests) 126ms
 ✓ apps/runtime/test/peer-transport-skip.spec.ts (3 tests) 126ms
stdout | packages/core/test/execution-policy-parity.spec.ts > no tuple is looser than the legacy policy it replaced > holds for every surface, category, intent and boundary
legacy-vs-canonical tuples evaluated: 1120 over 10 legacy configurations

 ✓ packages/core/test/execution-policy-parity.spec.ts (9 tests) 135ms
 ✓ packages/storage/test/widget-semantic.spec.ts (3 tests) 111ms
 ✓ packages/core/test/task-cancel.spec.ts (6 tests) 169ms
 ✓ packages/core/test/task-cancel-peer.spec.ts (4 tests) 96ms
 ✓ apps/runtime/test/identifier-uniqueness.spec.ts (4 tests) 169ms
 ✓ packages/core/test/lease-sweep.spec.ts (4 tests) 97ms
 ✓ apps/runtime/test/lease-sweeper.spec.ts (5 tests) 127ms
 ✓ apps/runtime/test/jev-selector.spec.ts (23 tests) 84ms
 ✓ packages/conversation-client/test/chart-layout.spec.ts (40 tests) 94ms
 ✓ packages/widget-host/test/seams.spec.ts (42 tests) 308ms
 ✓ apps/runtime/test/tool-catalogue.spec.ts (2 tests) 175ms
 ✓ packages/core/test/widget-frame.spec.ts (10 tests) 87ms
 ✓ packages/core/test/package-manifest.spec.ts (15 tests) 82ms
 ✓ packages/widget-cli/test/dev-lease.spec.ts (4 tests) 87ms
 ✓ apps/runtime/test/work-supervisor.spec.ts (15 tests) 54ms
 ✓ packages/core/test/execution-policy.spec.ts (34 tests) 87ms
 ✓ apps/runtime/test/terminal-gateway.spec.ts (3 tests | 1 skipped) 64ms
 ✓ apps/runtime/test/turn-control.spec.ts (2 tests) 65ms
 ✓ packages/widget-catalog/test/timeline-schemas.spec.ts (4 tests) 56ms
 ✓ packages/pi-adapter/test/session-persistence.spec.ts (8 tests) 157ms
 ✓ packages/storage/test/migration-backfill-granted-capabilities.spec.ts (3 tests) 65ms
 ✓ packages/conversation-client/test/markdown.spec.tsx (17 tests) 55ms
 ✓ packages/contracts/test/table-view.spec.ts (29 tests) 72ms
 ✓ packages/widget-catalog/test/fixtures.spec.ts (7 tests) 59ms
 ✓ apps/runtime/test/fs-search.spec.ts (12 tests) 61ms
[calibration] BLOCKED: jev-vs-rank calibration was not produced. Set CLARKCANT_JEV_LIVE=1 and TYPESAFE_API_KEY to run it. The default is "rank" until it is measured.
 ✓ apps/runtime/test/jev-calibration-live.spec.ts (3 tests | 2 skipped) 53ms
 ✓ apps/runtime/test/terminal-tools.spec.ts (16 tests) 51ms
 ✓ packages/core/test/package-files.spec.ts (6 tests) 38ms
 ✓ apps/runtime/test/project-session.confinement.spec.ts (4 tests) 1131ms
   ✓ a project session is confined to the approved project roots (4)
     ✓ reads a file inside the selected project and refuses a file beside it 661ms
 ✓ apps/runtime/test/preflight.spec.ts (25 tests) 37ms
 ✓ packages/signal-sources/test/github.spec.ts (18 tests) 54ms
 ✓ packages/core/test/app-intents.spec.ts (31 tests) 49ms
 ✓ packages/design-tokens/test/appearance.spec.ts (21 tests) 52ms
 ✓ packages/contracts/test/contracts.spec.ts (78 tests) 40ms
 ✓ packages/conversation-client/test/styles.spec.ts (16 tests) 57ms
 ✓ packages/contracts/test/themes.spec.ts (15 tests) 23ms
 ✓ packages/conversation-client/test/locale.spec.ts (15 tests) 40ms
 ✓ packages/conversation-client/test/api-stream.spec.ts (13 tests) 32ms
 ✓ packs/browser-playwright/test/click-answer.spec.ts (13 tests) 24910ms
   ✓ a click is judged by the answer to what it sent (13)
     ✓ calls a form POST the server never answers unknown, and blocks sending it again until the page is observed 5756ms
     ✓ calls a script's fetch the server never answers unknown 2455ms
     ✓ calls an answered submission applied, and the page it landed on a new document 1169ms
     ✓ calls a client error refused by the site, and a server error unknown 4335ms
     ✓ says a click nobody marked as submitting sent something, when it did 1125ms
     ✓ stops a link to an undeclared origin before anything is sent there 2599ms
     ✓ stops a script taking the page to an undeclared origin, and says so 1504ms
     ✓ opens no pop-up a script asks for, on any site 1474ms
     ✓ loads no frame from an undeclared origin 836ms
     ✓ refuses an address the server redirects to an undeclared origin, and sends nothing there 1042ms
     ✓ reports a click that sent nothing as applied without waiting out the deadline 1055ms
     ✓ names what each reference is and which of them submit 1262ms
 ✓ apps/runtime/test/session-preview.spec.ts (8 tests) 32ms
 ✓ apps/runtime/test/view-tool.spec.ts (12 tests) 25ms
 ✓ packages/contracts/test/xy-charts.spec.ts (31 tests) 28ms
 ✓ packages/core/test/package-fetch.spec.ts (46 tests) 26485ms
   ✓ fetchGitArtifact (9)
     ✓ refuses a ref that is not a full commit id, before any fetch 510ms
     ✓ refuses a bare local path unless the caller explicitly opts in (C1: scheme allowlist) 396ms
     ✓ refuses a url crafted to be read as a git option, and spawns no git process at all (C1) 386ms
     ✓ refuses a non-https, non-local scheme outright, even one that names a real transport (C1) 500ms
     ✓ fetches a commit-pinned ref from a local repository and computes a stable digest over it 1095ms
     ✓ keys the cache by url as well as ref, so two remotes sharing a commit id do not collide (M3) 1917ms
     ✓ refuses a commit that does not exist at the remote 1739ms
     ✓ times out rather than hanging forever on an unreachable remote (H4) 2717ms
     ✓ changes digest when the tree changes, so a mutated commit is never mistaken for the pinned one 3535ms
   ✓ N2: expectedDigest is checked before a fetch becomes servable (4)
     ✓ refuses a git fetch whose bytes do not match expectedDigest, and leaves no servable cache directory (staged, before rename) 2106ms
     ✓ refuses a git cache hit whose already-cached bytes do not match a newly expected digest, without deleting the cache 2678ms
     ✓ succeeds when expectedDigest matches what was actually fetched 3429ms
     ✓ [fails on the old behaviour] a digest mismatch used to be caught only by the caller, after the rename already made the bytes servable 2439ms
   ✓ H1: a fetched git artifact actually serves a file end to end (1)
     ✓ resolves the entry's source to the cache path and reads a file out of it, once fetched 2214ms
   ✓ fetchNpmArtifact (19)
     ✓ N3: tar hardening (9)
       ✓ aborts a download that exceeds the size cap while streaming, even when the server sends no content-length at all 328ms
 ✓ packages/conversation-client/test/table-model.spec.ts (19 tests) 53ms
 ✓ apps/desktop/test/detached-window.spec.ts (18 tests) 36ms
 ✓ packages/contracts/test/artifact-viewers.spec.ts (35 tests) 32ms
 ✓ packages/widget-catalog/test/xy-chart-schemas.spec.ts (5 tests) 26ms
 ✓ apps/runtime/test/schema-patterns.spec.ts (70 tests) 25ms
 ✓ apps/runtime/test/directory-appearance.spec.ts (1 test) 30ms
 ✓ packages/contracts/test/status-cards.spec.ts (17 tests) 23ms
 ✓ packages/conversation-client/test/widget-artifacts.spec.ts (21 tests) 42ms
 ✓ packages/conversation-client/test/package-change-listeners.spec.ts (3 tests) 27ms
 ✓ packages/pi-adapter/test/scoped-fs-canonicalisation.spec.ts (2 tests) 31ms
 ✓ packages/contracts/test/widget-props.spec.ts (13 tests) 26ms
 ✓ packages/conversation-client/test/mini-app-helpers.spec.ts (13 tests) 30ms
 ✓ packages/conversation-client/test/artifact-viewers.spec.ts (12 tests) 29ms
 ✓ packages/pi-adapter/test/personal-instructions-wiring.spec.ts (9 tests) 10ms
 ✓ apps/runtime/test/child-env.spec.ts (5 tests) 6ms
 ✓ packages/widget-catalog/test/status-card-schemas.spec.ts (7 tests) 35ms
 ✓ packages/contracts/test/surface-composition.spec.ts (14 tests) 20ms
 ✓ packages/contracts/test/notice-actions.spec.ts (12 tests) 15ms
 ✓ packages/contracts/test/composition-graph.spec.ts (16 tests) 19ms
 ✓ apps/runtime/test/e2e-fixture-digests.spec.ts (5 tests) 20ms
 ✓ packages/conversation-client/test/theme-contrast-lines.spec.ts (6 tests) 27ms
 ✓ packages/conversation-client/test/frame-grant-renewal.spec.ts (7 tests) 28ms
 ✓ packages/widget-catalog/test/calendar-schemas.spec.ts (4 tests) 20ms
 ✓ packages/core/test/directory-index.spec.ts (10 tests) 37ms
 ✓ packages/contracts/test/text-rules.spec.ts (36 tests) 11ms
 ✓ packages/conversation-client/test/activity-timeline.spec.ts (10 tests) 21ms
 ✓ packages/conversation-client/test/widget-lab.spec.ts (14 tests) 20ms
 ✓ packages/widget-sdk/test/dom-appearance.spec.ts (1 test) 19ms
 ✓ packages/conversation-client/test/orb-profile.spec.ts (32 tests) 20ms
 ✓ packages/contracts/test/composition-layout.spec.ts (10 tests) 18ms
 ✓ packages/contracts/test/models.spec.ts (16 tests) 18ms
 ✓ packages/conversation-client/test/calendar-layout.spec.ts (6 tests) 15ms
 ✓ packages/contracts/test/preferences.spec.ts (17 tests) 19ms
 ✓ tools/test/platform-skipped-tests.spec.ts (19 tests) 15ms
 ✓ packages/contracts/test/artifacts.spec.ts (24 tests) 16ms
 ✓ packages/contracts/test/widget-semantic.spec.ts (14 tests) 18ms
 ✓ packages/core/test/package-sources.spec.ts (22 tests) 13ms
 ✓ apps/runtime/test/interactions.spec.ts (13 tests) 14ms
 ✓ packages/contracts/test/form-fields.spec.ts (25 tests) 14ms
 ✓ packages/contracts/test/attachments.spec.ts (12 tests) 12ms
 ✓ apps/desktop/test/appearance-tokens.spec.ts (4 tests) 17ms
 ✓ packages/core/test/widget-state-migration.spec.ts (10 tests) 11ms
 ✓ packages/signal-sources/test/webhook.spec.ts (7 tests) 16ms
 ✓ packages/voice-adapters/test/gemini-live.spec.ts (30 tests) 16ms
 ✓ packages/conversation-client/test/inbox-model.spec.ts (42 tests) 14ms
 ✓ packages/conversation-client/test/widget-appearance-disclosure.spec.ts (3 tests) 34ms
 ✓ apps/runtime/test/service-container.spec.ts (15 tests) 11ms
 ✓ packages/contracts/test/composer-references.spec.ts (18 tests) 12ms
 ✓ packages/conversation-client/test/orb.spec.ts (17 tests) 10ms
 ✓ packages/core/test/widget-document.spec.ts (10 tests) 12ms
 ✓ packages/widget-cli/test/cli-usage.spec.ts (9 tests) 15ms
 ✓ apps/desktop/test/security.spec.ts (30 tests) 11ms
 ✓ packages/widget-catalog/test/fixture-schema.spec.ts (4 tests) 12ms
 ✓ packs/data-canvas/test/definitions.spec.ts (6 tests) 12ms
 ✓ packages/contracts/test/execution.spec.ts (14 tests) 10ms
 ✓ packages/conversation-client/test/input-primitives.spec.ts (7 tests) 15ms
 ✓ packages/conversation-client/test/task-cards.spec.ts (17 tests) 13ms
 ✓ packages/conversation-client/test/host-cards.spec.ts (16 tests) 14ms
 ✓ apps/runtime/test/model-router.spec.ts (23 tests) 10ms
 ✓ packages/contracts/test/app-intents-widgets.spec.ts (8 tests) 8ms
 ✓ packages/conversation-client/test/appearance-actions.spec.ts (10 tests) 12ms
 ✓ examples/mcp-app-fixture/test/bridge.spec.ts (9 tests) 12ms
 ✓ packages/voice-adapters/test/voice-capabilities.spec.ts (9 tests) 14ms
 ✓ packages/conversation-client/test/desktop-compact.spec.ts (21 tests) 9ms
 ✓ packages/conversation-client/test/question-card.spec.ts (13 tests) 12ms
 ✓ packages/contracts/test/app-intents-agent-control.spec.ts (11 tests) 9ms
 ✓ packages/conversation-client/test/input-modality.spec.ts (21 tests) 9ms
 ✓ packages/conversation-client/test/theme.spec.ts (20 tests) 10ms
 ✓ packages/conversation-client/test/status-cards.spec.ts (6 tests) 12ms
 ✓ apps/runtime/test/peer-delegation.spec.ts (27 tests) 23475ms
   ✓ a task one Clark hands to another (17)
     ✓ runs on the other node within what its owner allowed, and settles the sender's own task 1123ms
     ✓ does not run where the other node's owner allowed nothing, and says so on both sides 384ms
     ✓ waits for the other node's owner on an effect only one side allowed, and a stop from the sender ends it 355ms
     ✓ stops a worker already running on the other node when the sender stops the task 2032ms
     ✓ stops a worker running here when this node's owner stops the task 1563ms
     ✓ settles the sender's task when a hand-over or a stop could not be delivered 3280ms
     ✓ tells the sender its outcome is unknown when the node running it restarted part-way 375ms
     ✓ counts a hand-over and its answer once, however often they arrive 853ms
     ✓ takes an answer only from the node the task was handed to, and a grant only from its own sender 548ms
     ✓ tells the sender while its task waits for the other node's owner, and settles it on their decision 1202ms
     ✓ withdraws an automation's own grant on both nodes when it is paused or removed, and writes a new one to resume 980ms
     ✓ holds a run on the other node to the sender's time limit and run count 2300ms
   ✓ what the other node can run, asked before a task is handed to it (4)
     ✓ shows the sender a node that cannot run the task yet, warns at setup, and says at once that a hand-over waits there 1016ms
     ✓ tells a peer only what its owner allowed that peer, and nothing to a peer it allowed nothing 320ms
   ✓ the files a task handed to another Clark brings back (6)
     ✓ brings a file the task wrote back to the sender within its owner's byte budget, and shows it with the result 952ms
     ✓ fetches, when it starts again, a file it accepted and had not received, and says it arrived 956ms
     ✓ leaves on the running node a file larger than the sender's byte budget, stores no copy, and says why 920ms
     ✓ is offered no file when the sender's owner allowed no bytes, and the running node copies none 868ms
     ✓ keeps the files on the running node when its owner let none go back, though the sender asked, and says so 866ms
     ✓ offers nothing to a sender that has not said it takes files, and answers it as before 852ms
 ✓ tools/test/setup.spec.ts (12 tests) 8ms
 ✓ packages/contracts/test/app-intents-appearance.spec.ts (5 tests) 18ms
 ✓ packages/conversation-client/test/card-state-matrix.spec.ts (7 tests) 10ms
 ✓ packages/voice-adapters/test/gemini-tts.spec.ts (11 tests) 8ms
 ✓ packages/widget-catalog/test/search.spec.ts (10 tests) 9ms
 ✓ packages/design-tokens/test/contrast.spec.ts (14 tests) 8ms
 ✓ packages/conversation-client/test/inbox-notify-decide.spec.ts (22 tests) 11ms
 ✓ apps/runtime/test/background-sessions.spec.ts (8 tests) 9ms
 ✓ packages/contracts/test/interactions.spec.ts (23 tests) 9ms
 ✓ packages/conversation-client/test/action-messages.spec.ts (11 tests) 11ms
 ✓ packages/pi-adapter/test/env-file.spec.ts (18 tests) 9ms
 ✓ apps/runtime/test/session-recap.spec.ts (4 tests) 11ms
 ✓ tools/test/tsconfig-coverage.spec.ts (11 tests) 8ms
 ✓ apps/runtime/test/ask-user-question.spec.ts (3 tests) 9ms
 ✓ packages/conversation-client/test/notice-action-surfaces.spec.ts (14 tests) 8ms
 ✓ packages/conversation-client/test/memory-groups.spec.ts (6 tests) 7ms
 ✓ packages/design-tokens/test/stylesheet.spec.ts (9 tests) 7ms
 ✓ packages/conversation-client/test/widget-library-state.spec.ts (13 tests) 8ms
 ✓ apps/runtime/test/model-generation.spec.ts (3 tests) 8ms
 ✓ packages/conversation-client/test/app-intents-appearance.spec.ts (6 tests) 7ms
 ✓ packages/conversation-client/test/orb-selection.spec.ts (5 tests) 6ms
 ✓ packages/conversation-client/test/orb-theme-default.spec.ts (9 tests) 8ms
 ✓ packages/core/test/app-intents-widgets.spec.ts (15 tests) 7ms
 ✓ apps/desktop/test/preload-subscriptions.spec.ts (3 tests) 7ms
 ✓ apps/runtime/test/work-tools.spec.ts (6 tests) 8ms
 ✓ packages/widget-catalog/test/registry.spec.ts (9 tests) 8ms
 ✓ packages/conversation-client/test/voice-overlay.spec.ts (12 tests) 9ms
 ✓ packages/design-tokens/test/motion.spec.ts (12 tests) 7ms
 ✓ packages/conversation-client/test/app-intents.spec.ts (15 tests) 9ms
 ✓ packages/conversation-client/test/composer-trigger.spec.ts (11 tests) 8ms
 ✓ packages/capability-host/test/secrets.spec.ts (12 tests) 7ms
 ✓ packages/design-tokens/test/contrast-themes.spec.ts (35 tests) 6ms
 ✓ packages/conversation-client/test/artifact-block.spec.ts (6 tests) 7ms
 ✓ packages/conversation-client/test/installed-entries.spec.ts (8 tests) 6ms
 ✓ packages/conversation-client/test/terminal-socket.spec.ts (8 tests) 7ms
 ✓ apps/desktop/test/window-mode.spec.ts (14 tests) 8ms
 ✓ packages/conversation-client/test/app-intents-agent-control.spec.ts (15 tests) 20ms
 ✓ packages/conversation-client/test/composer.spec.ts (11 tests) 7ms
 ✓ apps/runtime/test/terminal-sessions.spec.ts (15 tests | 13 skipped) 7ms
 ✓ packages/conversation-client/test/package-provenance.spec.ts (8 tests) 7ms
 ✓ packages/conversation-client/test/statusline.spec.ts (8 tests) 5ms
 ✓ packages/conversation-client/test/fill-message.spec.ts (6 tests) 6ms
 ✓ tools/test/issue-closing-keywords.spec.ts (10 tests) 6ms
 ✓ apps/runtime/test/pdf-text.spec.ts (7 tests) 6ms
 ✓ packages/core/test/control-sessions.spec.ts (11 tests) 6ms
 ✓ packages/pi-adapter/test/personal-instructions.spec.ts (12 tests) 6ms
 ✓ packages/conversation-client/test/live-reply.spec.ts (5 tests) 7ms
 ✓ packages/conversation-client/test/action-button.spec.ts (5 tests) 8ms
 ✓ apps/runtime/test/widget-voice-action.spec.ts (10 tests) 7ms
 ✓ packages/conversation-client/test/settings-rows.spec.ts (7 tests) 6ms
 ✓ apps/runtime/test/terminal-output.spec.ts (7 tests) 5ms
 ✓ packages/core/test/frame-grant.spec.ts (5 tests) 6ms
 ✓ packages/widget-catalog/test/preview.spec.ts (9 tests) 5ms
 ✓ packages/conversation-client/test/search-select.spec.ts (4 tests) 5ms
 ✓ packages/conversation-client/test/surfaces.spec.ts (5 tests) 7ms
 ✓ apps/runtime/test/action-speech.spec.ts (5 tests) 5ms
 ✓ packages/conversation-client/test/wake-word.spec.ts (10 tests) 6ms
 ✓ packages/core/test/install-consent.spec.ts (7 tests) 6ms
 ✓ packages/core/test/continuation.spec.ts (8 tests) 5ms
 ✓ packages/conversation-client/test/media-embed.spec.ts (4 tests) 4ms
 ✓ apps/runtime/test/voice-live.spec.ts (5 tests) 4ms
 ✓ apps/desktop/test/launch-args.spec.ts (4 tests) 4ms
 ✓ apps/runtime/test/model-catalogue.spec.ts (6 tests) 5ms
 ✓ packages/conversation-client/test/selection.spec.ts (7 tests) 6ms
 ✓ packages/widget-cli/test/dev-shell-convergence.spec.ts (6 tests) 4ms
 ✓ packages/execution-supervisor/test/native-binding.spec.ts (8 tests) 4ms
 ✓ packages/core/test/browser-press.spec.ts (6 tests) 6ms
 ✓ packages/conversation-client/test/desktop-notify-status.spec.ts (3 tests) 4ms
 ✓ packages/contracts/test/redaction.spec.ts (5 tests) 7ms
 ✓ packages/conversation-client/test/suggestions.spec.ts (4 tests) 5ms
 ✓ apps/runtime/test/session-search-hosts.spec.ts (6 tests) 5ms
 ✓ apps/runtime/test/voice-answer.spec.ts (2 tests) 4ms
 ✓ packages/conversation-client/test/follow-bottom.spec.ts (5 tests) 4ms
 ✓ packages/conversation-client/test/voice-transport.spec.ts (3 tests) 5ms
 ✓ apps/runtime/test/readiness.spec.ts (3 tests) 4ms
 ✓ apps/runtime/test/portable-runtime.spec.ts (9 tests | 5 skipped) 4ms
 ✓ packages/conversation-client/test/first-run.spec.ts (3 tests) 4ms
 ✓ packages/conversation-client/test/host-card-entries.spec.ts (3 tests) 5ms
 ✓ tools/test/invariants-context.spec.ts (3 tests) 4ms
 ✓ apps/runtime/test/jev-stored-key.spec.ts (4 tests) 4ms
 ✓ packages/conversation-client/test/catalog-coverage.spec.ts (5 tests) 8ms
 ✓ packages/widget-cli/test/catalog-target.spec.ts (5 tests) 4ms
[jev-live] BLOCKED: live provider evidence was not produced. Set CLARKCANT_JEV_LIVE=1 and TYPESAFE_API_KEY to run it.
 ✓ apps/runtime/test/jev-live.spec.ts (4 tests | 3 skipped) 3ms
 ✓ packages/conversation-client/test/frame-height.spec.ts (3 tests) 4ms
 ✓ packages/conversation-client/test/surface-graph.spec.ts (3 tests) 5ms
 ✓ packages/conversation-client/test/model-switch-shortcut.spec.ts (2 tests) 3ms
 ↓ apps/runtime/test/hybrid-calibration-live.spec.ts (1 test | 1 skipped)
 ✓ packages/conversation-client/test/keep-mounted-frame.spec.ts (3 tests) 3ms
 ✓ packages/conversation-client/test/recent-effect-text.spec.ts (3 tests) 2ms
 ✓ packages/conversation-client/test/pin-label.spec.ts (2 tests) 4ms
 ✓ apps/runtime/test/package-install-route.spec.ts (18 tests) 25673ms
   ✓ installing from the directory (6)
     ✓ installs a listed package and says what it verified 2319ms
     ✓ records the effect it performed without a card 1581ms
     ✓ leaves no executed-effect audit row when the fetch fails, unlike a fetch that succeeds 888ms
     ✓ does not let a forged grantedCapabilities in the request body become authority (issue #93, P1) 2191ms
     ✓ asks first when the policy says to, and installs nothing 953ms
     ✓ refuses on a node that refuses every effect, and installs nothing 1042ms
   ✓ what the route refuses, with the code the resolver already uses (6)
     ✓ refuses a package built for another platform, naming both sides 1331ms
     ✓ refuses an entry that publishes no digest 1224ms
     ✓ refuses a package needing a host API this node does not implement 1234ms
     ✓ refuses a package the directory does not list 1097ms
     ✓ says the directory is unconfigured rather than that the package is missing 1216ms
     ✓ refuses a request that does not say what to install 1420ms
   ✓ the frozen build input the route records (3)
     ✓ resolves the closure before installing, and reports what the lock covers 2792ms
     ✓ refuses a second install whose resolution is not the frozen one, naming the artifact 1991ms
     ✓ refuses an entry with no digest before it freezes anything 841ms
   ✓ the frozen closure the install route consumes (3)
     ✓ hands back the artifact a build reads, and keeps its coverage claim honest 933ms
     ✓ reports that a build would refuse the closure, and the runner really does 2224ms
     ✓ refuses a floating range before anything is frozen 398ms
 ✓ packs/browser-playwright/test/submit-once.spec.ts (4 tests) 29793ms
   ✓ a timed-out submit is not sent twice (4)
     ✓ reports the outcome as unknown, not as failed 5758ms
     ✓ refuses to resend the same action, so the submission count stays at one 5803ms
     ✓ allows the action again once the page has been observed 11716ms
     ✓ does not block a different action, because only the unknown one is suspect 6471ms
Preparing worktree (new branch 'clarkcant/task-task_earlier')
 ✓ apps/runtime/test/worktree-sweep.spec.ts (6 tests) 28957ms
   ✓ the worktrees a stopped node left behind (6)
     ✓ removes a finished task's clean worktree and keeps its branch with what it committed 3465ms
     ✓ keeps a finished task's worktree holding uncommitted changes, and says where it is once 4044ms
     ✓ leaves the worktree of a task that is still open, and of one this node has never heard of 6778ms
     ✓ tidies each repository's worktree of a finished task, and says once where the kept ones are 12621ms
     ✓ takes a finished task's folder away once every worktree in it is gone 1792ms
 ✓ packs/project-work/test/managed-worktree.spec.ts (12 tests) 33076ms
   ✓ a task works in its own worktree, never in the person's tree (6)
     ✓ makes a worktree of HEAD under the node's directory, on a branch named for the task 1042ms
     ✓ leaves what the person has not committed exactly where it is 1043ms
     ✓ reuses the worktree a task already has, keeping what it did 1998ms
     ✓ gives each repository of one task its own worktree, even two that share a folder name 8219ms
     ✓ continues in the worktree a task made before tasks could name several repositories 2628ms
   ✓ taking a finished task's worktree away (2)
     ✓ removes a clean worktree and keeps the branch with what the task committed 3546ms
     ✓ keeps a worktree holding changes nobody committed 3576ms
   ✓ finding what a stopped node left behind (4)
     ✓ names each task's worktree with its repository, branch and whether it holds uncommitted changes 7150ms
     ✓ finds every repository's worktree of a task, and a task's worktree from before 2760ms
     ✓ takes a task's folder away only once nothing is left in it 640ms
 ✓ apps/runtime/test/coding-journey.spec.ts (4 tests) 29195ms
   ✓ a labelled issue becomes a draft pull request (4)
     ✓ fixes, tests, commits, pushes and opens the pull request in the task's own worktree, and says so 8969ms
     ✓ reports a failing test as not done, and pushes nothing 8263ms
     ✓ stops the command it is running when the task is stopped, and says it stopped 8323ms
     ✓ calls a pull request it was stopped in the middle of unknown, and tells the person once 3639ms

 Test Files  374 passed | 1 skipped (375)
      Tests  4954 passed | 34 skipped (4988)
   Start at  20:00:05
   Duration  34.78s (tests 70%, import 22%, transform 8%)

    Isolate  375 workers spawned · ~209ms startup each (spawn + environment, per file)
             at least ~2.69s faster with isolate: false — reuses workers across files instead of one per file

