$ pnpm run verify && pnpm run test:e2e
$ pnpm run invariants && pnpm run typecheck && pnpm run lint && pnpm run test
$ node tools/check-invariants.mjs
PASS  docs-manifest-integrity
      · 32 manifest entries verified
PASS  workspace-phase-traceability
      · 32 workspace packages carry phase + status metadata
PASS  stub-marks-owning-phase
      · 7 stub files carry an owning-phase marker
PASS  node-type-stripping-syntax
      · 896 TypeScript files checked for transform-only syntax
PASS  no-committed-secrets
      · 1139 files scanned for credential patterns
PASS  pinned-dependency-specifiers
      · 124 dependency specifiers checked for pinning
PASS  scope-and-acceptance-traceability
      · 151 cited test titles checked against 443 spec files; rows that cite a path rather than a quoted title are not matched to a case
PASS  browser-entries-avoid-node-builtins
      · 215 module(s) reachable from 3 browser entry/entries
PASS  single-execution-policy-reader
      · 1 canonical policy read(s) across 460 module(s), 2 allowed to open the key
PASS  implementation-status-registry
      · 34 entries (16 implemented, 14 partial, 4 blocked, 0 not-implemented) verified against 32 workspace packages
      · 15 @status-ref reference(s) across 983 source files
      · 18 V row(s) agree with the registry; gates #2/#3/#4/#5 represented
      · V02, runtime.local-transport cite a test a platform condition skips on some runners, so their evidence is thinner there than on this one
      · evidence is checked for existence and for a platform-conditional skip: a runtime condition that is not derived from process.platform or process.arch (an opt-in live provider, for instance) is not this check's subject
PASS  tsx-files-are-typechecked
      · 60 .tsx file(s) checked against 2 typecheck config(s) — tsconfig.json, tsconfig.web.json
PASS  pr-bodies-close-nothing
      · 10 checked-in PR body file(s) checked for a closing keyword beside an issue reference; 0 such pair(s) found

all 12 invariant checks passed
$ tsc -p tsconfig.json && tsc -p tsconfig.web.json
$ eslint .
$ vitest run

 RUN  v5.0.0 D:/wt299

 ✓ packages/contracts/test/contracts.spec.ts (78 tests) 26ms
 ✓ packages/widget-sdk/test/runtime.spec.ts (35 tests) 152ms
 ✓ packages/core/test/app-intents.spec.ts (31 tests) 31ms
 ✓ packages/capability-host/test/dependency-lock.spec.ts (23 tests) 221ms
 ✓ packages/widget-host/test/session.spec.ts (44 tests) 736ms
   ✓ the artifacts@1 extension (14)
     ✓ keeps only the latest entries of what the frame said, so a frame that keeps asking cannot grow the record 602ms
 ✓ packages/pi-adapter/test/pi-adapter.spec.ts (30 tests) 1030ms
   ✓ real SDK adapter availability (P0.1) (1)
     ✓ loads the installed Pi SDK and reports the required exports as present 846ms
 ✓ packages/storage/test/notifications.spec.ts (40 tests) 1247ms
 ✓ apps/runtime/test/jev-decider.spec.ts (19 tests) 583ms
 ✓ apps/runtime/test/jev-selector.spec.ts (23 tests) 80ms
created a dashboard widget package in C:\Users\admin\AppData\Local\Temp\clark-widget-kfrqTT
next: clark widget test C:\Users\admin\AppData\Local\Temp\clark-widget-kfrqTT
created a form widget package in C:\Users\admin\AppData\Local\Temp\clark-devhost-DbXzAh
next: clark widget test C:\Users\admin\AppData\Local\Temp\clark-devhost-DbXzAh
created a form widget package in C:\Users\admin\AppData\Local\Temp\clark-widget-DspJpk
next: clark widget test C:\Users\admin\AppData\Local\Temp\clark-widget-DspJpk
created a form widget package in C:\Users\admin\AppData\Local\Temp\clark-devhost-odwG6J
next: clark widget test C:\Users\admin\AppData\Local\Temp\clark-devhost-odwG6J
created a blank widget package in C:\Users\admin\AppData\Local\Temp\clark-widget-W9X4kZ
next: clark widget test C:\Users\admin\AppData\Local\Temp\clark-widget-W9X4kZ
unknown template "nope"; expected one of blank, form, dashboard
created a blank widget package in C:\Users\admin\AppData\Local\Temp\clark-widget-vxUdn2
next: clark widget test C:\Users\admin\AppData\Local\Temp\clark-widget-vxUdn2
created a blank widget package in C:\Users\admin\AppData\Local\Temp\clark-widget-BRjVth
next: clark widget test C:\Users\admin\AppData\Local\Temp\clark-widget-BRjVth
[fts-baseline] lexical 30/31 (96.8%); semantic-only 2/8 (25.0%) — the gap Phase 10 must close
lexical failures:
  phân tích cảm xúc khách hàng → expected (nothing), got msg_meeting
created a form widget package in C:\Users\admin\AppData\Local\Temp\clark-devhost-aMOnvD
next: clark widget test C:\Users\admin\AppData\Local\Temp\clark-devhost-aMOnvD
created a form widget package in C:\Users\admin\AppData\Local\Temp\clark-widget-9rx9a9
next: clark widget test C:\Users\admin\AppData\Local\Temp\clark-widget-9rx9a9
created a form widget package in C:\Users\admin\AppData\Local\Temp\clark-widget-oZlB4F
next: clark widget test C:\Users\admin\AppData\Local\Temp\clark-widget-oZlB4F
created a form widget package in C:\Users\admin\AppData\Local\Temp\clark-widget-mbHbyD
next: clark widget test C:\Users\admin\AppData\Local\Temp\clark-widget-mbHbyD
created a form widget package in C:\Users\admin\AppData\Local\Temp\clark-devhost-EtFyj5
next: clark widget test C:\Users\admin\AppData\Local\Temp\clark-devhost-EtFyj5
created a form widget package in C:\Users\admin\AppData\Local\Temp\clark-widget-p03pZ9
next: clark widget test C:\Users\admin\AppData\Local\Temp\clark-widget-p03pZ9
 ✓ packages/storage/test/storage.spec.ts (32 tests) 1284ms
   ✓ failure injection around a backup (V18) (6)
     ✓ keeps verifying over many rounds, so a leak or a drift fails here rather than later 659ms
created a blank widget package in C:\Users\admin\AppData\Local\Temp\clark-widget-UfwyFu
next: clark widget test C:\Users\admin\AppData\Local\Temp\clark-widget-UfwyFu
created a form widget package in C:\Users\admin\AppData\Local\Temp\clark-widget-YCLHkk
next: clark widget test C:\Users\admin\AppData\Local\Temp\clark-widget-YCLHkk
created a form widget package in C:\Users\admin\AppData\Local\Temp\clark-devhost-cnSrSp
next: clark widget test C:\Users\admin\AppData\Local\Temp\clark-devhost-cnSrSp
created a form widget package in C:\Users\admin\AppData\Local\Temp\clark-widget-e6HTQB
next: clark widget test C:\Users\admin\AppData\Local\Temp\clark-widget-e6HTQB
 ✓ apps/runtime/test/session-search.spec.ts (22 tests) 765ms
created a form widget package in C:\Users\admin\AppData\Local\Temp\clark-widget-vF5lDd
next: clark widget test C:\Users\admin\AppData\Local\Temp\clark-widget-vF5lDd
created a form widget package in C:\Users\admin\AppData\Local\Temp\clark-devhost-sRoKRn
next: clark widget test C:\Users\admin\AppData\Local\Temp\clark-devhost-sRoKRn
created a form widget package in C:\Users\admin\AppData\Local\Temp\clark-widget-pulexF
next: clark widget test C:\Users\admin\AppData\Local\Temp\clark-widget-pulexF
created a form widget package in C:\Users\admin\AppData\Local\Temp\clark-widget-xTCGDo
next: clark widget test C:\Users\admin\AppData\Local\Temp\clark-widget-xTCGDo

schema
  ok   the default fixture matches the props schema — fixtures/default.json validates
  ok   malformed props are rejected — required property "title" is missing
  ok   additional props are rejected when the schema forbids them — unknown property "conformanceExtraKey"
  ok   the state version is declared — stateVersion is 0

security
  ok   a forged nonce is rejected — NONCE_MISMATCH
  ok   a message from another window is rejected — SOURCE_MISMATCH
  ok   no secret, shell or approval surface is reachable — none of readAllSecrets, shell, queryCoreDb, disableCSP, approve, installAnything, registerSidebar, grant, fs, readFile, writeFile is on the author API
  ok   the entry reaches no origin the manifest does not declare — the entry names no origin
  ok   a host-owned card cannot be minted by a widget — question-card is recognised as host-owned

lifecycle
  ok   the widget mounts on init — status after init: ready, mount handlers fired: 1
  ok   a props update reaches the widget — subscribers notified: 1
  ok   suspend and resume are delivered — suspended: conformance, resumed: 1
  ok   dispose stops listening — disposed: 1, listener present: false
  ok   the declared state migration carries the previous version's fixture to a valid current state — stateVersion is 0, so there is nothing to migrate

interaction
  ok   a repeated invocation runs the action once — times run: 1
  ok   a stale state write is refused — STALE_REVISION
  ok   an action the host never accepted is refused — ACTION_UNKNOWN
  ok   the definition declares its sizing, which is what pin and detach depend on — compact: true, expanded: true
  ok   keyboard reachability — 1 reachable element(s), each with a visible focus ring
  ok   touch target size — 1 interactive element(s), all at or above the minimum
  n/a  detach keeps one live owner — needs a window that can be detached and re-attached; run the dev host's real detach/reattach and pass its facts with --frames
--frames C:\Users\admin\AppData\Local\Temp\clark-widget-xTCGDo\not-there.json could not be read as frame facts
  n/a  a spoken action and the same click agree — needs a rendered frame and a voice session, and a voice session needs a provider account

rendering
  ok   the required fixtures are present — present: default, empty, error, compact
  ok   a text fallback is declared — textFallback: 60 characters
  ok   the narrow layout — 320px: rendered=true, overflows=false
  ok   the compact layout — 480px: rendered=true, overflows=false
  ok   the expanded layout — 1024px: rendered=true, overflows=false
  ok   the loading state — rendered=true
  ok   the read-only state — rendered=true
  ok   reduced motion — rendered with reduced motion: nothing animates, and no text sits over motion

28 passed, 0 failed, 2 need the dev host
The checks marked n/a are not verified by this command: they need a rendered frame.
created a form widget package in C:\Users\admin\AppData\Local\Temp\clark-devhost-Vm8Ucv
next: clark widget test C:\Users\admin\AppData\Local\Temp\clark-devhost-Vm8Ucv
created a blank widget package in C:\Users\admin\AppData\Local\Temp\clark-widget-Qs7b3r
next: clark widget test C:\Users\admin\AppData\Local\Temp\clark-widget-Qs7b3r
created a blank widget package in C:\Users\admin\AppData\Local\Temp\clark-widget-DXWEgx
next: clark widget test C:\Users\admin\AppData\Local\Temp\clark-widget-DXWEgx
created a form widget package in C:\Users\admin\AppData\Local\Temp\clark-devhost-XHeQFI
next: clark widget test C:\Users\admin\AppData\Local\Temp\clark-devhost-XHeQFI
created a blank widget package in C:\Users\admin\AppData\Local\Temp\clark-widget-8Mi7dY
next: clark widget test C:\Users\admin\AppData\Local\Temp\clark-widget-8Mi7dY
created a blank widget package in C:\Users\admin\AppData\Local\Temp\clark-widget-iE5FEZ
next: clark widget test C:\Users\admin\AppData\Local\Temp\clark-widget-iE5FEZ
created a form widget package in C:\Users\admin\AppData\Local\Temp\clark-devhost-gQ50hz
next: clark widget test C:\Users\admin\AppData\Local\Temp\clark-devhost-gQ50hz
created a blank widget package in C:\Users\admin\AppData\Local\Temp\clark-widget-jEm9DA
next: clark widget test C:\Users\admin\AppData\Local\Temp\clark-widget-jEm9DA
created a blank widget package in C:\Users\admin\AppData\Local\Temp\clark-widget-NRrp4a
next: clark widget test C:\Users\admin\AppData\Local\Temp\clark-widget-NRrp4a
created a blank widget package in C:\Users\admin\AppData\Local\Temp\clark-widget-u0DPi4
next: clark widget test C:\Users\admin\AppData\Local\Temp\clark-widget-u0DPi4
created a blank widget package in C:\Users\admin\AppData\Local\Temp\clark-widget-B0s5hh
next: clark widget test C:\Users\admin\AppData\Local\Temp\clark-widget-B0s5hh
created a blank widget package in C:\Users\admin\AppData\Local\Temp\clark-widget-ecQNGn
next: clark widget test C:\Users\admin\AppData\Local\Temp\clark-widget-ecQNGn
created a blank widget package in C:\Users\admin\AppData\Local\Temp\clark-widget-BWRaNd
next: clark widget test C:\Users\admin\AppData\Local\Temp\clark-widget-BWRaNd
created a blank widget package in C:\Users\admin\AppData\Local\Temp\clark-widget-mcdsgR
next: clark widget test C:\Users\admin\AppData\Local\Temp\clark-widget-mcdsgR

schema
  ok   the default fixture matches the props schema — fixtures/default.json validates
  ok   malformed props are rejected — required property "title" is missing
  ok   additional props are rejected when the schema forbids them — unknown property "conformanceExtraKey"
  ok   the state version is declared — stateVersion is 0

security
  ok   a forged nonce is rejected — NONCE_MISMATCH
  ok   a message from another window is rejected — SOURCE_MISMATCH
  ok   no secret, shell or approval surface is reachable — none of readAllSecrets, shell, queryCoreDb, disableCSP, approve, installAnything, registerSidebar, grant, fs, readFile, writeFile is on the author API
  ok   the entry reaches no origin the manifest does not declare — the entry names no origin
  ok   a host-owned card cannot be minted by a widget — question-card is recognised as host-owned

lifecycle
  ok   the widget mounts on init — status after init: ready, mount handlers fired: 1
  ok   a props update reaches the widget — subscribers notified: 1
  ok   suspend and resume are delivered — suspended: conformance, resumed: 1
  ok   dispose stops listening — disposed: 1, listener present: false
  ok   the declared state migration carries the previous version's fixture to a valid current state — stateVersion is 0, so there is nothing to migrate

interaction
  ok   a repeated invocation runs the action once — times run: 1
  ok   a stale state write is refused — STALE_REVISION
  ok   an action the host never accepted is refused — ACTION_UNKNOWN
  ok   the definition declares its sizing, which is what pin and detach depend on — compact: true, expanded: true
  n/a  keyboard reachability — needs a rendered frame
  n/a  touch target size — needs a rendered frame
  n/a  detach keeps one live owner — needs a window that can be detached and re-attached; run the dev host's real detach/reattach and pass its facts with --frames
  n/a  a spoken action and the same click agree — needs a rendered frame and a voice session, and a voice session needs a provider account

rendering
  ok   the required fixtures are present — present: default, empty, error, compact
  ok   a text fallback is declared — textFallback: 61 characters
  n/a  the narrow layout — needs a rendered frame at a known viewport
  n/a  the compact layout — needs a rendered frame at a known viewport
  n/a  the expanded layout — needs a rendered frame at a known viewport
  n/a  the loading state — needs a rendered frame at a known viewport
  n/a  the read-only state — needs a rendered frame at a known viewport
  n/a  reduced motion — needs a rendered frame at a known viewport

20 passed, 0 failed, 10 need the dev host
The checks marked n/a are not verified by this command: they need a rendered frame.

packed com.example.clark-widget-mcdsgr@0.1.0
  sha256:6b8c4174020c93b63b9823ce0ed7cd99ab926348610a0e93e723dca1ab64419a
  C:\Users\admin\AppData\Local\Temp\clark-widget-mcdsgR\dist\artifact.json
created a blank widget package in C:\Users\admin\AppData\Local\Temp\clark-widget-sdfEQW
next: clark widget test C:\Users\admin\AppData\Local\Temp\clark-widget-sdfEQW

schema
  ok   the default fixture matches the props schema — fixtures/default.json validates
  ok   malformed props are rejected — required property "title" is missing
  ok   additional props are rejected when the schema forbids them — unknown property "conformanceExtraKey"
  ok   the state version is declared — stateVersion is 0

security
  ok   a forged nonce is rejected — NONCE_MISMATCH
  ok   a message from another window is rejected — SOURCE_MISMATCH
  ok   no secret, shell or approval surface is reachable — none of readAllSecrets, shell, queryCoreDb, disableCSP, approve, installAnything, registerSidebar, grant, fs, readFile, writeFile is on the author API
  ok   the entry reaches no origin the manifest does not declare — the entry names no origin
  ok   a host-owned card cannot be minted by a widget — question-card is recognised as host-owned

lifecycle
  ok   the widget mounts on init — status after init: ready, mount handlers fired: 1
  ok   a props update reaches the widget — subscribers notified: 1
  ok   suspend and resume are delivered — suspended: conformance, resumed: 1
  ok   dispose stops listening — disposed: 1, listener present: false
  ok   the declared state migration carries the previous version's fixture to a valid current state — stateVersion is 0, so there is nothing to migrate

interaction
  ok   a repeated invocation runs the action once — times run: 1
  ok   a stale state write is refused — STALE_REVISION
  ok   an action the host never accepted is refused — ACTION_UNKNOWN
  ok   the definition declares its sizing, which is what pin and detach depend on — compact: true, expanded: true
  n/a  keyboard reachability — needs a rendered frame
  n/a  touch target size — needs a rendered frame
  n/a  detach keeps one live owner — needs a window that can be detached and re-attached; run the dev host's real detach/reattach and pass its facts with --frames
  n/a  a spoken action and the same click agree — needs a rendered frame and a voice session, and a voice session needs a provider account

rendering
  ok   the required fixtures are present — present: default, empty, error, compact
  ok   a text fallback is declared — textFallback: 61 characters
  n/a  the narrow layout — needs a rendered frame at a known viewport
  n/a  the compact layout — needs a rendered frame at a known viewport
  n/a  the expanded layout — needs a rendered frame at a known viewport
  n/a  the loading state — needs a rendered frame at a known viewport
  n/a  the read-only state — needs a rendered frame at a known viewport
  n/a  reduced motion — needs a rendered frame at a known viewport

20 passed, 0 failed, 10 need the dev host
The checks marked n/a are not verified by this command: they need a rendered frame.

packed com.example.clark-widget-sdfeqw@0.1.0
  sha256:97f739b9fa2fb9fe0539d78760f1400a5ad80832f91e9cc90d8cfda1634ac6a5
  C:\Users\admin\AppData\Local\Temp\clark-widget-sdfEQW\dist\artifact.json
version 0.1.0 was already packed with a different digest.
A version whose bytes changed is a different package wearing the same number; bump the version.
created a blank widget package in C:\Users\admin\AppData\Local\Temp\clark-widget-u6zItg
next: clark widget test C:\Users\admin\AppData\Local\Temp\clark-widget-u6zItg

schema
  ok   the default fixture matches the props schema — fixtures/default.json validates
  ok   malformed props are rejected — required property "title" is missing
  ok   additional props are rejected when the schema forbids them — unknown property "conformanceExtraKey"
  ok   the state version is declared — stateVersion is 0

security
  ok   a forged nonce is rejected — NONCE_MISMATCH
  ok   a message from another window is rejected — SOURCE_MISMATCH
  ok   no secret, shell or approval surface is reachable — none of readAllSecrets, shell, queryCoreDb, disableCSP, approve, installAnything, registerSidebar, grant, fs, readFile, writeFile is on the author API
  ok   the entry reaches no origin the manifest does not declare — the entry names no origin
  ok   a host-owned card cannot be minted by a widget — question-card is recognised as host-owned

lifecycle
  ok   the widget mounts on init — status after init: ready, mount handlers fired: 1
  ok   a props update reaches the widget — subscribers notified: 1
  ok   suspend and resume are delivered — suspended: conformance, resumed: 1
  ok   dispose stops listening — disposed: 1, listener present: false
  ok   the declared state migration carries the previous version's fixture to a valid current state — stateVersion is 0, so there is nothing to migrate

interaction
  ok   a repeated invocation runs the action once — times run: 1
  ok   a stale state write is refused — STALE_REVISION
  ok   an action the host never accepted is refused — ACTION_UNKNOWN
  ok   the definition declares its sizing, which is what pin and detach depend on — compact: true, expanded: true
  n/a  keyboard reachability — needs a rendered frame
  n/a  touch target size — needs a rendered frame
  n/a  detach keeps one live owner — needs a window that can be detached and re-attached; run the dev host's real detach/reattach and pass its facts with --frames
  n/a  a spoken action and the same click agree — needs a rendered frame and a voice session, and a voice session needs a provider account

rendering
  FAIL the required fixtures are present — missing: empty
  ok   a text fallback is declared — textFallback: 61 characters
  n/a  the narrow layout — needs a rendered frame at a known viewport
  n/a  the compact layout — needs a rendered frame at a known viewport
  n/a  the expanded layout — needs a rendered frame at a known viewport
  n/a  the loading state — needs a rendered frame at a known viewport
  n/a  the read-only state — needs a rendered frame at a known viewport
  n/a  reduced motion — needs a rendered frame at a known viewport

19 passed, 1 failed, 10 need the dev host
The checks marked n/a are not verified by this command: they need a rendered frame.

Refusing to pack a package that fails conformance.
clark widget <command> [dir]

  clark widget init <dir> [--template blank|form|dashboard]   scaffold a package
  clark widget test [dir]                                     run the conformance suite
  clark widget pack [dir]                                     build the artifact and its digest
  clark widget dev [dir] [--port N] [--builtin <id>]          run the dev host and its browser shell
  clark widget publish [dir]                                  prepare the directory submission

A local path needs no account. init, test, pack and dev all work without a directory or a login.
clark widget <command> [dir]

  clark widget init <dir> [--template blank|form|dashboard]   scaffold a package
  clark widget test [dir]                                     run the conformance suite
  clark widget pack [dir]                                     build the artifact and its digest
  clark widget dev [dir] [--port N] [--builtin <id>]          run the dev host and its browser shell
  clark widget publish [dir]                                  prepare the directory submission

A local path needs no account. init, test, pack and dev all work without a directory or a login.
created a blank widget package in C:\Users\admin\AppData\Local\Temp\clark-widget-nQlOZO
next: clark widget test C:\Users\admin\AppData\Local\Temp\clark-widget-nQlOZO

schema
  ok   the default fixture matches the props schema — fixtures/default.json validates
  ok   malformed props are rejected — required property "title" is missing
  ok   additional props are rejected when the schema forbids them — unknown property "conformanceExtraKey"
  ok   the state version is declared — stateVersion is 0

security
  ok   a forged nonce is rejected — NONCE_MISMATCH
  ok   a message from another window is rejected — SOURCE_MISMATCH
  ok   no secret, shell or approval surface is reachable — none of readAllSecrets, shell, queryCoreDb, disableCSP, approve, installAnything, registerSidebar, grant, fs, readFile, writeFile is on the author API
  ok   the entry reaches no origin the manifest does not declare — the entry names no origin
  ok   a host-owned card cannot be minted by a widget — question-card is recognised as host-owned

lifecycle
  ok   the widget mounts on init — status after init: ready, mount handlers fired: 1
  ok   a props update reaches the widget — subscribers notified: 1
  ok   suspend and resume are delivered — suspended: conformance, resumed: 1
  ok   dispose stops listening — disposed: 1, listener present: false
  ok   the declared state migration carries the previous version's fixture to a valid current state — stateVersion is 0, so there is nothing to migrate

interaction
  ok   a repeated invocation runs the action once — times run: 1
  ok   a stale state write is refused — STALE_REVISION
  ok   an action the host never accepted is refused — ACTION_UNKNOWN
  ok   the definition declares its sizing, which is what pin and detach depend on — compact: true, expanded: true
  n/a  keyboard reachability — needs a rendered frame
  n/a  touch target size — needs a rendered frame
  n/a  detach keeps one live owner — needs a window that can be detached and re-attached; run the dev host's real detach/reattach and pass its facts with --frames
  n/a  a spoken action and the same click agree — needs a rendered frame and a voice session, and a voice session needs a provider account

rendering
  ok   the required fixtures are present — present: default, empty, error, compact
  ok   a text fallback is declared — textFallback: 61 characters
  n/a  the narrow layout — needs a rendered frame at a known viewport
  n/a  the compact layout — needs a rendered frame at a known viewport
  n/a  the expanded layout — needs a rendered frame at a known viewport
  n/a  the loading state — needs a rendered frame at a known viewport
  n/a  the read-only state — needs a rendered frame at a known viewport
  n/a  reduced motion — needs a rendered frame at a known viewport

20 passed, 0 failed, 10 need the dev host
The checks marked n/a are not verified by this command: they need a rendered frame.

packed com.example.clark-widget-nqlozo@0.1.0
  sha256:7f44ce0f6dd6f63cdd27f22531bebcf870a112bcbcf1a6a006131d10fa2f569d
  C:\Users\admin\AppData\Local\Temp\clark-widget-nQlOZO\dist\artifact.json
prepared the directory entry for com.example.clark-widget-nqlozo@0.1.0  risk lane: isolated-ui  digest: sha256:7f44ce0f6dd6f63cdd27f22531bebcf870a112bcbcf1a6a006131d10fa2f569d  C:\Users\admin\AppData\Local\Temp\clark-widget-nQlOZO\dist\directory-entry.jsonSubmitting needs a directory account; a local path needs none.created a dashboard widget package in C:\Users\admin\AppData\Local\Temp\clark-widget-zs4Y4d
next: clark widget test C:\Users\admin\AppData\Local\Temp\clark-widget-zs4Y4d

schema
  ok   the default fixture matches the props schema — fixtures/default.json validates
  ok   malformed props are rejected — required property "title" is missing
  ok   additional props are rejected when the schema forbids them — unknown property "conformanceExtraKey"
  ok   the state version is declared — stateVersion is 0

security
  ok   a forged nonce is rejected — NONCE_MISMATCH
  ok   a message from another window is rejected — SOURCE_MISMATCH
  ok   no secret, shell or approval surface is reachable — none of readAllSecrets, shell, queryCoreDb, disableCSP, approve, installAnything, registerSidebar, grant, fs, readFile, writeFile is on the author API
  ok   the entry reaches no origin the manifest does not declare — the entry names no origin
  ok   a host-owned card cannot be minted by a widget — question-card is recognised as host-owned

lifecycle
  ok   the widget mounts on init — status after init: ready, mount handlers fired: 1
  ok   a props update reaches the widget — subscribers notified: 1
  ok   suspend and resume are delivered — suspended: conformance, resumed: 1
  ok   dispose stops listening — disposed: 1, listener present: false
  ok   the declared state migration carries the previous version's fixture to a valid current state — stateVersion is 0, so there is nothing to migrate

interaction
  ok   a repeated invocation runs the action once — times run: 1
  ok   a stale state write is refused — STALE_REVISION
  ok   an action the host never accepted is refused — ACTION_UNKNOWN
  ok   the definition declares its sizing, which is what pin and detach depend on — compact: true, expanded: true
  n/a  keyboard reachability — needs a rendered frame
  n/a  touch target size — needs a rendered frame
  n/a  detach keeps one live owner — needs a window that can be detached and re-attached; run the dev host's real detach/reattach and pass its facts with --frames
  n/a  a spoken action and the same click agree — needs a rendered frame and a voice session, and a voice session needs a provider account

rendering
  ok   the required fixtures are present — present: default, empty, error, compact
  ok   a text fallback is declared — textFallback: 65 characters
  n/a  the narrow layout — needs a rendered frame at a known viewport
  n/a  the compact layout — needs a rendered frame at a known viewport
  n/a  the expanded layout — needs a rendered frame at a known viewport
  n/a  the loading state — needs a rendered frame at a known viewport
  n/a  the read-only state — needs a rendered frame at a known viewport
  n/a  reduced motion — needs a rendered frame at a known viewport

20 passed, 0 failed, 10 need the dev host
The checks marked n/a are not verified by this command: they need a rendered frame.

packed com.example.clark-widget-zs4y4d@0.1.0
  sha256:afa44f40e2c18f12e7b18bf202a732009ea888db8dc38e39d3bac013d42bbef2
  C:\Users\admin\AppData\Local\Temp\clark-widget-zs4Y4d\dist\artifact.json
prepared the directory entry for com.example.clark-widget-zs4y4d@0.1.0  risk lane: isolated-ui  digest: sha256:afa44f40e2c18f12e7b18bf202a732009ea888db8dc38e39d3bac013d42bbef2  C:\Users\admin\AppData\Local\Temp\clark-widget-zs4Y4d\dist\directory-entry.jsonSubmitting needs a directory account; a local path needs none.created a blank widget package in C:\Users\admin\AppData\Local\Temp\clark-widget-Nld2CP
next: clark widget test C:\Users\admin\AppData\Local\Temp\clark-widget-Nld2CP

schema
  ok   the default fixture matches the props schema — fixtures/default.json validates
  ok   malformed props are rejected — required property "title" is missing
  ok   additional props are rejected when the schema forbids them — unknown property "conformanceExtraKey"
  ok   the state version is declared — stateVersion is 0

security
  ok   a forged nonce is rejected — NONCE_MISMATCH
  ok   a message from another window is rejected — SOURCE_MISMATCH
  ok   no secret, shell or approval surface is reachable — none of readAllSecrets, shell, queryCoreDb, disableCSP, approve, installAnything, registerSidebar, grant, fs, readFile, writeFile is on the author API
  ok   the entry reaches no origin the manifest does not declare — the entry names no origin
  ok   a host-owned card cannot be minted by a widget — question-card is recognised as host-owned

lifecycle
  ok   the widget mounts on init — status after init: ready, mount handlers fired: 1
  ok   a props update reaches the widget — subscribers notified: 1
  ok   suspend and resume are delivered — suspended: conformance, resumed: 1
  ok   dispose stops listening — disposed: 1, listener present: false
  ok   the declared state migration carries the previous version's fixture to a valid current state — stateVersion is 0, so there is nothing to migrate

interaction
  ok   a repeated invocation runs the action once — times run: 1
  ok   a stale state write is refused — STALE_REVISION
  ok   an action the host never accepted is refused — ACTION_UNKNOWN
  ok   the definition declares its sizing, which is what pin and detach depend on — compact: true, expanded: true
  n/a  keyboard reachability — needs a rendered frame
  n/a  touch target size — needs a rendered frame
  n/a  detach keeps one live owner — needs a window that can be detached and re-attached; run the dev host's real detach/reattach and pass its facts with --frames
  n/a  a spoken action and the same click agree — needs a rendered frame and a voice session, and a voice session needs a provider account

rendering
  ok   the required fixtures are present — present: default, empty, error, compact
  ok   a text fallback is declared — textFallback: 61 characters
  n/a  the narrow layout — needs a rendered frame at a known viewport
  n/a  the compact layout — needs a rendered frame at a known viewport
  n/a  the expanded layout — needs a rendered frame at a known viewport
  n/a  the loading state — needs a rendered frame at a known viewport
  n/a  the read-only state — needs a rendered frame at a known viewport
  n/a  reduced motion — needs a rendered frame at a known viewport

20 passed, 0 failed, 10 need the dev host
The checks marked n/a are not verified by this command: they need a rendered frame.

packed com.example.clark-widget-nld2cp@0.1.0
  sha256:97b7ce8c40b28d458780843d914d687931927829ddf8af721e04675b354521be
  C:\Users\admin\AppData\Local\Temp\clark-widget-Nld2CP\dist\artifact.json
prepared the directory entry for com.example.clark-widget-nld2cp@0.1.0  risk lane: service  digest: sha256:97b7ce8c40b28d458780843d914d687931927829ddf8af721e04675b354521be  C:\Users\admin\AppData\Local\Temp\clark-widget-Nld2CP\dist\directory-entry.jsonSubmitting needs a directory account; a local path needs none. ✓ packages/core/test/core.spec.ts (49 tests) 1093ms
created a blank widget package in C:\Users\admin\AppData\Local\Temp\clark-widget-fj9rGI
next: clark widget test C:\Users\admin\AppData\Local\Temp\clark-widget-fj9rGI

schema
  ok   the default fixture matches the props schema — fixtures/default.json validates
  ok   malformed props are rejected — required property "title" is missing
  ok   additional props are rejected when the schema forbids them — unknown property "conformanceExtraKey"
  ok   the state version is declared — stateVersion is 0

security
  ok   a forged nonce is rejected — NONCE_MISMATCH
  ok   a message from another window is rejected — SOURCE_MISMATCH
  ok   no secret, shell or approval surface is reachable — none of readAllSecrets, shell, queryCoreDb, disableCSP, approve, installAnything, registerSidebar, grant, fs, readFile, writeFile is on the author API
  ok   the entry reaches no origin the manifest does not declare — the entry names no origin
  ok   a host-owned card cannot be minted by a widget — question-card is recognised as host-owned

lifecycle
  ok   the widget mounts on init — status after init: ready, mount handlers fired: 1
  ok   a props update reaches the widget — subscribers notified: 1
  ok   suspend and resume are delivered — suspended: conformance, resumed: 1
  ok   dispose stops listening — disposed: 1, listener present: false
  ok   the declared state migration carries the previous version's fixture to a valid current state — stateVersion is 0, so there is nothing to migrate

interaction
  ok   a repeated invocation runs the action once — times run: 1
  ok   a stale state write is refused — STALE_REVISION
  ok   an action the host never accepted is refused — ACTION_UNKNOWN
  ok   the definition declares its sizing, which is what pin and detach depend on — compact: true, expanded: true
  n/a  keyboard reachability — needs a rendered frame
  n/a  touch target size — needs a rendered frame
  n/a  detach keeps one live owner — needs a window that can be detached and re-attached; run the dev host's real detach/reattach and pass its facts with --frames
  n/a  a spoken action and the same click agree — needs a rendered frame and a voice session, and a voice session needs a provider account

rendering
  FAIL the required fixtures are present — missing: error
  ok   a text fallback is declared — textFallback: 61 characters
  n/a  the narrow layout — needs a rendered frame at a known viewport
  n/a  the compact layout — needs a rendered frame at a known viewport
  n/a  the expanded layout — needs a rendered frame at a known viewport
  n/a  the loading state — needs a rendered frame at a known viewport
  n/a  the read-only state — needs a rendered frame at a known viewport
  n/a  reduced motion — needs a rendered frame at a known viewport

19 passed, 1 failed, 10 need the dev host
created a blank widget package in C:\Users\admin\AppData\Local\Temp\clark-widget-2OdDdg
next: clark widget test C:\Users\admin\AppData\Local\Temp\clark-widget-2OdDdg

schema
  ok   the default fixture matches the props schema — fixtures/default.json validates
  ok   malformed props are rejected — required property "title" is missing
  ok   additional props are rejected when the schema forbids them — unknown property "conformanceExtraKey"
  ok   the state version is declared — stateVersion is 0

security
  ok   a forged nonce is rejected — NONCE_MISMATCH
  ok   a message from another window is rejected — SOURCE_MISMATCH
  ok   no secret, shell or approval surface is reachable — none of readAllSecrets, shell, queryCoreDb, disableCSP, approve, installAnything, registerSidebar, grant, fs, readFile, writeFile is on the author API
  ok   the entry reaches no origin the manifest does not declare — the entry names no origin
  ok   a host-owned card cannot be minted by a widget — question-card is recognised as host-owned

lifecycle
  ok   the widget mounts on init — status after init: ready, mount handlers fired: 1
  ok   a props update reaches the widget — subscribers notified: 1
  ok   suspend and resume are delivered — suspended: conformance, resumed: 1
  ok   dispose stops listening — disposed: 1, listener present: false
  ok   the declared state migration carries the previous version's fixture to a valid current state — stateVersion is 0, so there is nothing to migrate

interaction
  ok   a repeated invocation runs the action once — times run: 1
  ok   a stale state write is refused — STALE_REVISION
  ok   an action the host never accepted is refused — ACTION_UNKNOWN
  ok   the definition declares its sizing, which is what pin and detach depend on — compact: true, expanded: true
  n/a  keyboard reachability — needs a rendered frame
  n/a  touch target size — needs a rendered frame
  n/a  detach keeps one live owner — needs a window that can be detached and re-attached; run the dev host's real detach/reattach and pass its facts with --frames
  n/a  a spoken action and the same click agree — needs a rendered frame and a voice session, and a voice session needs a provider account

rendering
  ok   the required fixtures are present — present: default, empty, error, compact
  ok   a text fallback is declared — textFallback: 61 characters
  n/a  the narrow layout — needs a rendered frame at a known viewport
  n/a  the compact layout — needs a rendered frame at a known viewport
  n/a  the expanded layout — needs a rendered frame at a known viewport
  n/a  the loading state — needs a rendered frame at a known viewport
  n/a  the read-only state — needs a rendered frame at a known viewport
  n/a  reduced motion — needs a rendered frame at a known viewport

20 passed, 0 failed, 10 need the dev host
The checks marked n/a are not verified by this command: they need a rendered frame.

packed com.example.clark-widget-2odddg@0.1.0
  sha256:14d19fc0b76c52385d1aeccdd58b8218060051d05b4d90147f7eba1db0c4ed05
  C:\Users\admin\AppData\Local\Temp\clark-widget-2OdDdg\dist\artifact.json
The checks marked n/a are not verified by this command: they need a rendered frame.Refusing to publish a package that fails conformance.version 0.1.0 was already packed with a different digest.
A version whose bytes changed is a different package wearing the same number; bump the version.
prepared the directory entry for com.example.clark-widget-2odddg@0.1.0  risk lane: isolated-ui  digest: sha256:14d19fc0b76c52385d1aeccdd58b8218060051d05b4d90147f7eba1db0c4ed05  C:\Users\admin\AppData\Local\Temp\clark-widget-2OdDdg\dist\directory-entry.jsonSubmitting needs a directory account; a local path needs none. ✓ packages/widget-cli/test/conformance.spec.ts (35 tests) 831ms
created a form widget package in C:\Users\admin\AppData\Local\Temp\clark-devhost-42szwi
next: clark widget test C:\Users\admin\AppData\Local\Temp\clark-devhost-42szwi
created a form widget package in C:\Users\admin\AppData\Local\Temp\clark-devhost-u8JYbH
next: clark widget test C:\Users\admin\AppData\Local\Temp\clark-devhost-u8JYbH
 ✓ packages/conversation-client/test/inbox-model.spec.ts (42 tests) 14ms
 ✓ packages/widget-cli/test/dev-host.spec.ts (40 tests) 943ms
 ✓ packages/widget-host/test/seams.spec.ts (42 tests) 86ms
 ✓ apps/runtime/test/project-finder.spec.ts (31 tests) 1547ms
 ✓ packages/core/test/execution-policy.spec.ts (34 tests) 78ms
 ✓ apps/worker/test/worker.spec.ts (29 tests) 121ms
 ✓ apps/runtime/test/update-checks.spec.ts (26 tests) 1124ms
 ✓ apps/runtime/test/command-policy.spec.ts (27 tests) 211ms
 ✓ apps/runtime/test/task-approval-decide.spec.ts (7 tests) 466ms
 ✓ apps/runtime/test/notice-operations.spec.ts (17 tests) 992ms
 ✓ apps/runtime/test/composer-references.spec.ts (20 tests) 1042ms
 ✓ packages/core/test/preference-registry.spec.ts (33 tests) 940ms
widget action: could not settle eff_munycr1bb8924939 in the effect ledger (the disk is full)
 ✓ apps/runtime/test/package-install-capability-approval.spec.ts (17 tests) 1118ms
 ✓ apps/runtime/test/mini-app-data.spec.ts (25 tests) 1177ms
 ✓ apps/runtime/test/mini-app-compose.spec.ts (16 tests) 763ms
 ✓ apps/runtime/test/effect-reconciliation.spec.ts (13 tests) 680ms
 ✓ apps/runtime/test/open-interfaces.spec.ts (23 tests) 1425ms
 ✓ packages/contracts/test/calendar-view.spec.ts (25 tests) 791ms
   ✓ times without an offset (3)
     ✓ places the same rows on the same days whatever timezone the reading process is in 769ms
 ✓ apps/runtime/test/automations.spec.ts (12 tests) 1761ms
   ✓ a task set up in the conversation (7)
     ✓ says once, in the inbox and its conversation, when a run that came due was refused 314ms
   ✓ quieting an automation's notices (1)
     ✓ quiets that one automation, and never another automation or a reminder 854ms
 ✓ apps/runtime/test/artifact-broker.spec.ts (31 tests) 1789ms
 ✓ packages/core/test/mini-app-ownership.spec.ts (12 tests) 302ms
 ✓ apps/runtime/test/api.spec.ts (39 tests) 2132ms
   ✓ a command runs only when the user approves the one that was displayed (5)
     ✓ runs it on approval, and appends the output with its evidence 334ms
 ✓ apps/runtime/test/inbox.spec.ts (40 tests) 2174ms
   ✓ what is waiting for the person (13)
     ✓ finds what is open at the end of a conversation longer than a timeline page, and can decide it 454ms
stdout | packages/core/test/execution-policy-parity.spec.ts > no tuple is looser than the legacy policy it replaced > holds for every surface, category, intent and boundary
legacy-vs-canonical tuples evaluated: 1120 over 10 legacy configurations

 ✓ packages/core/test/execution-policy-parity.spec.ts (9 tests) 141ms
 ✓ packages/core/test/automation.spec.ts (22 tests) 520ms
 ✓ apps/runtime/test/voice-gateway.spec.ts (43 tests) 2502ms
   ✓ a lease whose peer cannot be reached (2)
     ✓ is kept while the peer keeps answering, so a live session is never ended for being quiet 688ms
 ✓ apps/runtime/test/app-intents.spec.ts (21 tests) 927ms
 ✓ apps/runtime/test/package-lifecycle-route.spec.ts (13 tests) 967ms
 ✓ packages/contracts/test/xy-charts.spec.ts (31 tests) 30ms
 ✓ apps/runtime/test/calendar-views.spec.ts (23 tests) 1024ms
 ✓ apps/runtime/test/status-cards.spec.ts (22 tests) 1066ms
 ✓ apps/runtime/test/input-primitives.spec.ts (20 tests) 924ms
 ✓ apps/runtime/test/view-tool.spec.ts (12 tests) 16ms
 ✓ packages/core/test/execution-policy-migration.spec.ts (20 tests) 455ms
 ✓ apps/runtime/test/mini-app-actions.spec.ts (11 tests) 662ms
 ✓ apps/runtime/test/peer-notices.spec.ts (12 tests) 3758ms
   ✓ a paired Clark's notice (5)
     ✓ is recorded once in the other node's inbox, under the sender's name, however often it is sent 585ms
     ✓ is taken only under a decision of the receiving node's owner, and is refused whole when it brings anything else 564ms
     ✓ holds one peer to its rate and to its own share of the inbox, and a refusal past the rate is final 645ms
   ✓ a paired node that cannot be reached (7)
     ✓ is told once per outage, after a while, and the notice goes when the node answers again 365ms
 ✓ apps/runtime/test/widget-semantic.spec.ts (14 tests) 1196ms
 ✓ packages/core/test/install-from-source.spec.ts (20 tests) 460ms
 ✓ apps/runtime/test/theme-routes.spec.ts (16 tests) 1301ms
 ✓ apps/runtime/test/j1-journey.spec.ts (20 tests) 606ms
 ✓ packages/voice-adapters/test/gemini-live.spec.ts (30 tests) 21ms
 ✓ packages/contracts/test/artifact-viewers.spec.ts (35 tests) 32ms
 ✓ packages/contracts/test/activity-timeline.spec.ts (25 tests) 761ms
   ✓ grouping by day (7)
     ✓ groups by the same days whatever timezone the reading process is in 734ms
 ✓ apps/runtime/test/peers.spec.ts (10 tests) 1615ms
 ✓ apps/runtime/test/worker-command-broker.spec.ts (22 tests) 2412ms
   ✓ stopping a task stops what it started on the host (1)
     ✓ ends a real command the task's worker is still running 1578ms
 ✓ apps/runtime/test/github-polling.spec.ts (10 tests) 579ms
 ✓ packages/conversation-client/test/orb-profile.spec.ts (32 tests) 21ms
 ✓ packages/conversation-client/test/styles.spec.ts (16 tests) 57ms
 ✓ apps/runtime/test/workflow-executor.spec.ts (21 tests) 1441ms
   ✓ a run (14)
     ✓ ends a step still running at the total deadline as uncertain, with the arguments it was sent 615ms
     ✓ promises no inbox question when the ledger could not hold the call 405ms
     ✓ says a read that did not finish changed nothing, and asks nobody about it 404ms
 ✓ apps/runtime/test/activity-timeline.spec.ts (31 tests) 1731ms
 ✓ apps/runtime/test/browser-task-tool.spec.ts (15 tests) 688ms
 ✓ packages/core/test/widget-lifecycle.spec.ts (18 tests) 385ms
 ✓ packages/conversation-client/test/chart-layout.spec.ts (40 tests) 86ms
 ✓ packages/contracts/test/composition-graph.spec.ts (16 tests) 23ms
 ✓ packages/core/test/surface-snapshot.spec.ts (10 tests) 394ms
 ✓ packages/signal-sources/test/github.spec.ts (18 tests) 55ms
 ✓ packages/conversation-client/test/widget-artifacts.spec.ts (21 tests) 47ms
 ✓ packages/storage/test/artifact-refs.spec.ts (20 tests) 777ms
 ✓ apps/runtime/test/delegated-artifacts.spec.ts (18 tests) 467ms
 ✓ apps/runtime/test/artifact-transfer.spec.ts (13 tests) 517ms
 ✓ apps/runtime/test/task-browser.spec.ts (20 tests) 7069ms
   ✓ a lost submit in a real browser (1)
     ✓ leaves one unknown row, an uncertain task and one notice, and sends the form once 6126ms
 ✓ apps/runtime/test/notice-action-surfaces.spec.ts (33 tests) 5776ms
   ✓ installing a notice's update is the person's own decision (6)
     ✓ installs from the person's press, dismisses the notice, and says what the update runs without 2112ms
     ✓ installs one update once: a second press while the first is installing is told so 2146ms
 ✓ packages/core/test/package-sources.spec.ts (22 tests) 13ms
 ✓ packages/contracts/test/status-cards.spec.ts (17 tests) 33ms
 ✓ packages/design-tokens/test/identity-protected.spec.ts (16 tests) 769ms
   ✓ identity (3)
     ✓ writes only closed names and host-written values for every recipe and effect at every bound 730ms
 ✓ packages/storage/test/peer-delivery-state.spec.ts (13 tests) 343ms
 ✓ apps/runtime/test/peer-skip.spec.ts (13 tests) 6117ms
   ✓ a message given up on, to a peer that takes skips (7)
     ✓ is skipped, so what follows is delivered, and each owner is told once, with the skip audited on both sides 881ms
     ✓ settles, as uncertain, the task whose result was lost on its way back 530ms
     ✓ gives up on a hand-over queued behind an unreachable peer on its own schedule, even while the one ahead waits out its backoff, and settles it as not run 526ms
     ✓ tells and audits a skip only once it has read the peer's answer, so a crash or a lost answer cannot lose either 622ms
   ✓ the receiving side of a skip (2)
     ✓ tells its owner about at most 30 skips a minute from one peer, and still takes and audits the rest 822ms
   ✓ a message given up on, to a peer too old to take a skip (2)
     ✓ keeps today's behaviour, sends no skip, and tells the owner once that the pairing is stuck until that device updates 832ms
     ✓ frees itself once that device is updated: its next refusal says it takes skips, and what was lost is skipped 1087ms
 ✓ packages/conversation-client/test/orb.spec.ts (17 tests) 15ms
 ✓ packages/core/test/consent.spec.ts (21 tests) 424ms
 ✓ apps/runtime/test/model-router.spec.ts (23 tests) 9ms
 ✓ apps/runtime/test/package-install-legacy-grant-resolution.spec.ts (8 tests) 473ms
 ✓ apps/runtime/test/action-widget.spec.ts (59 tests) 7912ms
   ✓ an invoke button (15)
     ✓ promises no inbox question when the ledger could not record the call as unknown 1091ms
     ✓ ends a call past the binding's deadline as uncertain: into the ledger, recorded, and never sent again 1061ms
     ✓ reports a read that ran out of time plainly and frees the press, because nothing changed 1052ms
   ✓ a workflow button (6)
     ✓ ends a step past the total deadline as uncertain, into the ledger 1050ms
     ✓ says a read step that ran out of time changed nothing, and opens no ledger entry for it 1055ms
 ✓ apps/runtime/test/compose-layout.spec.ts (13 tests) 711ms
 ✓ packages/core/test/hardening.spec.ts (22 tests) 548ms
 ✓ apps/runtime/test/control-app-tool.spec.ts (20 tests) 908ms
 ✓ apps/runtime/test/task-dispatch.spec.ts (10 tests) 1080ms
   ✓ dispatching a task runs a worker (7)
     ✓ runs a real worker child process, which honestly reports not-verified and fails the task 670ms
 ✓ apps/runtime/test/xy-charts.spec.ts (20 tests) 923ms
 ❯ apps/desktop/test/security.spec.ts (29 tests | 1 failed) 18ms
   ✓ the renderer cannot reach the host (4)
     ✓ turns Node integration off in every embedding 2ms
     ✓ isolates the context and sandboxes the renderer 0ms
     ✓ refuses to build a window with no preload path, rather than building an unisolated one 1ms
     ✓ does not enable the webview tag or experimental features 0ms
   ✓ the content security policy leaves no execution primitive (3)
     ✓ defaults to denying everything 0ms
     ✓ allows no inline or evaluated script 0ms
     ✓ refuses to be framed and refuses to load plugins 0ms
   ✓ the dev policy is the only one that allows inline code (2)
     ✓ keeps inline code out when the app and node are served normally 0ms
     ✓ allows inline script and style, and the hot-reload socket, for a dev server 0ms
   ✓ a dev server is accepted only on loopback in an unpackaged app (3)
     ✓ accepts loopback http 0ms
     ✓ refuses any address off this machine or not plain http 0ms
     ✓ refuses every dev server in a packaged app 0ms
   ✓ a notification carries only an inbox target to the renderer (2)
     ✓ keeps a target that names one kind of inbox item and an id 0ms
     ✓ drops anything else, so a page cannot use a notification to send the renderer somewhere 0ms
   ✓ openExternal only opens https (3)
     ✓ accepts an https URL 0ms
     ✓ refuses every scheme that turns a link into a code path or a local file read 0ms
     ✓ refuses input that is not a URL at all 0ms
   ❯ IPC is answered only for the shell document (sender validation) (8)
     ✓ allows the loaded shell document on an allowlisted channel 1ms
     ✓ refuses a channel that is not on the allowlist 0ms
     ✓ refuses a call from a nested frame, which is how a widget would reach host methods 0ms
     ✓ refuses a call from a document that is not the one the shell loaded 0ms
     ✓ refuses a call whose frame has been destroyed 0ms
     ✓ a refused channel is still refused after compact mode exists 0ms
     ✓ a detached window cannot minimize or take over the screen of the conversation window 0ms
     × allowlists exactly the channels the bridge uses 8ms
   ✓ a credential prompt has to explain itself (4)
     ✓ accepts a request that states a real purpose 0ms
     ✓ refuses a purpose too short to consent to 0ms
     ✓ refuses a request with no usable identity 0ms
     ✓ refuses input that is not a request object 0ms
 ✓ apps/desktop/test/file-bridge.spec.ts (19 tests | 2 skipped) 993ms
   ✓ writing a file whole (6)
     ✓ leaves the original as it was and removes its temporary file when the write cannot finish 850ms
 ✓ apps/runtime/test/effect-notices.spec.ts (9 tests) 421ms
 ✓ apps/runtime/test/work-recovery.spec.ts (14 tests) 558ms
 ✓ packages/conversation-client/test/theme.spec.ts (20 tests) 11ms
 ✓ apps/runtime/test/composition-graph.spec.ts (9 tests) 480ms
 ✓ apps/runtime/test/preflight.spec.ts (25 tests) 38ms
 ✓ packages/contracts/test/artifacts.spec.ts (24 tests) 19ms
 ✓ packs/google-calendar/test/connector.spec.ts (6 tests) 473ms
   ✓ writing through the connector (3)
     ✓ reports a write that timed out as unknown, not as failed 325ms
 ✓ packages/contracts/test/table-view.spec.ts (29 tests) 69ms
 ✓ apps/runtime/test/github-signals.spec.ts (11 tests) 2846ms
   ✓ what a delivery starts (5)
     ✓ refuses to start work in a checkout that is not a clone of the repository the signal is about 698ms
     ✓ starts work in a clone of that repository, whichever way its remote is written 1202ms
     ✓ asks for a token only a task's git and gh, and the repository poller, can receive, when the automation will push 478ms
 ✓ apps/runtime/test/terminal-sessions.spec.ts (15 tests | 13 skipped) 7ms
 ✓ apps/runtime/test/artifact-viewers.spec.ts (31 tests) 1289ms
 ✓ packages/conversation-client/test/appearance.spec.ts (14 tests) 485ms
 ✓ apps/runtime/test/package-files-route.spec.ts (14 tests) 860ms
 ✓ apps/runtime/test/autonomy-settings.spec.ts (13 tests) 484ms
 ✓ packages/core/test/package-manifest.spec.ts (15 tests) 85ms
 ✓ packages/integration-sdk/test/token-exchange.spec.ts (8 tests) 167ms
 ✓ apps/runtime/test/attachment-routes.spec.ts (15 tests) 762ms
 ✓ apps/runtime/test/stop-turn.spec.ts (8 tests) 577ms
 ✓ apps/runtime/test/activity-route.spec.ts (12 tests) 518ms
 ✓ packages/conversation-client/test/inbox-notify-decide.spec.ts (22 tests) 11ms
 ✓ apps/runtime/test/pack-load.spec.ts (9 tests) 1131ms
   ✓ the node's own path to loading the pack (1)
     ✓ stops reporting the pack as one no worker has loaded 783ms
 ✓ apps/runtime/test/conductor-routing.spec.ts (7 tests) 370ms
 ✓ apps/runtime/test/webhook-signals.spec.ts (7 tests) 398ms
 ✓ apps/runtime/test/conversation-delete.spec.ts (15 tests) 518ms
 ✓ apps/runtime/test/attachment-in-turn.spec.ts (12 tests) 633ms
 ✓ apps/runtime/test/run-command.spec.ts (17 tests) 4881ms
   ✓ running a real command (5)
     ✓ reports the exit code and the output 470ms
     ✓ kills a command that overruns its deadline instead of holding the turn open 1942ms
     ✓ does not hand the command the node's own keys 309ms
     ✓ stops one running command by its work id and reports it as stopped, not timed out 1764ms
     ✓ caps the output and says that it did 368ms
 ✓ packages/design-tokens/test/appearance.spec.ts (19 tests) 38ms
 ✓ packages/core/test/package-uninstall.spec.ts (11 tests) 239ms
 ✓ apps/runtime/test/work-supervisor.spec.ts (15 tests) 60ms
 ✓ packages/conversation-client/test/host-cards.spec.ts (16 tests) 15ms
 ✓ packages/conversation-client/test/table-model.spec.ts (19 tests) 50ms
 ✓ apps/runtime/test/peer-signals.spec.ts (6 tests) 1625ms
   ✓ a paired Clark's news (6)
     ✓ reaches the standing request the person set up on the other node, under the sender's name 462ms
     ✓ cannot pass itself off as another source, or as another node 343ms
 ✓ packages/conversation-client/test/question-card.spec.ts (13 tests) 11ms
 ✓ packages/conversation-client/test/app-intents.spec.ts (15 tests) 9ms
 ✓ packages/conversation-client/test/card-state-matrix.spec.ts (7 tests) 10ms
 ✓ apps/runtime/test/attachments.spec.ts (15 tests) 683ms
 ✓ apps/runtime/test/hybrid-rank.spec.ts (13 tests) 512ms
 ✓ packages/integration-sdk/test/calendar-api.spec.ts (9 tests) 229ms
 ✓ packages/pi-adapter/test/personal-instructions-wiring.spec.ts (9 tests) 9ms
 ✓ packages/pi-adapter/test/scoped-fs.spec.ts (30 tests) 11944ms
   ✓ the scoped tools (15)
     ✓ returns no match from a search that has to stop its matching thread 5051ms
     ✓ refuses a find glob that cannot finish matching, instead of holding the event loop 1092ms
     ✓ matches a glob, and a pattern with no wildcard as a substring 847ms
     ✓ reads the characters a glob names, not the regular expression it would be as a pattern 1165ms
     ✓ does not follow a symlink out of the root while searching 1990ms
     ✓ lists a directory, naming what each symlink resolves to 870ms
 ✓ packages/capability-host/test/quarantine.spec.ts (11 tests | 1 skipped) 982ms
   ✓ unpacking an artifact (3)
     ✓ extracts a real tarball and reports what it found 329ms
   ✓ the isolated build (3)
     ✓ reports a build that fails, and one that does not finish 452ms
 ✓ apps/runtime/test/service-container.spec.ts (15 tests) 11ms
 ✓ packages/core/test/installed-widgets.spec.ts (11 tests) 281ms
 ✓ packages/contracts/test/themes.spec.ts (15 tests) 23ms
 ✓ packages/core/test/widget-state-patch.spec.ts (14 tests) 285ms
 ✓ packages/conversation-client/test/desktop-compact.spec.ts (21 tests) 8ms
 ✓ packages/core/test/effect-reconciliation.spec.ts (12 tests) 280ms
 ✓ packages/contracts/test/surface-composition.spec.ts (14 tests) 22ms
 ✓ apps/desktop/test/detached-window.spec.ts (17 tests) 33ms
 ✓ packages/contracts/test/interactions.spec.ts (23 tests) 8ms
 ✓ packages/conversation-client/test/artifact-viewers.spec.ts (12 tests) 30ms
 ✓ apps/runtime/test/session-search-hosts.spec.ts (6 tests) 6ms
 ✓ apps/runtime/test/expiry-notices.spec.ts (8 tests) 420ms
 ✓ apps/runtime/test/artifact-server.spec.ts (8 tests) 986ms
 ✓ packages/conversation-client/test/markdown.spec.tsx (17 tests) 73ms
 ✓ packages/conversation-client/test/task-cards.spec.ts (17 tests) 12ms
 ✓ apps/runtime/test/schema-patterns.spec.ts (70 tests) 27ms
 ✓ apps/runtime/test/preference-routes.spec.ts (15 tests) 763ms
 ✓ packages/contracts/test/notice-actions.spec.ts (12 tests) 23ms
 ✓ apps/runtime/test/terminal-tools.spec.ts (16 tests) 144ms
 ✓ apps/runtime/test/read-attachment-tool.spec.ts (11 tests) 632ms
 ✓ packages/core/test/onboarding.spec.ts (18 tests) 471ms
 ✓ apps/runtime/test/browser-effects.spec.ts (11 tests) 6309ms
   ✓ a submit that really timed out (1)
     ✓ writes an unknown row and one notice pointing at the task, and answers nothing twice 5766ms
 ✓ apps/runtime/test/vector-index.spec.ts (14 tests) 565ms
[calibration] BLOCKED: jev-vs-rank calibration was not produced. Set CLARKCANT_JEV_LIVE=1 and TYPESAFE_API_KEY to run it. The default is "rank" until it is measured.
 ✓ apps/runtime/test/jev-calibration-live.spec.ts (3 tests | 2 skipped) 47ms
 ✓ apps/runtime/test/interactions.spec.ts (13 tests) 13ms
 ✓ packages/conversation-client/test/notice-action-surfaces.spec.ts (14 tests) 9ms
 ✓ apps/runtime/test/fs-search.spec.ts (12 tests) 38ms
 ✓ packages/conversation-client/test/input-modality.spec.ts (21 tests) 9ms
 ✓ packages/core/test/widget-frame.spec.ts (10 tests) 103ms
 ✓ apps/runtime/test/node-tools.spec.ts (11 tests) 2028ms
   ✓ the command tool obeys the execution policy (5)
     ✓ runs a command the default policy allows, with no card anywhere 359ms
     ✓ runs under Autonomous as well, which is the same run with the judgment layer switched off 669ms
     ✓ runs even when the node has nowhere to write the trail, because a record is not a permission 624ms
 ✓ apps/cli/test/cli.spec.ts (15 tests) 839ms
 ✓ packages/contracts/test/widget-props.spec.ts (13 tests) 25ms
 ✓ apps/runtime/test/frame-grant-lifetime.spec.ts (7 tests) 516ms
 ✓ apps/runtime/test/installed-widgets-route.spec.ts (7 tests) 473ms
 ✓ packages/conversation-client/test/mini-app-helpers.spec.ts (13 tests) 31ms
 ✓ packages/conversation-client/test/action-messages.spec.ts (11 tests) 9ms
 ✓ apps/runtime/test/widget-state-route.spec.ts (8 tests) 548ms
 ✓ tools/test/platform-skipped-tests.spec.ts (19 tests) 14ms
 ✓ apps/runtime/test/suggestions.spec.ts (12 tests) 478ms
 ✓ apps/runtime/test/table-export-route.spec.ts (12 tests) 565ms
 ✓ packages/contracts/test/widget-semantic.spec.ts (14 tests) 32ms
 ✓ packages/conversation-client/test/api-stream.spec.ts (13 tests) 36ms
 ✓ apps/runtime/test/session-store.spec.ts (8 tests) 323ms
 ✓ packages/core/test/installed-themes.spec.ts (9 tests) 149ms
 ✓ apps/runtime/test/peer-transport-answer.spec.ts (5 tests) 604ms
 ✓ apps/runtime/test/app-intents-appearance.spec.ts (8 tests) 228ms
 ✓ packages/contracts/test/form-fields.spec.ts (25 tests) 13ms
 ✓ apps/runtime/test/session-preview.spec.ts (8 tests) 27ms
 ✓ apps/runtime/test/portable-runtime.spec.ts (9 tests | 5 skipped) 4ms
 ✓ packages/contracts/test/preferences.spec.ts (17 tests) 27ms
 ✓ packages/pi-adapter/test/sdk-compatibility.spec.ts (7 tests) 1919ms
   ✓ the extension seam this feature depends on (6)
     ✓ exports the loader, the session factory and the extension runtime 1527ms
 ✓ packages/conversation-client/test/appearance-actions.spec.ts (10 tests) 11ms
created a blank widget package in C:\Users\admin\AppData\Local\Temp\clark-widget-zhkdj1
next: clark widget test C:\Users\admin\AppData\Local\Temp\clark-widget-zhkdj1
 ✓ packages/storage/test/outbox-backoff.spec.ts (10 tests) 243ms

schema
  ok   the default fixture matches the props schema — fixtures/default.json validates
  ok   malformed props are rejected — required property "title" is missing
  ok   additional props are rejected when the schema forbids them — unknown property "conformanceExtraKey"
  ok   the state version is declared — stateVersion is 0

security
  ok   a forged nonce is rejected — NONCE_MISMATCH
  ok   a message from another window is rejected — SOURCE_MISMATCH
  ok   no secret, shell or approval surface is reachable — none of readAllSecrets, shell, queryCoreDb, disableCSP, approve, installAnything, registerSidebar, grant, fs, readFile, writeFile is on the author API
  ok   the entry reaches no origin the manifest does not declare — the entry names no origin
  ok   a host-owned card cannot be minted by a widget — question-card is recognised as host-owned

lifecycle
  ok   the widget mounts on init — status after init: ready, mount handlers fired: 1
  ok   a props update reaches the widget — subscribers notified: 1
  ok   suspend and resume are delivered — suspended: conformance, resumed: 1
  ok   dispose stops listening — disposed: 1, listener present: false
  ok   the declared state migration carries the previous version's fixture to a valid current state — stateVersion is 0, so there is nothing to migrate

interaction
  ok   a repeated invocation runs the action once — times run: 1
  ok   a stale state write is refused — STALE_REVISION
  ok   an action the host never accepted is refused — ACTION_UNKNOWN
  ok   the definition declares its sizing, which is what pin and detach depend on — compact: true, expanded: true
  n/a  keyboard reachability — needs a rendered frame
  n/a  touch target size — needs a rendered frame
  n/a  detach keeps one live owner — needs a window that can be detached and re-attached; run the dev host's real detach/reattach and pass its facts with --frames
  n/a  a spoken action and the same click agree — needs a rendered frame and a voice session, and a voice session needs a provider account

rendering
  ok   the required fixtures are present — present: default, empty, error, compact
  ok   a text fallback is declared — textFallback: 61 characters
  n/a  the narrow layout — needs a rendered frame at a known viewport
  n/a  the compact layout — needs a rendered frame at a known viewport
  n/a  the expanded layout — needs a rendered frame at a known viewport
  n/a  the loading state — needs a rendered frame at a known viewport
  n/a  the read-only state — needs a rendered frame at a known viewport
  n/a  reduced motion — needs a rendered frame at a known viewport

20 passed, 0 failed, 10 need the dev host
The checks marked n/a are not verified by this command: they need a rendered frame.

packed com.example.clark-widget-zhkdj1@0.1.0
  sha256:3b6474985187032948b211baebf4c522bb51dd512b6954989b22b294cdefc859
  C:\Users\admin\AppData\Local\Temp\clark-widget-zhkdj1\dist\artifact.json
prepared the directory entry for com.example.clark-widget-zhkdj1@0.1.0  risk lane: isolated-ui  digest: sha256:3b6474985187032948b211baebf4c522bb51dd512b6954989b22b294cdefc859  C:\Users\admin\AppData\Local\Temp\clark-widget-zhkdj1\dist\directory-entry.jsonSubmitting needs a directory account; a local path needs none.
schema
  ok   the default fixture matches the props schema — fixtures/default.json validates
  ok   malformed props are rejected — required property "title" is missing
  ok   additional props are rejected when the schema forbids them — unknown property "conformanceExtraKey"
  ok   the state version is declared — stateVersion is 0

security
  ok   a forged nonce is rejected — NONCE_MISMATCH
  ok   a message from another window is rejected — SOURCE_MISMATCH
  ok   no secret, shell or approval surface is reachable — none of readAllSecrets, shell, queryCoreDb, disableCSP, approve, installAnything, registerSidebar, grant, fs, readFile, writeFile is on the author API
  ok   the entry reaches no origin the manifest does not declare — the entry names no origin
  ok   a host-owned card cannot be minted by a widget — question-card is recognised as host-owned

lifecycle
  ok   the widget mounts on init — status after init: ready, mount handlers fired: 1
  ok   a props update reaches the widget — subscribers notified: 1
  ok   suspend and resume are delivered — suspended: conformance, resumed: 1
  ok   dispose stops listening — disposed: 1, listener present: false
  ok   the declared state migration carries the previous version's fixture to a valid current state — stateVersion is 0, so there is nothing to migrate

interaction
  ok   a repeated invocation runs the action once — times run: 1
  ok   a stale state write is refused — STALE_REVISION
  ok   an action the host never accepted is refused — ACTION_UNKNOWN
  ok   the definition declares its sizing, which is what pin and detach depend on — compact: true, expanded: true
  n/a  keyboard reachability — needs a rendered frame
  n/a  touch target size — needs a rendered frame
  n/a  detach keeps one live owner — needs a window that can be detached and re-attached; run the dev host's real detach/reattach and pass its facts with --frames
  n/a  a spoken action and the same click agree — needs a rendered frame and a voice session, and a voice session needs a provider account

rendering
  ok   the required fixtures are present — present: default, empty, error, compact
  ok   a text fallback is declared — textFallback: 61 characters
  n/a  the narrow layout — needs a rendered frame at a known viewport
  n/a  the compact layout — needs a rendered frame at a known viewport
  n/a  the expanded layout — needs a rendered frame at a known viewport
  n/a  the loading state — needs a rendered frame at a known viewport
  n/a  the read-only state — needs a rendered frame at a known viewport
  n/a  reduced motion — needs a rendered frame at a known viewport

20 passed, 0 failed, 10 need the dev host
The checks marked n/a are not verified by this command: they need a rendered frame.

packed com.example.clark-widget-zhkdj1@0.2.0
  sha256:b36268ded6166306908431e262b45637548994eb53bebb436e22a8d468b34b2d
  C:\Users\admin\AppData\Local\Temp\clark-widget-zhkdj1\dist\artifact.json
Refusing to publish com.example.clark-widget-zhkdj1@0.2.0:
  com.example.clark-widget-zhkdj1.main@1: stateSchema changed but stateVersion is still 0; raise it and add a migration step

schema
  ok   the default fixture matches the props schema — fixtures/default.json validates
  ok   malformed props are rejected — required property "title" is missing
  ok   additional props are rejected when the schema forbids them — unknown property "conformanceExtraKey"
  ok   the state version is declared — stateVersion is 1

security
  ok   a forged nonce is rejected — NONCE_MISMATCH
  ok   a message from another window is rejected — SOURCE_MISMATCH
  ok   no secret, shell or approval surface is reachable — none of readAllSecrets, shell, queryCoreDb, disableCSP, approve, installAnything, registerSidebar, grant, fs, readFile, writeFile is on the author API
  ok   the entry reaches no origin the manifest does not declare — the entry names no origin
  ok   a host-owned card cannot be minted by a widget — question-card is recognised as host-owned

lifecycle
  ok   the widget mounts on init — status after init: ready, mount handlers fired: 1
  ok   a props update reaches the widget — subscribers notified: 1
  ok   suspend and resume are delivered — suspended: conformance, resumed: 1
  ok   dispose stops listening — disposed: 1, listener present: false
  ok   the declared state migration carries the previous version's fixture to a valid current state — fixtures/state-v0.json migrates to a state stateSchema accepts (1 operation)

interaction
  ok   a repeated invocation runs the action once — times run: 1
  ok   a stale state write is refused — STALE_REVISION
  ok   an action the host never accepted is refused — ACTION_UNKNOWN
  ok   the definition declares its sizing, which is what pin and detach depend on — compact: true, expanded: true
  n/a  keyboard reachability — needs a rendered frame
  n/a  touch target size — needs a rendered frame
  n/a  detach keeps one live owner — needs a window that can be detached and re-attached; run the dev host's real detach/reattach and pass its facts with --frames
  n/a  a spoken action and the same click agree — needs a rendered frame and a voice session, and a voice session needs a provider account

rendering
  ok   the required fixtures are present — present: default, empty, error, compact
  ok   a text fallback is declared — textFallback: 61 characters
  n/a  the narrow layout — needs a rendered frame at a known viewport
  n/a  the compact layout — needs a rendered frame at a known viewport
  n/a  the expanded layout — needs a rendered frame at a known viewport
  n/a  the loading state — needs a rendered frame at a known viewport
  n/a  the read-only state — needs a rendered frame at a known viewport
  n/a  reduced motion — needs a rendered frame at a known viewport

20 passed, 0 failed, 10 need the dev host
The checks marked n/a are not verified by this command: they need a rendered frame.

packed com.example.clark-widget-zhkdj1@0.3.0
  sha256:4590e9fcf075520dfcacf32ca62dc5271d7fac7c3eaec0f9c8d79c42f2e4e312
  C:\Users\admin\AppData\Local\Temp\clark-widget-zhkdj1\dist\artifact.json
prepared the directory entry for com.example.clark-widget-zhkdj1@0.3.0  risk lane: isolated-ui  digest: sha256:4590e9fcf075520dfcacf32ca62dc5271d7fac7c3eaec0f9c8d79c42f2e4e312  C:\Users\admin\AppData\Local\Temp\clark-widget-zhkdj1\dist\directory-entry.jsonSubmitting needs a directory account; a local path needs none. ✓ packages/widget-cli/test/version-rules.spec.ts (12 tests) 129ms
 ✓ apps/runtime/test/package-install-local-chain.spec.ts (2 tests) 213ms
 ✓ apps/runtime/test/task-dispatch-project-work-pack.spec.ts (2 tests) 856ms
   ✓ dispatching project.code.change@1 through the project-work pack (2)
     ✓ runs a real worker child that calls write_project_file, and settles the task succeeded with evidence 854ms
 ✓ packages/contracts/test/text-rules.spec.ts (36 tests) 12ms
 ✓ apps/desktop/test/window-mode.spec.ts (14 tests) 8ms
 ✓ packages/conversation-client/test/app-intents-agent-control.spec.ts (15 tests) 7ms
 ✓ packages/storage/test/secrets.spec.ts (11 tests) 394ms
 ✓ packages/node-link/test/node-link.spec.ts (12 tests) 299ms
 ✓ apps/runtime/test/widget-voice-action.spec.ts (10 tests) 9ms
 ✓ apps/runtime/test/task-dispatch-browser.spec.ts (15 tests) 16470ms
   ✓ a task dispatched to the browser (8)
     ✓ runs a worker whose lost submit becomes an unknown effect, an uncertain task and one notice 521ms
   ✓ a task dispatched to the browser, on the node's model (7)
     ✓ works the task on the node's model, offered use_browser and nothing else, with the key over stdin only 2593ms
     ✓ stops the worker at its token budget after the turn that crossed it, before asking the model again 2441ms
     ✓ ends the provider call when the person stops the task 4126ms
     ✓ keeps the key out of what comes back even when the provider's error quotes it and the quote is cut short 3251ms
     ✓ says the model answered without using the browser when it replied in words and called nothing 2566ms
 ✓ packages/capability-host/test/secrets.spec.ts (12 tests) 8ms
 ✓ packages/core/test/control-sessions.spec.ts (11 tests) 7ms
 ✓ apps/runtime/test/peer-transport-backoff.spec.ts (5 tests) 156ms
 ↓ apps/runtime/test/hybrid-calibration-live.spec.ts (1 test | 1 skipped)
 ✓ packages/contracts/test/attachments.spec.ts (12 tests) 11ms
 ✓ packages/conversation-client/test/activity-timeline.spec.ts (10 tests) 21ms
 ✓ packages/conversation-client/test/attachments.spec.ts (11 tests) 557ms
   ✓ encoding the bytes (2)
     ✓ encodes a file larger than the argument limit without overflowing the stack 547ms
 ✓ apps/runtime/test/secret-broker.spec.ts (11 tests) 411ms
 ✓ packages/pi-adapter/test/personal-instructions.spec.ts (12 tests) 6ms
 ✓ packages/contracts/test/composition-layout.spec.ts (10 tests) 21ms
 ✓ packages/contracts/test/execution.spec.ts (14 tests) 11ms
 ✓ packages/voice-adapters/test/voice-capabilities.spec.ts (9 tests) 11ms
 ✓ apps/runtime/test/service-host.spec.ts (29 tests) 18290ms
   ✓ what the manifest declares against what the service lists (2)
     ✓ never registers a tool the manifest did not declare 654ms
     ✓ registers a declared tool the service does not list as not loaded, with that as the reason 422ms
   ✓ a tool whose input schema could stall the node (1)
     ✓ is registered as not loaded, says why, and cannot stall the node on an input made to backtrack 385ms
   ✓ a service that is not running (9)
     ✓ does not come back after a stop that landed while it was waiting to restart 1498ms
     ✓ marks the capabilities down when the service is killed, and brings it back with its data 2090ms
     ✓ reports a call whose service exits mid-call as sent, so the caller keeps it as one that may have run 522ms
     ✓ leaves a service that keeps dying stopped, and says so 1488ms
     ✓ marks the capabilities as no longer installed when the package is uninstalled 391ms
   ✓ a call its caller bounds (5)
     ✓ ends a call past the caller's deadline as timed out, says it may have run, and tells the service to drop it 3718ms
     ✓ withdraws a call when the caller's signal aborts, as cancelled rather than as nothing having happened 2804ms
     ✓ never gives a call more time than the host's own ceiling, and answers a quick one as usual 1268ms
     ✓ reports a call withdrawn before it was written as not sent, so no caller treats it as one that may have run 443ms
 ✓ packages/conversation-client/test/installed-entries.spec.ts (8 tests) 7ms
 ✓ packages/voice-adapters/test/gemini-tts.spec.ts (11 tests) 9ms
 ✓ apps/runtime/test/selector-budget-wiring.spec.ts (2 tests) 134ms
 ✓ apps/runtime/test/memory.spec.ts (11 tests) 400ms
 ✓ packages/contracts/test/models.spec.ts (16 tests) 17ms
 ✓ apps/runtime/test/background-sessions.spec.ts (8 tests) 9ms
 ✓ apps/runtime/test/terminal-gateway.spec.ts (3 tests | 1 skipped) 50ms
 ✓ packages/conversation-client/test/voice-transport.spec.ts (3 tests) 5ms
 ✓ apps/runtime/test/project-session.confinement.spec.ts (4 tests) 73ms
[jev-live] BLOCKED: live provider evidence was not produced. Set CLARKCANT_JEV_LIVE=1 and TYPESAFE_API_KEY to run it.
 ✓ apps/runtime/test/jev-live.spec.ts (4 tests | 3 skipped) 3ms
 ✓ packages/widget-catalog/test/timeline-schemas.spec.ts (4 tests) 49ms
 ✓ packages/pi-adapter/test/env-file.spec.ts (18 tests) 8ms
 ✓ packages/pi-adapter/test/session-persistence.spec.ts (8 tests) 118ms
 ✓ packages/core/test/widget-document.spec.ts (10 tests) 13ms
 ✓ packages/core/test/app-intents-widgets.spec.ts (15 tests) 8ms
 ✓ packages/conversation-client/test/app-intents-appearance.spec.ts (6 tests) 14ms
 ✓ examples/note-widget/test/editor.spec.ts (9 tests) 195ms
 ✓ apps/runtime/test/peer-transport-skip.spec.ts (3 tests) 113ms
 ✓ packages/conversation-client/test/input-primitives.spec.ts (7 tests) 21ms
 ✓ packages/storage/test/migration-split-theme-preference.spec.ts (7 tests) 177ms
 ✓ apps/runtime/test/capability-waiters.spec.ts (3 tests) 174ms
 ✓ packages/conversation-client/test/locale.spec.ts (15 tests) 41ms
 ✓ packages/core/test/task-cancel.spec.ts (6 tests) 170ms
 ✓ apps/runtime/test/task-dispatch-scoped.spec.ts (8 tests) 16744ms
   ✓ a repository is worked on in the task's own worktree (3)
     ✓ runs a real worker whose command commits on the task's branch, and leaves the person's tree alone 4206ms
     ✓ gives each repository of one task its own worktree, and takes them all away when it ends 9348ms
     ✓ refuses a repository task on a node that keeps no place for worktrees, rather than working in place 1186ms
   ✓ stopping a task stops the commands its worker started on the host (1)
     ✓ ends a long command when the task is stopped 1680ms
 ✓ packages/execution-supervisor/test/native-binding.spec.ts (8 tests) 5ms
 ✓ packages/core/test/directory-index.spec.ts (10 tests) 31ms
 ✓ packages/signal-sources/test/webhook.spec.ts (7 tests) 16ms
 ✓ packages/conversation-client/test/theme-contrast-lines.spec.ts (6 tests) 30ms
 ✓ packages/conversation-client/test/orb-theme-default.spec.ts (9 tests) 9ms
 ✓ examples/media-widget-contract/test/fixture.spec.ts (9 tests) 204ms
 ✓ packages/conversation-client/test/artifact-block.spec.ts (6 tests) 8ms
 ✓ apps/runtime/test/model-bootstrap-routing.spec.ts (7 tests) 395ms
 ✓ packages/conversation-client/test/composer.spec.ts (11 tests) 7ms
 ✓ apps/runtime/test/stop-and-audit.spec.ts (5 tests) 2218ms
   ✓ stopping a command that is running (2)
     ✓ kills it, settles the promise, and does not report success 2058ms
 ✓ packages/conversation-client/test/wake-word.spec.ts (10 tests) 6ms
 ✓ examples/mcp-app-fixture/test/bridge.spec.ts (9 tests) 12ms
 ✓ packages/conversation-client/test/widget-lab.spec.ts (14 tests) 19ms
 ✓ packages/conversation-client/test/frame-grant-renewal.spec.ts (7 tests) 27ms
 ✓ packages/core/test/task-cancel-peer.spec.ts (4 tests) 106ms
 ✓ packages/design-tokens/test/motion.spec.ts (12 tests) 7ms
 ✓ packages/mcp-adapters/test/streamable-http.spec.ts (10 tests) 2809ms
   ✓ failure modes (4)
     ✓ settles a request the server never answers 1268ms
 ✓ packages/widget-cli/test/cli-usage.spec.ts (9 tests) 19ms
 ✓ packages/core/test/install-consent.spec.ts (7 tests) 6ms
created a form widget package in C:\Users\admin\AppData\Local\Temp\clark-widget-detach-QmAfUu
next: clark widget test C:\Users\admin\AppData\Local\Temp\clark-widget-detach-QmAfUu
 ✓ packages/storage/test/audit.spec.ts (7 tests) 262ms
 ✓ packages/conversation-client/test/composer-trigger.spec.ts (11 tests) 7ms
 ✓ packages/conversation-client/test/voice-overlay.spec.ts (12 tests) 9ms
 ✓ apps/runtime/test/background-route.spec.ts (5 tests) 250ms
 ✓ packages/core/test/widget-state-migration.spec.ts (10 tests) 11ms
 ✓ apps/runtime/test/request-secret.spec.ts (5 tests) 187ms
 ✓ packages/conversation-client/test/terminal-socket.spec.ts (8 tests) 7ms
 ✓ apps/runtime/test/action-speech.spec.ts (5 tests) 5ms
 ✓ apps/runtime/test/session-recap.spec.ts (4 tests) 8ms
 ✓ apps/runtime/test/session-preview-real.spec.ts (3 tests) 8466ms
   ✓ a frame captured from a real browser (3)
     ✓ is served back from the route under its own digest, with the size it was captured at 692ms
     ✓ changes digest when the page changes, and keeps both frames addressable 5253ms
     ✓ is not served to a caller without this node's token, and a digest it does not hold is not found 2312ms
 ✓ packages/conversation-client/test/settings-rows.spec.ts (7 tests) 7ms
 ✓ packages/pi-adapter/test/skills.spec.ts (5 tests) 1579ms
   ✓ the real adapter's skills (4)
     ✓ lists personal and project skills with a revision and no path 1481ms
 ✓ packages/design-tokens/test/stylesheet.spec.ts (9 tests) 13ms
 ✓ packages/core/test/package-fetch.spec.ts (46 tests) 25482ms
   ✓ fetchGitArtifact (9)
     ✓ refuses a ref that is not a full commit id, before any fetch 367ms
     ✓ refuses a non-https, non-local scheme outright, even one that names a real transport (C1) 343ms
     ✓ fetches a commit-pinned ref from a local repository and computes a stable digest over it 652ms
     ✓ keys the cache by url as well as ref, so two remotes sharing a commit id do not collide (M3) 1452ms
     ✓ refuses a commit that does not exist at the remote 712ms
     ✓ times out rather than hanging forever on an unreachable remote (H4) 2332ms
     ✓ changes digest when the tree changes, so a mutated commit is never mistaken for the pinned one 3980ms
   ✓ N2: expectedDigest is checked before a fetch becomes servable (4)
     ✓ refuses a git fetch whose bytes do not match expectedDigest, and leaves no servable cache directory (staged, before rename) 2978ms
     ✓ refuses a git cache hit whose already-cached bytes do not match a newly expected digest, without deleting the cache 2861ms
     ✓ succeeds when expectedDigest matches what was actually fetched 3883ms
     ✓ [fails on the old behaviour] a digest mismatch used to be caught only by the caller, after the rename already made the bytes servable 2292ms
   ✓ H1: a fetched git artifact actually serves a file end to end (1)
     ✓ resolves the entry's source to the cache path and reads a file out of it, once fetched 2241ms
   ✓ fetchNpmArtifact (19)
     ✓ N3: tar hardening (9)
       ✓ aborts a download that exceeds the size cap while streaming, even when the server sends no content-length at all 334ms
 ✓ packages/conversation-client/test/surfaces.spec.ts (5 tests) 7ms
 ✓ packages/widget-cli/test/detach-real-browser.e2e.spec.ts (1 test) 1219ms
   ✓ detach against a real browser (1)
     ✓ moves the lease to a real detached window and back, with never more than one owner 1217ms
 ✓ packages/conversation-client/test/status-cards.spec.ts (6 tests) 11ms
 ✓ packages/storage/test/notice-operations-storage.spec.ts (3 tests) 113ms
 ✓ packages/conversation-client/test/calendar-layout.spec.ts (6 tests) 15ms
 ✓ packages/contracts/test/app-intents-agent-control.spec.ts (11 tests) 9ms
 ✓ packages/storage/test/migration-backfill-granted-capabilities.spec.ts (3 tests) 74ms
 ✓ packages/design-tokens/test/contrast.spec.ts (14 tests) 8ms
 ✓ packages/core/test/lease-sweep.spec.ts (4 tests) 93ms
 ✓ packages/widget-catalog/test/xy-chart-schemas.spec.ts (5 tests) 27ms
 ✓ apps/runtime/test/pdf-text.spec.ts (7 tests) 6ms
 ✓ apps/runtime/test/work-tools.spec.ts (6 tests) 8ms
 ✓ packages/conversation-client/test/widget-library-state.spec.ts (13 tests) 8ms
 ✓ packages/widget-catalog/test/status-card-schemas.spec.ts (7 tests) 26ms
 ✓ apps/runtime/test/attachment-server.spec.ts (4 tests) 265ms
 ✓ apps/desktop/test/preload-subscriptions.spec.ts (3 tests) 7ms
 ✓ packages/contracts/test/app-intents-appearance.spec.ts (5 tests) 10ms
 ✓ packages/conversation-client/test/memory-groups.spec.ts (6 tests) 7ms
 ✓ packages/core/test/continuation.spec.ts (8 tests) 5ms
 ✓ packages/widget-catalog/test/fixtures.spec.ts (7 tests) 83ms
 ✓ packages/pi-adapter/test/scoped-fs-canonicalisation.spec.ts (2 tests) 43ms
 ✓ apps/runtime/test/model-generation.spec.ts (3 tests) 9ms
 ✓ packages/conversation-client/test/package-provenance.spec.ts (8 tests) 7ms
 ✓ tools/test/tsconfig-coverage.spec.ts (11 tests) 8ms
 ✓ packages/core/test/package-files.spec.ts (6 tests) 40ms
 ✓ apps/runtime/test/worker-process.spec.ts (7 tests) 3916ms
   ✓ the runtime starts a worker of its own (7)
     ✓ runs it in a separate process and returns the record it produced 830ms
     ✓ reports the capability it withheld when the brief does not grant it 635ms
     ✓ registers the granted capability instead of withholding it 658ms
     ✓ reports a run that demonstrated nothing as a result rather than as an error 692ms
     ✓ refuses a brief the worker cannot run, naming it as the worker's failure 545ms
     ✓ refuses to run a real model it was given no model for, rather than letting one be picked 550ms
 ✓ apps/runtime/test/lease-sweeper.spec.ts (5 tests) 120ms
 ✓ packages/conversation-client/test/action-button.spec.ts (5 tests) 9ms
 ✓ packages/conversation-client/test/live-reply.spec.ts (5 tests) 6ms
 ✓ packages/mcp-adapters/test/stdio.spec.ts (19 tests) 9623ms
   ✓ the handshake (2)
     ✓ refuses to start twice on the same transport 372ms
   ✓ calling a tool (3)
     ✓ surfaces a JSON-RPC error for an unknown tool 317ms
   ✓ failure modes each settle (6)
     ✓ times out a server that stops answering, instead of hanging 2796ms
     ✓ refuses to send anything after it was closed 348ms
   ✓ liveness (4)
     ✓ fails a ping to a server that stopped answering, within the ceiling 2688ms
 ✓ apps/runtime/test/model-catalogue.spec.ts (6 tests) 7ms
 ✓ apps/runtime/test/credential-vault.spec.ts (4 tests) 158ms
 ✓ packages/core/test/browser-press.spec.ts (6 tests) 6ms
 ✓ packages/widget-cli/test/dev-shell-convergence.spec.ts (6 tests) 5ms
 ✓ apps/runtime/test/pi-session-watch.spec.ts (6 tests) 2682ms
   ✓ watching a session (2)
     ✓ lists sessions by their first question, and follows appended messages 2657ms
 ✓ packages/conversation-client/test/orb-selection.spec.ts (5 tests) 7ms
 ✓ packs/browser-playwright/test/injection.spec.ts (6 tests) 9655ms
   ✓ instruction text on a page is data, not authority (6)
     ✓ does not grant a capability the page asks for 2050ms
     ✓ does not talk the driver out of requiring approval 681ms
     ✓ still applies approval when it was granted, so the refusal above was about approval 1805ms
     ✓ does not widen the secret-entry suspension the page asks it to ignore 2282ms
     ✓ does not act on a link the page supplies, because the driver acts on references it issued 571ms
     ✓ carries the injected text as page content rather than as an instruction 2122ms
 ✓ packages/widget-catalog/test/registry.spec.ts (9 tests) 8ms
 ✓ packages/core/test/frame-grant.spec.ts (5 tests) 5ms
 ✓ apps/runtime/test/turn-control.spec.ts (2 tests) 82ms
 ✓ tools/test/setup.spec.ts (12 tests) 9ms
 ✓ apps/runtime/test/env-file-flag.spec.ts (2 tests) 2641ms
   ✓ the node's .env file (2)
     ✓ is read by default 1283ms
     ✓ is not read with --no-env-file 1357ms
 ✓ packages/design-tokens/test/contrast-themes.spec.ts (35 tests) 17ms
 ✓ apps/runtime/test/voice-live.spec.ts (5 tests) 4ms
 ✓ tools/test/issue-closing-keywords.spec.ts (10 tests) 7ms
 ✓ apps/runtime/test/identity.spec.ts (3 tests) 138ms
 ✓ apps/desktop/test/appearance-tokens.spec.ts (4 tests) 17ms
 ✓ packages/storage/test/widget-semantic.spec.ts (3 tests) 114ms
 ✓ packages/widget-catalog/test/preview.spec.ts (9 tests) 5ms
 ✓ packages/conversation-client/test/statusline.spec.ts (8 tests) 5ms
 ✓ apps/runtime/test/install-approval.spec.ts (13 tests) 20402ms
   ✓ an install the policy asks about waits in the inbox (2)
     ✓ is listed under waiting with the package, the version, what it asks for and the artifact it is about 1109ms
     ✓ is not listed once the directory no longer lists the artifact it asked about 1747ms
   ✓ the person's answer (3)
     ✓ installs on Approve, through the same install, once 2817ms
     ✓ installs nothing on Deny 1515ms
     ✓ installs nothing once the approval has expired, decided late or swept 1535ms
   ✓ settling an expired install approval (1)
     ✓ leaves one the person decided between the sweep's read and its write as they decided it 1527ms
   ✓ an approval stays bound to the artifact it was given for (4)
     ✓ does not install a listing republished after the ask, and leaves the question as it was 1663ms
     ✓ refuses a decision made on another digest than the one asked about 1412ms
     ✓ has the install itself refuse an approval given for another artifact 1095ms
     ✓ still honours a policy that now forbids installing, even after Approve 1294ms
   ✓ machine surfaces cannot install or decide an install (3)
     ✓ lists both routes as person-only, matching the raw segments 1245ms
     ✓ refuses a request the MCP endpoint or the relay forwarded, and installs nothing 2320ms
     ✓ gives the model no way to install: the package tool lists, uninstalls, restores and rolls back only 1122ms
 ✓ apps/runtime/test/embeddings-local.spec.ts (4 tests | 1 skipped) 621ms
   ✓ loading (2)
     ✓ returns a reason, not an exception, when the model cannot be used 616ms
 ✓ packages/widget-catalog/test/calendar-schemas.spec.ts (4 tests) 24ms
 ✓ apps/runtime/test/ask-user-question.spec.ts (3 tests) 8ms
 ✓ packages/contracts/test/composer-references.spec.ts (18 tests) 12ms
HEAD is now at 549a47e initial
 ✓ apps/runtime/test/bind-failure.spec.ts (1 test) 1430ms
   ✓ a node that cannot bind its port (1)
     ✓ names the port and says what to do, instead of a stack trace 1428ms
 ✓ packages/conversation-client/test/fill-message.spec.ts (6 tests) 6ms
 ✓ packages/widget-cli/test/catalog-target.spec.ts (5 tests) 4ms
 ✓ apps/runtime/test/e2e-fixture-digests.spec.ts (5 tests) 27ms
 ✓ packages/host-adapters/test/vault.spec.ts (3 tests) 91ms
 ✓ apps/runtime/test/process-tree.spec.ts (14 tests | 4 skipped) 12289ms
   ✓ the lifetime a stop on Windows sweeps within (3)
     ✓ ends at the child's exit, not at a stop that comes later 326ms
   ✓ stopping a command a .cmd shim started, on Windows (3)
     ✓ ends the command a shim left running when the stop comes after the shim has gone 3774ms
     ✓ ends the command a shim left running when the shim goes while the stop is under way 4338ms
     ✓ leaves alone a process the shim did not start 3457ms
 ✓ packages/conversation-client/test/surface-graph.spec.ts (3 tests) 4ms
 ✓ packages/conversation-client/test/catalog-coverage.spec.ts (5 tests) 4ms
 ✓ packages/widget-cli/test/dev-lease.spec.ts (4 tests) 103ms
 ✓ packages/contracts/test/app-intents-widgets.spec.ts (8 tests) 8ms
 ✓ apps/runtime/test/terminal-output.spec.ts (7 tests) 5ms
 ✓ apps/runtime/test/child-env.spec.ts (5 tests) 6ms
 ✓ packages/conversation-client/test/desktop-notify-status.spec.ts (3 tests) 5ms
 ✓ apps/desktop/test/launch-args.spec.ts (4 tests) 5ms
 ✓ packages/conversation-client/test/media-embed.spec.ts (4 tests) 4ms
 ✓ packages/conversation-client/test/selection.spec.ts (7 tests) 6ms
 ✓ packages/conversation-client/test/suggestions.spec.ts (4 tests) 4ms
 ✓ packages/conversation-client/test/follow-bottom.spec.ts (5 tests) 4ms
 ✓ packages/widget-catalog/test/search.spec.ts (10 tests) 9ms
 ✓ apps/runtime/test/peer-delegation.spec.ts (27 tests) 24234ms
   ✓ a task one Clark hands to another (17)
     ✓ runs on the other node within what its owner allowed, and settles the sender's own task 1033ms
     ✓ stops a worker already running on the other node when the sender stops the task 2173ms
     ✓ stops a worker running here when this node's owner stops the task 1659ms
     ✓ settles the sender's task when a hand-over or a stop could not be delivered 3258ms
     ✓ counts a hand-over and its answer once, however often they arrive 1126ms
     ✓ takes an answer only from the node the task was handed to, and a grant only from its own sender 431ms
     ✓ tells the sender while its task waits for the other node's owner, and settles it on their decision 1299ms
     ✓ withdraws an automation's own grant on both nodes when it is paused or removed, and writes a new one to resume 1128ms
     ✓ holds a run on the other node to the sender's time limit and run count 2485ms
   ✓ what the other node can run, asked before a task is handed to it (4)
     ✓ shows the sender a node that cannot run the task yet, warns at setup, and says at once that a hand-over waits there 931ms
     ✓ tells a peer only what its owner allowed that peer, and nothing to a peer it allowed nothing 351ms
   ✓ the files a task handed to another Clark brings back (6)
     ✓ brings a file the task wrote back to the sender within its owner's byte budget, and shows it with the result 1092ms
     ✓ fetches, when it starts again, a file it accepted and had not received, and says it arrived 961ms
     ✓ leaves on the running node a file larger than the sender's byte budget, stores no copy, and says why 992ms
     ✓ is offered no file when the sender's owner allowed no bytes, and the running node copies none 954ms
     ✓ keeps the files on the running node when its owner let none go back, though the sender asked, and says so 869ms
     ✓ offers nothing to a sender that has not said it takes files, and answers it as before 930ms
 ✓ apps/runtime/test/identifier-uniqueness.spec.ts (4 tests) 174ms
 ✓ apps/runtime/test/voice-answer.spec.ts (2 tests) 4ms
 ✓ packages/widget-catalog/test/fixture-schema.spec.ts (4 tests) 12ms
 ✓ apps/runtime/test/tool-catalogue.spec.ts (2 tests) 129ms
 ✓ packages/conversation-client/test/search-select.spec.ts (4 tests) 5ms
 ✓ packs/data-canvas/test/definitions.spec.ts (6 tests) 13ms
 ✓ packages/conversation-client/test/keep-mounted-frame.spec.ts (3 tests) 4ms
 ✓ apps/runtime/test/readiness.spec.ts (3 tests) 4ms
 ✓ packages/conversation-client/test/widget-appearance-disclosure.spec.ts (3 tests) 37ms
 ✓ packages/conversation-client/test/first-run.spec.ts (3 tests) 4ms
 ✓ packages/widget-sdk/test/dom-appearance.spec.ts (1 test) 21ms
 ✓ packages/conversation-client/test/package-change-listeners.spec.ts (3 tests) 37ms
 ✓ packages/conversation-client/test/host-card-entries.spec.ts (3 tests) 5ms
 ✓ tools/test/invariants-context.spec.ts (3 tests) 3ms
 ✓ packages/conversation-client/test/recent-effect-text.spec.ts (3 tests) 4ms
 ✓ packages/contracts/test/redaction.spec.ts (5 tests) 6ms
 ✓ apps/runtime/test/jev-stored-key.spec.ts (4 tests) 4ms
 ✓ packages/conversation-client/test/frame-height.spec.ts (3 tests) 4ms
 ✓ apps/runtime/test/directory-appearance.spec.ts (1 test) 16ms
 ✓ packages/conversation-client/test/pin-label.spec.ts (2 tests) 3ms
 ✓ packages/conversation-client/test/model-switch-shortcut.spec.ts (2 tests) 3ms
 ✓ apps/runtime/test/package-install-route.spec.ts (18 tests) 26396ms
   ✓ installing from the directory (6)
     ✓ installs a listed package and says what it verified 2316ms
     ✓ records the effect it performed without a card 2203ms
     ✓ leaves no executed-effect audit row when the fetch fails, unlike a fetch that succeeds 1207ms
     ✓ does not let a forged grantedCapabilities in the request body become authority (issue #93, P1) 2636ms
     ✓ asks first when the policy says to, and installs nothing 1555ms
     ✓ refuses on a node that refuses every effect, and installs nothing 1315ms
   ✓ what the route refuses, with the code the resolver already uses (6)
     ✓ refuses a package built for another platform, naming both sides 1528ms
     ✓ refuses an entry that publishes no digest 1166ms
     ✓ refuses a package needing a host API this node does not implement 1061ms
     ✓ refuses a package the directory does not list 1458ms
     ✓ says the directory is unconfigured rather than that the package is missing 1050ms
     ✓ refuses a request that does not say what to install 1373ms
   ✓ the frozen build input the route records (3)
     ✓ resolves the closure before installing, and reports what the lock covers 2143ms
     ✓ refuses a second install whose resolution is not the frozen one, naming the artifact 1759ms
     ✓ refuses an entry with no digest before it freezes anything 1180ms
   ✓ the frozen closure the install route consumes (3)
     ✓ hands back the artifact a build reads, and keeps its coverage claim honest 1029ms
     ✓ reports that a build would refuse the closure, and the runner really does 1021ms
     ✓ refuses a floating range before anything is frozen 395ms
Preparing worktree (new branch 'clarkcant/task-task_earlier')
 ✓ tools/test/scan-secret-history.spec.ts (5 tests) 7813ms
   ✓ secret scanning across reachable Git history (5)
     ✓ accepts clean history and scans repeated blobs only once 1987ms
     ✓ finds a deleted credential in docs and never prints its value 3084ms
     ✓ includes other refs, merge results, binary bytes and every credential category 1827ms
     ✓ fails closed for a shallow clone or a non-repository 904ms
 ✓ packs/browser-playwright/test/driver.spec.ts (12 tests) 16796ms
   ✓ a managed profile is a separate identity (2)
     ✓ refuses to navigate outside the declared origins 5562ms
   ✓ observation and action correlation (T53) (5)
     ✓ stamps element references and reports the viewport 1889ms
     ✓ refuses an observation it no longer retains 2960ms
     ✓ refuses an element reference that is no longer in the document 638ms
     ✓ applies a click on a real element and reports it as observed 1460ms
     ✓ invalidates the plan when the target version moves 546ms
   ✓ secret entry suspends capture and input (T56) (1)
     ✓ reports sensitive input once a password field has focus, and refuses input 1166ms
   ✓ local stop and human takeover outrank a plan (T59) (2)
     ✓ refuses every action after a stop, including navigation 562ms
     ✓ refuses input while a human has takeover 315ms
   ✓ consequential operations and unsupported operations (2)
     ✓ refuses an unapproved submit 1219ms
     ✓ refuses an operation it does not implement rather than substituting one 322ms
 ✓ tools/test/ci-test-scope.spec.ts (18 tests) 4830ms
   ✓ conservative documentation scope (18)
     ✓ skips runtime tests for a real prose-only commit and appends output 1897ms
     ✓ retains both sides of a source-to-documentation rename 1287ms
     ✓ keeps mixed documentation and code commits full 802ms
     ✓ keeps empty diffs and missing or invalid bases full 839ms
 ✓ packs/browser-playwright/test/click-answer.spec.ts (13 tests) 24016ms
   ✓ a click is judged by the answer to what it sent (13)
     ✓ calls a form POST the server never answers unknown, and blocks sending it again until the page is observed 5668ms
     ✓ calls a script's fetch the server never answers unknown 4909ms
     ✓ calls an answered submission applied, and the page it landed on a new document 2415ms
     ✓ calls a client error refused by the site, and a server error unknown 5040ms
     ✓ says a click nobody marked as submitting sent something, when it did 1065ms
     ✓ stops a link to an undeclared origin before anything is sent there 623ms
     ✓ stops a script taking the page to an undeclared origin, and says so 866ms
     ✓ opens no pop-up a script asks for, on any site 1315ms
     ✓ loads no frame from an undeclared origin 616ms
     ✓ reports a click that sent nothing as applied without waiting out the deadline 587ms
     ✓ names what each reference is and which of them submit 470ms
 ✓ packs/project-work/test/worktree.spec.ts (12 tests) 16189ms
   ✓ a lock records the repository, not just the path (T15) (5)
     ✓ reads the identity of a real repository 1774ms
     ✓ accepts a lock while nothing has moved 2287ms
     ✓ catches HEAD moving under a running task 2874ms
     ✓ catches the same path belonging to a different repository 1935ms
     ✓ does not treat a detached HEAD as a branch named HEAD 1732ms
   ✓ a dirty working tree is refused, never cleaned (T16) (7)
     ✓ refuses an uncommitted edit and names the file 1371ms
     ✓ refuses an untracked file too, because it is also work that exists nowhere else 802ms
     ✓ leaves the user's edit exactly as it was 879ms
     ✓ does not commit, checkout or reset anything while refusing 838ms
     ✓ allows a clean tree 758ms
     ✓ refuses on the lock before it even looks at the tree 685ms
 ✓ apps/runtime/test/service-container-engine.spec.ts (3 tests | 1 skipped) 14236ms
   ✓ a service container on a real engine (2)
     ✓ refuses the network and every write outside the private folder, and runs unprivileged 12888ms
     ✓ runs the notes package's service: a note is added, listed, and kept in the private folder 638ms
 ✓ apps/runtime/test/coding-journey.spec.ts (4 tests) 31377ms
   ✓ a labelled issue becomes a draft pull request (4)
     ✓ fixes, tests, commits, pushes and opens the pull request in the task's own worktree, and says so 12105ms
     ✓ reports a failing test as not done, and pushes nothing 7337ms
     ✓ stops the command it is running when the task is stopped, and says it stopped 7634ms
     ✓ calls a pull request it was stopped in the middle of unknown, and tells the person once 4299ms
Preparing worktree (new branch 'clarkcant/task-task_earlier')
 ✓ apps/runtime/test/worktree-sweep.spec.ts (6 tests) 18310ms
   ✓ the worktrees a stopped node left behind (6)
     ✓ removes a finished task's clean worktree and keeps its branch with what it committed 5026ms
     ✓ keeps a finished task's worktree holding uncommitted changes, and says where it is once 4565ms
     ✓ leaves the worktree of a task that is still open, and of one this node has never heard of 3077ms
     ✓ tidies each repository's worktree of a finished task, and says once where the kept ones are 3636ms
     ✓ takes a finished task's folder away once every worktree in it is gone 1749ms
 ✓ packs/project-work/test/managed-worktree.spec.ts (12 tests) 26406ms
   ✓ a task works in its own worktree, never in the person's tree (6)
     ✓ makes a worktree of HEAD under the node's directory, on a branch named for the task 4773ms
     ✓ leaves what the person has not committed exactly where it is 3449ms
     ✓ reuses the worktree a task already has, keeping what it did 4266ms
     ✓ gives each repository of one task its own worktree, even two that share a folder name 6802ms
     ✓ continues in the worktree a task made before tasks could name several repositories 919ms
   ✓ taking a finished task's worktree away (2)
     ✓ removes a clean worktree and keeps the branch with what the task committed 1038ms
     ✓ keeps a worktree holding changes nobody committed 831ms
   ✓ finding what a stopped node left behind (4)
     ✓ names each task's worktree with its repository, branch and whether it holds uncommitted changes 1598ms
     ✓ finds every repository's worktree of a task, and a task's worktree from before 1816ms
     ✓ takes a task's folder away only once nothing is left in it 576ms
 ✓ packs/browser-playwright/test/submit-once.spec.ts (4 tests) 29156ms
   ✓ a timed-out submit is not sent twice (4)
     ✓ reports the outcome as unknown, not as failed 5798ms
     ✓ refuses to resend the same action, so the submission count stays at one 5591ms
     ✓ allows the action again once the page has been observed 11503ms
     ✓ does not block a different action, because only the unknown one is suspect 6227ms

⎯⎯⎯⎯⎯⎯⎯ Failed Tests 1 ⎯⎯⎯⎯⎯⎯⎯

 FAIL  apps/desktop/test/security.spec.ts > IPC is answered only for the shell document (sender validation) > allowlists exactly the channels the bridge uses
AssertionError: expected [ 'desktop:attachWidget', …(22) ] to deeply equal [ 'desktop:attachWidget', …(21) ]

- Expected
+ Received

@@ -16,9 +16,10 @@
    "desktop:saveFile",
    "desktop:setCompactMode",
    "desktop:setFullScreen",
    "desktop:setKeepRunning",
    "desktop:setWindowMode",
+   "desktop:updateAppearance",
    "detached:bootstrap",
    "detached:intent",
    "detached:release",
  ]

 ❯ apps/desktop/test/security.spec.ts:252:38
    250|      * that distinction inside a payload would put the decision where …
    251|      */
    252|     expect([...IPC_CHANNELS].sort()).toEqual([
       |                                      ^
    253|       "desktop:attachWidget",
    254|       "desktop:closeWindow",

⎯⎯⎯⎯⎯⎯⎯⎯⎯⎯⎯⎯⎯⎯⎯⎯⎯⎯⎯⎯⎯⎯⎯⎯[1/1]⎯


 Test Files  1 failed | 371 passed | 1 skipped (373)
      Tests  1 failed | 4928 passed | 34 skipped (4963)
   Start at  17:18:20
   Duration  48.22s (tests 71%, import 21%, transform 8%)

    Isolate  373 workers spawned · ~217ms startup each (spawn + environment, per file)
             at least ~2.79s faster with isolate: false — reuses workers across files instead of one per file

[ELIFECYCLE] Test failed. See above for more details.
[ELIFECYCLE] Command failed with exit code 1.
[ELIFECYCLE] Command failed with exit code 1.
